event,n,lev,hedge,basket_ret_net,levered_ret,live
2021-02-13 10:00:00+00:00,5,0.6558852139551314,0.0,0.03757464905565562,0.024644656735157665,False
2021-02-20 22:00:00+00:00,5,0.801430107854187,0.0,-0.05136261531774618,-0.041163546333774434,False
2021-02-22 11:00:00+00:00,5,0.7997568852114885,0.0,-0.12313514362861308,-0.09847817892848885,False
2021-02-26 00:00:00+00:00,5,0.5522507293161316,0.0,0.07069355861114723,0.039040569300958755,False
2021-02-28 04:00:00+00:00,5,0.6956312539220212,0.0,0.11825306961019275,0.08226053109306644,False
2021-04-07 09:00:00+00:00,5,1.1342340666796296,0.0,0.011161859381392136,0.012660161157862577,False
2021-04-16 13:00:00+00:00,5,0.846089091623631,0.0,0.07456508476730321,0.06308870483760662,False
2021-04-22 20:00:00+00:00,5,0.7233248109983981,0.0,-0.05604247411168419,-0.04053691199471658,False
2021-04-25 20:00:00+00:00,5,0.7005084574746318,0.0,0.22442353931232323,0.15721058734467291,False
2021-05-12 23:00:00+00:00,5,0.6429951911073178,0.0,0.13895028324860945,0.08934436393185557,False
2021-05-17 03:00:00+00:00,5,0.865826132719758,0.0,0.030571644866540293,0.026469729045678424,False
2021-05-19 02:00:00+00:00,5,0.8919541253859748,0.0,-0.15154848827213432,-0.13517429931033823,False
2021-05-21 15:00:00+00:00,5,0.3338502827685343,0.0,-0.02005420081554008,-0.006695100612965027,False
2021-05-23 08:00:00+00:00,5,0.5594230075020635,0.0,0.2857188275825436,0.15983768582619007,False
2021-05-25 11:00:00+00:00,5,0.5366386435576153,0.0,0.22818170624246373,0.12245112132261797,False
2021-08-12 05:00:00+00:00,5,1.4859727603384512,0.0,0.026539030209939397,0.03943627597776919,False
2021-08-31 00:00:00+00:00,5,1.6246150144402975,0.0,0.09723548954689862,0.1579702362543441,False
2021-09-10 14:00:00+00:00,5,0.6059042123596807,0.0,0.10429174167047398,0.06319080559246783,False
2021-09-21 20:00:00+00:00,5,0.791738691176401,0.0,0.18331288859119083,0.14513590648895486,False
2021-09-24 09:00:00+00:00,5,0.9756088074563397,0.0,-0.009326948992472195,-0.009099453583751907,False
2021-11-18 16:00:00+00:00,5,0.6982594642294375,0.0,0.13407563351444055,0.09361958002401567,True
2022-01-05 19:00:00+00:00,5,1.412435415380649,0.0,-0.0802331324436655,-0.11332411775035932,True
2022-01-08 17:00:00+00:00,5,0.8987310596363491,0.0,0.033316012695121654,0.029942135392344745,True
2022-01-10 13:00:00+00:00,5,1.2819539700687148,0.0,0.05674844121125453,0.07274888950597881,True
2022-01-24 10:00:00+00:00,5,0.7865379237997365,0.0,0.07734205142883206,0.06083245655324602,True
2022-01-26 21:00:00+00:00,5,0.9283609615628233,0.0,-0.004238464199778601,-0.003934824700056064,True
2022-02-11 20:00:00+00:00,5,1.5841245494065423,0.0,0.006526793306065738,0.010339253505041024,True
2022-02-24 02:00:00+00:00,5,1.1962417261359581,0.0,0.057476114774881994,0.06875532674989328,True
2022-02-27 01:00:00+00:00,5,1.0569282847673798,0.0,0.024297020672763757,0.025680208384621765,True
2022-03-31 14:00:00+00:00,5,1.3729437749454687,0.0,-0.003020101061857259,-0.004146428952583124,True
2022-04-04 17:00:00+00:00,5,1.4312844546784456,0.0,-0.043340875603892305,-0.06203312150400334,True
2022-04-10 23:00:00+00:00,5,1.314528438361645,0.0,-0.013334775746803728,-0.01752894193834864,True
2022-04-21 20:00:00+00:00,5,1.82358416472424,0.0,-0.0011609687369753979,-0.002117124204488237,True
2022-04-25 00:00:00+00:00,5,1.9527929991755806,0.0,0.010985570556162848,0.0214525452740242,True
2022-04-26 14:00:00+00:00,5,1.6230874069197907,0.0,-0.009383617792127152,-0.015230431869750071,True
2022-04-30 23:00:00+00:00,5,1.2354464268809593,0.0,0.007699079571465916,0.009511800346839754,True
2022-05-05 14:00:00+00:00,5,1.3748875281437134,0.0,-0.05054524308413235,-0.06949402432336585,True
2022-05-07 22:00:00+00:00,5,1.3468882045423776,0.0,-0.053959806021021885,-0.07267782624910914,True
2022-05-09 16:00:00+00:00,5,1.4561423564416989,0.0,-0.049912750903665225,-0.07268007071735061,True
2022-06-15 05:00:00+00:00,5,0.7505788772753629,0.0,0.058669335572386586,0.04403596402441343,False
2022-06-18 08:00:00+00:00,5,1.101484089060969,0.0,0.11795614082519305,0.12992681232598513,True
2022-08-17 13:00:00+00:00,5,1.981896231569108,0.0,-0.05651529988210742,-0.11200745986234675,True
2022-08-29 00:00:00+00:00,5,1.4849164495177785,0.0,0.06280659381103489,0.0932625442881872,True
2022-08-30 16:00:00+00:00,5,1.9527921058183337,0.0,0.03346815763877422,0.06535635403328185,True
2022-09-21 21:00:00+00:00,5,1.29588095229806,0.0,0.055614856294623885,0.07207023293699696,True
2022-10-31 13:00:00+00:00,5,1.476649424600289,0.0,0.005613863567914802,0.008289708407345919,True
2022-11-11 16:00:00+00:00,5,0.5943742043219185,0.0,-0.025922190696164547,-0.01540748146931384,True
2022-12-19 18:00:00+00:00,5,1.032991110716103,0.0,0.012958238979872961,0.01338574567674367,True
2023-01-14 09:00:00+00:00,5,1.0835169664595485,0.0,0.021323805071834623,0.023104704584808986,True
2023-01-16 08:00:00+00:00,5,0.9628380093795883,0.0,0.030702203114302808,0.029561248130143113,True
2023-01-18 15:00:00+00:00,5,1.1648005338464835,0.0,-0.002323605434325414,-0.0027065368503508326,True
2023-01-22 20:00:00+00:00,5,1.5248395691820298,0.0,0.03772722804693509,0.05752797016152069,True
2023-01-24 22:00:00+00:00,5,1.1644669064367006,0.0,0.026790184756461687,0.031196283566224593,True
2023-02-02 21:00:00+00:00,5,1.5552552230309142,0.0,0.052480284242780284,0.08162023617473102,True
2023-02-05 12:00:00+00:00,5,0.8806662167424373,0.0,0.015352799966362473,0.013520692262779858,True
2023-02-09 03:00:00+00:00,5,1.1071269568125974,0.0,-0.062291999914708726,-0.06896515229934205,True
2023-03-11 07:00:00+00:00,5,0.9776272836827483,0.0,0.07047226254669599,0.06889560660850388,True
2023-03-15 15:00:00+00:00,5,0.8024233135232766,0.0,0.036967263559747957,0.02966339411750123,True
2023-04-19 08:00:00+00:00,5,1.7118059363009364,0.0,-0.04022281188904624,-0.06885364816638523,True
2023-04-21 19:00:00+00:00,5,1.4954108793266578,0.0,0.022294523766316042,0.03333947338955574,True
2023-04-26 19:00:00+00:00,5,1.869432615056198,0.0,0.05682303419161609,0.10622683340426062,True
2023-05-08 01:00:00+00:00,5,1.8960102974025095,0.0,-0.04474226913796344,-0.08483180301473318,True
2023-06-07 15:00:00+00:00,5,1.276792448289925,0.0,0.004435543289568678,0.0056632681761843405,True
2023-06-10 02:00:00+00:00,5,1.566799992307006,0.0,-0.09314751457848527,-0.14594352512498746,True
2023-06-14 20:00:00+00:00,5,1.5596332064983647,0.0,0.033815587748663445,0.052739913550074784,True
2023-10-04 00:00:00+00:00,5,2.017168981899111,0.0,0.018959962200445934,0.03824544764871916,True
2023-10-22 09:00:00+00:00,5,2.111073934272916,0.0,0.03740181930268478,0.07895800582428346,True
2023-10-24 06:00:00+00:00,5,1.0650369081328364,0.0,0.07128087355697874,0.07591676118213228,True
2023-10-26 11:00:00+00:00,5,1.0346161290216935,0.0,-0.005266595502292404,-0.005448904651704828,True
2023-10-31 15:00:00+00:00,5,1.5956800848405284,0.0,0.1024166758300237,0.1634242499775371,True
2023-11-02 15:00:00+00:00,5,1.3336044009391679,0.0,0.05970905820124348,0.07962826279311122,True
2023-11-05 13:00:00+00:00,5,1.8113161945088707,0.0,0.08510584671423302,0.15415359840087983,True
2023-11-07 02:00:00+00:00,5,1.9514431050789594,0.0,-0.00438539992467617,-0.008557858446023098,True
2023-11-09 16:00:00+00:00,5,1.2193261482770332,0.0,0.0521216163832291,0.06355324974653584,True
2023-11-12 00:00:00+00:00,5,1.2821326643373363,0.0,0.03180917786341788,0.040783585964404186,True
2023-11-13 22:00:00+00:00,5,1.0760192477563875,0.0,0.05781877248711176,0.06221411207777971,True
2023-11-17 15:00:00+00:00,5,1.2199710751545445,0.0,0.023976344360526647,0.029250446607787292,True
2023-11-21 22:00:00+00:00,5,1.1289797179943108,0.0,0.07726805355655038,0.08723406531424355,True
2023-12-12 17:00:00+00:00,5,1.0421876264328085,0.0,0.07561889757520732,0.07880907937737097,True
2023-12-18 01:00:00+00:00,5,0.53910690685683,0.0,-0.020360261038605842,-0.010976357351320425,True
2023-12-28 14:00:00+00:00,5,0.8674882854295333,0.0,0.03498606610902211,0.03035000250283989,True
2024-01-03 12:00:00+00:00,5,1.2149002105055644,0.0,0.041019241512084824,0.049834285147810437,True
2024-01-06 06:00:00+00:00,5,0.8677440643756935,0.0,0.03135115334009382,0.02720477722219861,True
2024-01-08 00:00:00+00:00,5,0.8990790871803551,0.0,0.09546162356973457,0.08582754937983164,True
2024-01-11 16:00:00+00:00,5,0.8626890345543609,0.0,-0.074730836133961,-0.06446947287584696,True
2024-01-23 09:00:00+00:00,5,1.7148224587739838,0.0,0.016207523928354096,0.02779302603345835,True
2024-02-16 16:00:00+00:00,5,1.2381167858455606,0.0,0.049889662203313145,0.06176922821408682,True
2024-02-20 15:00:00+00:00,5,1.1908758952868839,0.0,-0.015961488626028975,-0.01900815205763367,True
2024-02-24 01:00:00+00:00,5,0.7223117607390588,0.0,0.09951000235914642,0.07187724501518294,True
2024-02-28 18:00:00+00:00,5,1.0864430130423801,0.0,0.10827159420349544,0.11763091703334748,True
2024-03-03 07:00:00+00:00,5,0.6191248328477467,0.0,0.3545795389779059,0.21952899780092705,True
2024-03-05 16:00:00+00:00,5,0.3502502227628757,0.0,0.01097575808825777,0.0038442617154037188,True
2024-03-16 13:00:00+00:00,5,0.7998418051497972,0.0,-0.03915077755515615,-0.031314428592734256,True
2024-03-19 01:00:00+00:00,5,0.7804447607540094,0.0,0.052767533513819444,0.041182145068771984,True
2024-06-12 19:00:00+00:00,5,0.9859884488899253,0.0,-0.05000857085950805,-0.04930787321296826,True
2024-06-14 16:00:00+00:00,5,1.180384627702524,0.0,0.010627014230811005,0.012543964236425273,True
2024-06-18 01:00:00+00:00,5,1.1702176351214284,0.0,0.022013647267596803,0.025760758245884426,True
2024-07-08 00:00:00+00:00,5,1.030563044216659,0.0,0.08038620064344153,0.08284304764811624,True
2024-08-02 17:00:00+00:00,5,1.4161432478050313,0.0,-0.04001818596164197,-0.056671483838985376,True
2024-10-01 14:00:00+00:00,5,1.7709408709269812,0.0,-0.056188610918474866,-0.09950670755614116,True
2024-11-03 02:00:00+00:00,5,1.846443071710511,0.0,-0.001919507814969034,-0.0035442619060437543,True
2024-11-07 06:00:00+00:00,5,1.1438066398824553,0.0,-0.003033159240487926,-0.0034693476790909152,True
2024-11-10 20:00:00+00:00,5,1.050187493764214,0.0,0.19622831351585318,0.20607652077679228,True
2024-11-12 10:00:00+00:00,5,0.6184442641229836,0.0,-0.06333996586877415,-0.039172238581288925,True
2024-11-24 11:00:00+00:00,5,0.8023592577708404,0.0,-0.029790952708991326,-0.02390304670387249,True
2024-12-03 13:00:00+00:00,5,0.7255616074873854,0.0,0.006934202648814969,0.005031191220517475,True
2024-12-09 20:00:00+00:00,5,1.1015470266734553,0.0,-0.07507672610458511,-0.08270054441288312,True
2025-01-18 05:00:00+00:00,5,0.7814496930343238,0.0,0.03236408135056705,0.025290901436738504,True
2025-02-04 05:00:00+00:00,5,0.6566195726588863,0.0,0.012933442040994026,0.00849235118596597,True
2025-03-03 19:00:00+00:00,5,0.5843945370388238,0.0,0.037063812153226204,0.02165988934417856,True
2025-04-06 18:00:00+00:00,5,1.5358047790161415,0.0,0.0015058581138459373,0.0023127040877648237,True
2025-04-08 17:00:00+00:00,5,0.9526796094080521,0.0,0.10564548525000181,0.10064629962369585,True
2025-05-12 17:00:00+00:00,5,1.2481148490490888,0.0,0.040515456294267296,0.05056794261687438,True
2025-05-14 08:00:00+00:00,5,1.1484142591703166,0.0,-0.10096789642696495,-0.1159529719751582,True
2025-05-17 01:00:00+00:00,5,1.442080658605038,0.0,0.07231546424709108,0.10428473230877419,True
2025-05-18 19:00:00+00:00,5,1.5894774800066087,0.0,0.005808628507829816,0.009232684202919884,True
2025-05-23 12:00:00+00:00,5,1.201556991962214,0.0,-0.03169842918426078,-0.03808746922056764,True
2025-06-16 23:00:00+00:00,5,2.267179066853819,0.0,-0.04311469335042859,-0.09774873023791325,True
2025-06-20 16:00:00+00:00,5,1.2652703200695736,0.0,-0.031919117039470014,-0.04038631143286841,False
2025-06-22 15:00:00+00:00,5,2.4202452816483193,0.0,0.08898997937934192,0.2153775777068335,False
2025-07-22 04:00:00+00:00,5,1.8728762077018475,0.0,0.13070197782395437,0.24478862456605863,True
2025-07-28 14:00:00+00:00,5,1.8831574314530406,0.0,-0.02636096606505838,-0.0496418491456961,True
2025-07-31 14:00:00+00:00,5,1.1334483132867659,0.0,-0.05766647243789429,-0.06536196591792905,True
2025-08-18 02:00:00+00:00,5,1.4473201453770566,0.0,-0.055713518218858574,-0.08063529728798569,True
2025-09-25 17:00:00+00:00,5,1.7969512194238106,0.0,0.035429911908960054,0.06366582340888396,True
2025-10-09 08:00:00+00:00,5,1.226018469641971,0.0,-0.1674693792597913,-0.20532055207198016,True
2025-11-17 20:00:00+00:00,5,1.032887382128048,0.0,-0.01797357356792737,-0.01856467735006238,True
2025-11-19 18:00:00+00:00,5,0.8767276945848086,0.0,-0.09849791851808472,-0.08635585302376274,True
2025-12-15 15:00:00+00:00,5,2.267207307688788,0.0,-0.018325613920818284,-0.041547965799162596,True
2025-12-17 18:00:00+00:00,5,1.415648935601562,0.0,-0.04671229961739234,-0.06612821723286272,False
2026-01-18 23:00:00+00:00,5,1.1611318166161864,0.0,-0.06559801088126167,-0.07616793754096772,False
2026-01-29 15:00:00+00:00,5,0.8845973055241231,0.0,-0.1226948710184657,-0.10853555230456458,False
2026-01-31 14:00:00+00:00,5,0.9307350274212257,0.0,-0.07531158585199013,-0.07009513092308803,False
2026-02-03 17:00:00+00:00,5,1.067072546624043,0.0,-0.00434911839486789,-0.004640824841181149,False
2026-02-05 15:00:00+00:00,5,0.9755076489474375,0.0,0.08311780181066471,0.08108205143000059,False
2026-04-29 15:00:00+00:00,5,1.6609095783940713,0.0,-0.025886722387959193,-0.04299550516738967,False
2026-05-13 12:00:00+00:00,5,0.7252398626060332,0.0,-0.10743458199758973,-0.0779158414870686,False
2026-05-15 05:00:00+00:00,5,0.579202883684005,0.0,0.049078289737480366,0.028426286942227735,False
2026-05-17 23:00:00+00:00,5,1.0083889135512945,0.0,-0.006500779187587624,-0.006555313662208351,False
2026-05-22 19:00:00+00:00,5,0.7874109113730695,0.0,0.12252490955893439,0.09647745070170344,False
2026-05-26 17:00:00+00:00,5,0.5190767733832292,0.0,-0.10478174770042097,-0.054389771505790115,False
