total_return,cagr,max_dd,sharpe,cycles,cycle_winrate,cycle_pf,lookback,skip,n_side,rebal,use_resid
32.076027219151946,1.1849973571455434,-0.5465503695527623,1.4239813134498616,544,0.46691176470588236,1.4832206444744565,14,0,5,3,False
26.003030312842203,1.08818837664852,-0.5761227004883076,1.4156626828654226,544,0.4742647058823529,1.4859881101672403,14,0,5,3,True
7.474533267868443,0.6118920686857843,-0.701125116615392,1.031203224453786,233,0.47639484978540775,1.5315804170388208,14,0,5,7,False
9.500104085770522,0.6909432402834679,-0.5516578816945359,1.109562195541732,233,0.4678111587982833,1.617422199951881,14,0,5,7,True
3.321276161817865,0.3867310086320457,-0.48348775866824145,0.9252083917400559,544,0.4117647058823529,1.295507338643741,14,0,10,3,False
1.7198774694685546,0.250477639959757,-0.5472796264779212,0.734508026683948,544,0.40625,1.245813478801507,14,0,10,3,True
6.021882590078981,0.545585613829237,-0.3953667673567749,1.1820845429429052,233,0.44206008583690987,1.6565454379188544,14,0,10,7,False
2.0371524908156244,0.2816822864019868,-0.44555918216091495,0.8031533777018811,233,0.4248927038626609,1.4441518827200615,14,0,10,7,True
3.4227021886218125,0.3939367790307522,-0.5458423840630718,0.8240972689102821,544,0.4577205882352941,1.2476769578584994,14,2,5,3,False
7.240389229285729,0.6018346359156612,-0.5790819586687252,1.0537452056961412,544,0.47058823529411764,1.3458078338213348,14,2,5,3,True
11.979506336278938,0.7729469800254134,-0.5983075472839261,1.169931841680891,233,0.4721030042918455,1.6168485845730665,14,2,5,7,False
3.91628290621662,0.4272756899942194,-0.6542993273333519,0.878524859226722,233,0.463519313304721,1.4637646402441742,14,2,5,7,True
1.3831626795406624,0.2140988789139695,-0.4903088357661324,0.6511741088737697,544,0.40625,1.1968442880103503,14,2,10,3,False
0.29552511149469707,0.05954591313969737,-0.6347128091064591,0.3563566778985453,544,0.4025735294117647,1.1086472192469705,14,2,10,3,True
3.3099783873016397,0.3859202586823298,-0.41851244029108126,0.943000813024083,233,0.4291845493562232,1.4997320977197477,14,2,10,7,False
3.178436727879247,0.37635692162938894,-0.40228016349045415,0.9632478438404621,233,0.4034334763948498,1.5411241500512918,14,2,10,7,True
14.458336201983844,0.8435393508033588,-0.5745902957814031,1.194990164215889,544,0.45955882352941174,1.3841753144798719,30,0,5,3,False
7.264836153454494,0.6028950291207364,-0.5966891050051633,1.0437866828742492,544,0.46691176470588236,1.3488209341333177,30,0,5,3,True
25.121804482534344,1.0727680663573382,-0.5636503087203881,1.3651565312333331,233,0.5021459227467812,1.786367687803061,30,0,5,7,False
9.181638288738855,0.6793488398526661,-0.5362071466226734,1.1207011768954187,233,0.48068669527896996,1.6030610875937408,30,0,5,7,True
12.659024533345917,0.793273404456214,-0.5000258513586067,1.458955399167892,544,0.42830882352941174,1.5116981697500764,30,0,10,3,False
3.153339789978723,0.3745058391789917,-0.5283899983989699,0.9437386854446076,544,0.40808823529411764,1.3238631598566561,30,0,10,3,True
15.66296501019908,0.874704123495911,-0.39072534669739467,1.5214495119063731,233,0.4678111587982833,2.053979516257609,30,0,10,7,False
4.637768842092209,0.4716116880457384,-0.4369924914797423,1.0753157889144096,233,0.45493562231759654,1.696907818305155,30,0,10,7,True
3.6463460797845695,0.4093830663300082,-0.5946687081200808,0.834459003906255,544,0.43566176470588236,1.2516015651382282,30,2,5,3,False
4.818207658257916,0.48200511090238796,-0.5343004414855163,0.9215005889335947,544,0.45955882352941174,1.2987596155429102,30,2,5,3,True
3.664262287815614,0.4105953012519161,-0.5677482627247978,0.843869477776863,233,0.49356223175965663,1.4155405576883056,30,2,5,7,False
3.185848475358595,0.3769019403285856,-0.5573394917210011,0.8221455789318843,233,0.45493562231759654,1.4407933430952664,30,2,5,7,True
9.34154063814476,0.6852050752115841,-0.40068399501650753,1.3441089708453327,544,0.4430147058823529,1.4615132665685582,30,2,10,3,False
3.1652911453092027,0.37538841910980336,-0.4065958958482385,0.9643711385679682,544,0.4172794117647059,1.3326730585875686,30,2,10,3,True
8.207358586206908,0.6420352070816135,-0.41831168953414977,1.2661945810694997,233,0.41630901287553645,1.7502457972595287,30,2,10,7,False
6.849457560117509,0.5845365126020168,-0.46730242036782077,1.2510306359054604,233,0.4206008583690987,1.809415092337637,30,2,10,7,True
0.9208262629267487,0.15699019290951344,-0.6660452585369291,0.5512899081844236,544,0.4430147058823529,1.1589112530326076,60,0,5,3,False
-0.15566354290903417,-0.0370938144664289,-0.7387820632248177,0.2610977224699059,544,0.42830882352941174,1.0741742873774047,60,0,5,3,True
2.342399284608401,0.3093982197620133,-0.5247776866131225,0.715632471437318,233,0.4721030042918455,1.3922057386612985,60,0,5,7,False
0.7425391979463212,0.1320845291452557,-0.5158990962755795,0.512589355534352,233,0.44206008583690987,1.3000001422039098,60,0,5,7,True
3.16205087519402,0.3751493271837003,-0.5155308559493795,0.9087517298826162,544,0.41544117647058826,1.311123739249915,60,0,10,3,False
1.7031297708345008,0.24875341018515784,-0.4374926689205344,0.7239203670019262,544,0.39338235294117646,1.2555334652286427,60,0,10,3,True
2.0747989130678035,0.28521436114506793,-0.5219786868191643,0.7674198274157977,233,0.44206008583690987,1.4035572479696545,60,0,10,7,False
0.4606464487856621,0.08832466341513912,-0.48524093481160324,0.41455966491656865,233,0.3905579399141631,1.2059588615318717,60,0,10,7,True
-0.035785747268121004,-0.008107840227891683,-0.7371237530617482,0.3191013462532259,544,0.4209558823529412,1.087325523111215,60,2,5,3,False
-0.6997329881251885,-0.23567497554253658,-0.8503290008091531,-0.11646375792863695,544,0.4007352941176471,0.9685277103389575,60,2,5,3,True
0.9671816346093758,0.16317011417439775,-0.6173227160440891,0.551476897869383,233,0.48497854077253216,1.2932197680669817,60,2,5,7,False
0.44553785633659326,0.08579966323303712,-0.5342317226215569,0.44844257744098914,233,0.4291845493562232,1.2492655963922863,60,2,5,7,True
1.7259473256086584,0.25110051574478187,-0.4177007021996144,0.7100619905293603,544,0.40808823529411764,1.2333056297113298,60,2,10,3,False
1.12568670291145,0.18348165673104222,-0.5042102192532855,0.6074782082267322,544,0.3860294117647059,1.20847725518556,60,2,10,3,True
2.3017076602346727,0.3058201072692912,-0.3907585881143849,0.8056485357623132,233,0.43776824034334766,1.4256743782844872,60,2,10,7,False
0.7371528583874303,0.1313018488297013,-0.4670645103358224,0.5090288782392011,233,0.3948497854077253,1.2542292336730003,60,2,10,7,True
