events,paper_events,legs,total_return,cagr,max_dd,sharpe,exposure,leg_winrate,leg_pf,event_winrate,event_pf,avg_event,worst_event,best_event,z_thr,aftershock_gap,aftershock_win,n_picks,hold_hours,target_risk
88,88,352,0.44177594514817176,0.08409645165716428,-0.20399999244256228,0.5476488752852638,0.028789289578981806,0.5340909090909091,1.57450559961503,0.5340909090909091,1.487600862417659,0.004499672399648152,-0.09199049643997805,0.07918948754500695,2.0,24.0,72.0,3,12,0.06
88,88,352,0.63408930260336,0.11447125341641495,-0.32851519181118705,0.5247922047391483,0.028789289578981806,0.5340909090909091,1.57450559961503,0.5340909090909091,1.4582946300238715,0.006987085970626217,-0.1533174940666301,0.13198247924167825,2.0,24.0,72.0,3,12,0.1
88,88,352,0.5217056985390918,0.09708288966173662,-0.22821719625672388,0.6368845939152062,0.055364018421118856,0.5227272727272727,1.600010801606183,0.6136363636363636,1.500138353160239,0.005210479621759015,-0.11647664295906869,0.10220460280375092,2.0,24.0,72.0,3,24,0.06
88,88,352,0.8644225514097621,0.14738124843208977,-0.3598321851827442,0.6336604365877411,0.055364018421118856,0.5227272727272727,1.600010801606183,0.6136363636363636,1.4972486315942808,0.008633957135721659,-0.1941277382651145,0.1703410046729182,2.0,24.0,72.0,3,24,0.1
74,74,296,0.2921903250217397,0.05820347528292946,-0.224602602525372,0.45237818470743835,0.06890303747137429,0.5472972972972973,1.6622730930204284,0.527027027027027,1.347795047811068,0.003991921710769756,-0.09291852723500992,0.1353986666729412,2.0,24.0,72.0,3,36,0.06
74,74,296,0.44734932484985745,0.08501993241866268,-0.3492457576388618,0.4523781847074384,0.06890303747137429,0.5472972972972973,1.6622730930204284,0.527027027027027,1.3477950478110683,0.006653202851282928,-0.15486421205834988,0.22566444445490205,2.0,24.0,72.0,3,36,0.1
88,88,528,0.26684243539692787,0.0535868725857962,-0.21573817780176996,0.3995770647173248,0.028789289578981806,0.5492424242424242,1.5176488045882122,0.5681818181818182,1.3061457483587022,0.003038347444292286,-0.12033894675001074,0.06975401391570045,2.0,24.0,72.0,5,12,0.06
88,88,528,0.34030530309314266,0.06677593786825953,-0.34513261990382205,0.3797603470457227,0.028789289578981806,0.5492424242424242,1.5176488045882122,0.5681818181818182,1.283901483257865,0.004661848416675188,-0.2005649112500179,0.11625668985950079,2.0,24.0,72.0,5,12,0.1
88,88,528,0.2514322338576105,0.05074492004163611,-0.24503189695320993,0.3939278779459425,0.055364018421118856,0.5265151515151515,1.511444858661939,0.5340909090909091,1.2618558338212529,0.002863955931992246,-0.13523596150863076,0.08891460182916842,2.0,24.0,72.0,5,24,0.06
88,88,528,0.35962932120471036,0.07015139987206598,-0.3825814666615981,0.39230296263992287,0.055364018421118856,0.5265151515151515,1.511444858661939,0.5340909090909091,1.2604107332979277,0.004746917756866102,-0.22539326918105126,0.14819100304861405,2.0,24.0,72.0,5,24,0.1
74,74,444,0.05671518606825088,0.01224909284509379,-0.2403802795237332,0.15750559260205318,0.06890303747137429,0.5405405405405406,1.5432232301280528,0.4864864864864865,1.099323195614356,0.001119403120793986,-0.10683263403500165,0.090661019068561,2.0,24.0,72.0,5,36,0.06
74,74,444,0.04274882022909243,0.009281163572128603,-0.3729606542424668,0.15745817878924626,0.06890303747137429,0.5405405405405406,1.5432232301280528,0.4864864864864865,1.0992851260787757,0.0018649567755977044,-0.1780543900583361,0.15110169844760168,2.0,24.0,72.0,5,36,0.1
88,88,792,0.21912446276971287,0.04469703418641369,-0.23566392054292118,0.3525796923273201,0.028789289578981806,0.5580808080808081,1.5310870192113262,0.48863636363636365,1.2552505475822888,0.0025981318115958145,-0.1446378964616253,0.06895172872372018,2.0,24.0,72.0,8,12,0.06
88,88,792,0.24783595630994282,0.05007777194491303,-0.3842089367092123,0.3240131271135509,0.028789289578981806,0.5580808080808081,1.5310870192113262,0.48863636363636365,1.2269425110273595,0.0038068084236060947,-0.24106316076937553,0.11491954787286698,2.0,24.0,72.0,8,12,0.1
88,88,792,0.3466073147875741,0.06788089826991084,-0.2423870276925173,0.5051600509520108,0.055364018421118856,0.5618686868686869,1.6197621908011017,0.5909090909090909,1.3394017814368984,0.0036407706089042592,-0.13212653937812888,0.0822853933507563,2.0,24.0,72.0,8,24,0.06
88,88,792,0.5398494545683408,0.09995644791834102,-0.37872013871959564,0.5037469983146496,0.055364018421118856,0.5618686868686869,1.6197621908011017,0.5909090909090909,1.3378399759121526,0.006035940303129989,-0.22021089896354812,0.1371423222512605,2.0,24.0,72.0,8,24,0.1
74,74,666,0.05844170900602297,0.012613861673542504,-0.18813275832200504,0.16083972534331775,0.06890303747137429,0.5675675675675675,1.6510043164919939,0.527027027027027,1.0889691766564733,0.0009913904003797855,-0.1043845734966937,0.07945063496034588,2.0,24.0,72.0,8,36,0.06
74,74,666,0.04533220049623177,0.009832471440506918,-0.29762119887724536,0.15825983351823592,0.06890303747137429,0.5675675675675675,1.6510043164919939,0.527027027027027,1.0869649208254915,0.0016150947050099771,-0.17397428916115618,0.1324177249339098,2.0,24.0,72.0,8,36,0.1
110,110,440,1.0849282816763268,0.17603912817839662,-0.2039999924425624,0.941357655861413,0.03598661197372725,0.5363636363636364,1.7019341867736002,0.5636363636363636,1.8360519795566745,0.007146986449388364,-0.09199049643997805,0.07918948754500695,2.0,24.0,96.0,3,12,0.06
110,110,440,1.9176029734959483,0.26656911143406137,-0.32851519181118694,0.9142263279567847,0.03598661197372725,0.5363636363636364,1.7019341867736002,0.5636363636363636,1.8000156903415576,0.011299085318001447,-0.1533174940666301,0.13198247924167825,2.0,24.0,96.0,3,12,0.1
110,110,440,1.3298512493706327,0.20522309680321804,-0.21715247220879652,1.0981777582978463,0.06920502302639857,0.5363636363636364,1.747721054634087,0.6272727272727273,1.9102247042269602,0.00808510890522696,-0.11647664295906869,0.12839852288209752,2.0,24.0,96.0,3,24,0.06
110,110,440,2.7334351919528723,0.33740035278829206,-0.3454875090585814,1.0953891182893798,0.06920502302639857,0.5363636363636364,1.747721054634087,0.6272727272727273,1.9075132874913183,0.013435041054943576,-0.1941277382651145,0.21399753813682923,2.0,24.0,96.0,3,24,0.1
96,96,384,1.0447403347836133,0.17099825359890852,-0.22460260252537168,1.0117239410908963,0.08938772428718826,0.5598958333333334,1.81692561029559,0.5625,1.8083895856535395,0.008056305318648439,-0.09291852723500992,0.19275307451395038,2.0,24.0,96.0,3,36,0.06
96,96,384,2.060675884835731,0.2800218766942195,-0.3492457576388617,1.0117239410908963,0.08938772428718826,0.5598958333333334,1.81692561029559,0.5625,1.8083895856535395,0.013427175531080733,-0.15486421205834988,0.32125512418991736,2.0,24.0,96.0,3,36,0.1
110,110,660,0.6394941124188367,0.1152837223212404,-0.21573817780177007,0.6996601083078835,0.03598661197372725,0.546969696969697,1.6179352710518027,0.5818181818181818,1.543717397127391,0.004931464704092682,-0.12033894675001074,0.06975401391570045,2.0,24.0,96.0,5,12,0.06
110,110,660,1.0464925001165355,0.17121963464357615,-0.34513261990382216,0.6907527066604354,0.03598661197372725,0.546969696969697,1.6179352710518027,0.5818181818181818,1.5301598596357253,0.00794041203119033,-0.2005649112500179,0.11625668985950079,2.0,24.0,96.0,5,12,0.1
110,110,660,0.8984922032615767,0.15197590723782173,-0.23921981333184106,0.9059854715502558,0.06920502302639857,0.5454545454545454,1.6772941103910837,0.5727272727272728,1.6519876464751793,0.006126918766832286,-0.13523596150863076,0.11774351000435038,2.0,24.0,96.0,5,24,0.06
110,110,660,1.689472393947908,0.24401414984280922,-0.3749711155218035,0.9048467997095722,0.06920502302639857,0.5454545454545454,1.6772941103910837,0.5727272727272728,1.6506421289236404,0.010190457574223696,-0.22539326918105126,0.19623918334058396,2.0,24.0,96.0,5,24,0.1
96,96,576,0.6851157981468357,0.12205984834260386,-0.21848182756250922,0.8136483938653297,0.08938772428718826,0.5555555555555556,1.7529087258572644,0.5416666666666666,1.6151082947159217,0.005897552906476727,-0.10683263403500165,0.1603745369411001,2.0,24.0,96.0,5,36,0.06
96,96,576,1.2410965040705633,0.19493654989346365,-0.34036511323285634,0.8136157012578258,0.08938772428718826,0.5555555555555556,1.7529087258572644,0.5416666666666666,1.615073799915809,0.009828703627075504,-0.1780543900583361,0.26729089490183355,2.0,24.0,96.0,5,36,0.1
110,110,990,0.648810560529719,0.11667931489519434,-0.23200514058132515,0.7202730689480698,0.03598661197372725,0.5595959595959596,1.658096454010252,0.5272727272727272,1.5513208355815897,0.004945294750746941,-0.1446378964616253,0.06895172872372018,2.0,24.0,96.0,8,12,0.06
110,110,990,1.0580998989759447,0.17268247748152454,-0.3690999481976377,0.7088441784621292,0.03598661197372725,0.5595959595959596,1.658096454010252,0.5272727272727272,1.5359677985934852,0.00788647406530726,-0.24106316076937553,0.11491954787286698,2.0,24.0,96.0,8,12,0.1
110,110,990,1.023870010825132,0.16834991320614479,-0.23301110714635842,1.0115752244411322,0.06920502302639857,0.5757575757575758,1.7766711964743107,0.6363636363636364,1.7306242887287187,0.006659718165635569,-0.13212653937812888,0.11604776623621788,2.0,24.0,96.0,8,24,0.06
110,110,990,2.0024556989911635,0.27460798574876333,-0.3661558171862792,1.0111002933289732,0.06920502302639857,0.5757575757575758,1.7766711964743107,0.6363636363636364,1.7294034092719843,0.01107392170669093,-0.22021089896354812,0.1934129437270298,2.0,24.0,96.0,8,24,0.1
96,96,864,0.6416679814084771,0.11560991697130873,-0.18408331065084127,0.7983548336416688,0.08938772428718826,0.5844907407407407,1.8347537063739636,0.59375,1.5780588772751676,0.005464682973123194,-0.1043845734966937,0.14372353259327356,2.0,24.0,96.0,8,36,0.06
96,96,864,1.1481388868453188,0.18381668502424775,-0.29143606472491757,0.7963787324179938,0.08938772428718826,0.5844907407407407,1.8347537063739636,0.59375,1.5762378104476102,0.009079112512051485,-0.17397428916115618,0.23953922098878927,2.0,24.0,96.0,8,36,0.1
123,123,492,0.6876735836651322,0.12243550052620256,-0.2545266762248303,0.6706242181628472,0.040239575206985935,0.5223577235772358,1.5397971047074648,0.5284552845528455,1.4757432265458132,0.0047141838923272115,-0.09199049643997805,0.07918948754500695,2.0,24.0,120.0,3,12,0.06
123,123,492,1.1841592819794626,0.18816923721541867,-0.3862406995092097,0.6914873686387426,0.040239575206985935,0.5223577235772358,1.5397971047074648,0.5284552845528455,1.497070138769196,0.007873559222102835,-0.1533174940666301,0.13198247924167825,2.0,24.0,120.0,3,12,0.1
123,123,492,0.6221049726862591,0.11266223167088762,-0.3085513087702646,0.6165111356956468,0.07738379847497295,0.5284552845528455,1.5451223007213217,0.5853658536585366,1.3977292864339077,0.004390410704154842,-0.13818838196175431,0.12839852288209752,2.0,24.0,120.0,3,24,0.06
123,123,492,0.9895246515516898,0.1639449532629007,-0.48173590269613975,0.6155169837399157,0.07738379847497295,0.5284552845528455,1.5451223007213217,0.5853658536585366,1.3968645513014644,0.0072957629169775285,-0.23031396993625716,0.21399753813682923,2.0,24.0,120.0,3,24,0.1
108,108,432,0.28938468646680726,0.05769597722147135,-0.23815258578378729,0.3918697048372766,0.1005611898230868,0.5347222222222222,1.5083035039819523,0.5092592592592593,1.2323902079780795,0.0030163014727351226,-0.12004161371330875,0.19275307451395038,2.0,24.0,120.0,3,36,0.06
108,108,432,0.39164909660355685,0.07566311545661053,-0.38572858884160754,0.3918697048372768,0.1005611898230868,0.5347222222222222,1.5083035039819523,0.5092592592592593,1.2323902079780795,0.005027169121225205,-0.20006935618884797,0.32125512418991736,2.0,24.0,120.0,3,36,0.1
123,123,738,0.4079004234982271,0.07842280712220284,-0.24818477406370298,0.49472853503202435,0.040239575206985935,0.5365853658536586,1.4942457687882702,0.5447154471544715,1.3272184059915304,0.0032014702296277934,-0.12033894675001074,0.06975401391570045,2.0,24.0,120.0,5,12,0.06
123,123,738,0.6382315678851496,0.11509411950187554,-0.3759020336945925,0.5135911196575565,0.040239575206985935,0.5365853658536586,1.4942457687882702,0.5447154471544715,1.3389865760254873,0.005378631738467372,-0.2005649112500179,0.11625668985950079,2.0,24.0,120.0,5,12,0.1
123,123,738,0.47585201516680753,0.08969982349098338,-0.28743307497310133,0.541885119622821,0.07738379847497295,0.5433604336043361,1.537166437281161,0.5528455284552846,1.3210595433807382,0.0035229581433483753,-0.13523596150863076,0.11774351000435038,2.0,24.0,120.0,5,24,0.06
123,123,738,0.7305235312876366,0.12866368823115115,-0.4518899033867726,0.5405606790352954,0.07738379847497295,0.5433604336043361,1.537166437281161,0.5528455284552846,1.3199882711288307,0.005852005278516376,-0.22539326918105126,0.19623918334058396,2.0,24.0,120.0,5,24,0.1
108,108,648,0.3135419389098488,0.062037789260749765,-0.22517581726885416,0.4324824769030528,0.1005611898230868,0.5447530864197531,1.573917568118754,0.5185185185185185,1.264135055554258,0.0031049746808410688,-0.10683263403500165,0.1603745369411001,2.0,24.0,120.0,5,36,0.06
108,108,648,0.45595027953761624,0.0864396435543684,-0.3534324887354954,0.4324474655895839,0.1005611898230868,0.5447530864197531,1.573917568118754,0.5185185185185185,1.2641100469558262,0.005174467830688561,-0.1780543900583361,0.26729089490183355,2.0,24.0,120.0,5,36,0.1
123,123,1107,0.4597355694666141,0.08706238952990808,-0.25236146878558885,0.5464658800557067,0.040239575206985935,0.5483288166214996,1.5441896209125967,0.4959349593495935,1.3649860706915837,0.003458664464003623,-0.1446378964616253,0.06895172872372018,2.0,24.0,120.0,8,12,0.06
123,123,1107,0.713827033917106,0.12625131963823866,-0.3876616480332086,0.5555797587045767,0.040239575206985935,0.5483288166214996,1.5441896209125967,0.4959349593495935,1.3687149224809774,0.005638077163472568,-0.24106316076937553,0.11491954787286698,2.0,24.0,120.0,8,12,0.1
123,123,1107,0.6093735106979052,0.11072898505326267,-0.25822460848626627,0.6632258942212207,0.07738379847497295,0.5691056910569106,1.6301429020116571,0.6097560975609756,1.395741269816632,0.004148214162473676,-0.13212653937812888,0.11604776623621788,2.0,24.0,120.0,8,24,0.06
123,123,1107,1.02080509087221,0.16795919998849618,-0.40200287147036007,0.6637584652780008,0.07738379847497295,0.5691056910569106,1.6301429020116571,0.6097560975609756,1.3953380024387416,0.006897743328653864,-0.22021089896354812,0.1934129437270298,2.0,24.0,120.0,8,24,0.1
108,108,972,0.30433777003650264,0.0603909093588233,-0.2054867439761383,0.4355247841485842,0.1005611898230868,0.5720164609053497,1.6575172336687698,0.5555555555555556,1.248886881556673,0.0028242363827806222,-0.1043845734966937,0.14372353259327356,2.0,24.0,120.0,8,36,0.06
108,108,972,0.4454284889051503,0.08470197310051164,-0.3257857986625452,0.4335324799599853,0.1005611898230868,0.5720164609053497,1.6575172336687698,0.5555555555555556,1.2475383310374426,0.004681556244053178,-0.17397428916115618,0.23953922098878927,2.0,24.0,120.0,8,36,0.1
30,30,120,0.23550047930724394,0.047777963674586976,-0.20581685218401702,0.45239097625194996,0.009814530538289252,0.6333333333333333,2.3822934941662193,0.6666666666666666,1.7502649720277832,0.007778093187990083,-0.09199049643997805,0.07456881995325619,2.0,48.0,72.0,3,12,0.06
30,30,120,0.32445276694850267,0.06397842911916674,-0.331706306036185,0.4215875497119506,0.009814530538289252,0.6333333333333333,2.3822934941662193,0.6666666666666666,1.693580028140649,0.011815887560577488,-0.1533174940666301,0.12428136658876032,2.0,48.0,72.0,3,12,0.1
30,30,120,0.25531435554487425,0.05146342045667862,-0.1440172875021679,0.5264314211069134,0.01887409718901779,0.5583333333333333,2.3674213820238807,0.7,1.739685245459813,0.00866451011148972,-0.11647664295906869,0.10220460280375092,2.0,48.0,72.0,3,24,0.06
30,30,120,0.41101239964222547,0.07894842713428107,-0.23514343660998682,0.5214589248973103,0.01887409718901779,0.5583333333333333,2.3674213820238807,0.7,1.7321463468682385,0.014293668522000107,-0.1941277382651145,0.1703410046729182,2.0,48.0,72.0,3,24,0.1
30,30,120,0.2751254825912779,0.0551033171444979,-0.1389357075863149,0.5674612341179562,0.027933663839746332,0.6083333333333333,2.479342109933155,0.6666666666666666,1.8826990295429307,0.009706122239251522,-0.09291852723500992,0.1353986666729412,2.0,48.0,72.0,3,36,0.06
30,30,120,0.4575667039502893,0.0867057276366634,-0.22535384854100027,0.5674612341179565,0.027933663839746332,0.6083333333333333,2.479342109933155,0.6666666666666666,1.8826990295429302,0.016176870398752537,-0.15486421205834988,0.22566444445490205,2.0,48.0,72.0,3,36,0.1
30,30,180,0.18039487307528645,0.03728012927721802,-0.2037304966939446,0.3807043985141757,0.009814530538289252,0.6611111111111111,2.605287467244521,0.6666666666666666,1.6019706004394434,0.006396228327307501,-0.12033894675001074,0.06782638056762777,2.0,48.0,72.0,5,12,0.06
30,30,180,0.24494120272024378,0.04953967474812804,-0.32943868554386757,0.3596790906108637,0.009814530538289252,0.6611111111111111,2.605287467244521,0.6666666666666666,1.5661852194953931,0.009933842823217885,-0.2005649112500179,0.110126943764115,2.0,48.0,72.0,5,12,0.1
30,30,180,0.15435410990539777,0.032185868564912345,-0.16080552830379558,0.3629041933640585,0.01887409718901779,0.5833333333333334,2.3599816888297926,0.6,1.4696559176777317,0.005877212787835502,-0.13523596150863076,0.08891460182916842,2.0,48.0,72.0,5,24,0.06
30,30,180,0.2320540317729889,0.04713221604845752,-0.25985219139395876,0.36061756116292604,0.01887409718901779,0.5833333333333334,2.3599816888297926,0.6,1.4659510565214862,0.00971808439901543,-0.22539326918105126,0.14819100304861405,2.0,48.0,72.0,5,24,0.1
30,30,180,0.15532231958970288,0.032376870873152885,-0.14095613160243425,0.3752230847556966,0.027933663839746332,0.6111111111111112,2.411945462744593,0.6,1.5226967175276265,0.006153414286713881,-0.10683263403500165,0.090661019068561,2.0,48.0,72.0,5,36,0.06
30,30,180,0.24022367971416592,0.048660655282507514,-0.22904855987700823,0.3751656669266128,0.027933663839746332,0.6111111111111112,2.411945462744593,0.6,1.5226068179833154,0.01025392658328886,-0.1780543900583361,0.15110169844760168,2.0,48.0,72.0,5,36,0.1
30,30,270,0.1379431364272814,0.028929264595243476,-0.21163137994132553,0.30992682094221424,0.009814530538289252,0.6851851851851852,2.7774165615472737,0.6,1.444481150490431,0.005272605171091341,-0.1446378964616253,0.06346162387777306,2.0,48.0,72.0,8,12,0.06
30,30,270,0.15831825277103095,0.03296710060178221,-0.34187501486834115,0.27683684915966367,0.009814530538289252,0.6851851851851852,2.7774165615472737,0.6,1.397421922870228,0.007683857643981376,-0.24106316076937553,0.10576937312962177,2.0,48.0,72.0,8,12,0.1
30,30,270,0.1157446018717494,0.024465424939751124,-0.15629121559314063,0.2901631098354656,0.01887409718901779,0.6222222222222222,2.4524241484412403,0.6333333333333333,1.3544951895990027,0.004677920872311057,-0.13212653937812888,0.0822853933507563,2.0,48.0,72.0,8,24,0.06
30,30,270,0.16312340680716098,0.03391128600197635,-0.25427501026625954,0.2869662744631168,0.01887409718901779,0.6222222222222222,2.4524241484412403,0.6333333333333333,1.3502553627865044,0.00769391053225094,-0.22021089896354812,0.1371423222512605,2.0,48.0,72.0,8,24,0.1
30,30,270,0.07708584315198719,0.01652363193763562,-0.14587411060181554,0.21852605333747552,0.027933663839746332,0.6370370370370371,2.320414452753969,0.6333333333333333,1.2746133483792725,0.0036109282068880833,-0.1043845734966937,0.07945063496034588,2.0,48.0,72.0,8,36,0.06
30,30,270,0.10091626601465631,0.021444929744516505,-0.2363131244228056,0.21504716776985305,0.027933663839746332,0.6370370370370371,2.320414452753969,0.6333333333333333,1.2704237581471973,0.005926397860054516,-0.17397428916115618,0.1324177249339098,2.0,48.0,72.0,8,36,0.1
52,52,208,0.7866367517094277,0.13664045393820445,-0.20581685218401724,0.975185775167388,0.017011852933034703,0.5961538461538461,2.352801064667649,0.6730769230769231,2.4194988569251303,0.011991156421218944,-0.09199049643997805,0.07456881995325619,2.0,48.0,96.0,3,12,0.06
52,52,208,1.3647589669350224,0.20918526110332003,-0.3317063060361851,0.9398278212566886,0.017011852933034703,0.5961538461538461,2.352801064667649,0.6730769230769231,2.3588585378767535,0.018894470122738007,-0.1533174940666301,0.12428136658876032,2.0,48.0,96.0,3,12,0.1
52,52,208,0.9219851265766936,0.1551068854686397,-0.14401728750216758,1.1518761220883897,0.032715101794297506,0.5721153846153846,2.5627329306989344,0.6923076923076923,2.6778510995173788,0.013284136080862765,-0.11647664295906869,0.12839852288209752,2.0,48.0,96.0,3,24,0.06
52,52,208,1.8254986216096216,0.2576342946702499,-0.23514343660998693,1.1482018916807566,0.032715101794297506,0.5721153846153846,2.5627329306989344,0.6923076923076923,2.671416182205728,0.022055314303082503,-0.1941277382651145,0.21399753813682923,2.0,48.0,96.0,3,24,0.1
52,52,208,1.0177372138434224,0.16756764705604632,-0.14189967065532516,1.2413527814862193,0.048418350655560306,0.6057692307692307,2.500398734562198,0.6730769230769231,2.7591660342617192,0.014792053291746803,-0.09291852723500992,0.19275307451395038,2.0,48.0,96.0,3,36,0.06
52,52,208,2.082282338289656,0.2820106463879326,-0.22760390714890366,1.2413527814862193,0.048418350655560306,0.6057692307692307,2.500398734562198,0.6730769230769231,2.75916603426172,0.024653422152911338,-0.15486421205834988,0.32125512418991736,2.0,48.0,96.0,3,36,0.1
52,52,312,0.5276173189840765,0.09802207465900925,-0.2037304966939446,0.7715069393486108,0.017011852933034703,0.6089743589743589,2.369184844811124,0.6538461538461539,2.053885701557319,0.008980257541763435,-0.12033894675001074,0.06782638056762777,2.0,48.0,96.0,5,12,0.06
52,52,312,0.9008824545969849,0.15229583904829802,-0.32943868554386757,0.7623817183496792,0.017011852933034703,0.6089743589743589,2.369184844811124,0.6538461538461539,2.0444067910723693,0.01463880668192416,-0.2005649112500179,0.110126943764115,2.0,48.0,96.0,5,12,0.1
52,52,312,0.7512192975106857,0.13162883750226206,-0.14516525621016219,1.0575705758313017,0.032715101794297506,0.5993589743589743,2.5672598651232303,0.6538461538461539,2.339416294480162,0.011504794730217285,-0.13523596150863076,0.11774351000435038,2.0,48.0,96.0,5,24,0.06
52,52,312,1.437116686605183,0.2172551413531465,-0.23574466715310072,1.0565537220090107,0.032715101794297506,0.5993589743589743,2.5672598651232303,0.6538461538461539,2.336302297638707,0.019130078894824085,-0.22539326918105126,0.19623918334058396,2.0,48.0,96.0,5,24,0.1
52,52,312,0.8423619896445067,0.1443711269807122,-0.13904072111742805,1.1737333578477303,0.048418350655560306,0.6089743589743589,2.54175717066971,0.6538461538461539,2.5194016467202753,0.012844839936238984,-0.10683263403500165,0.1603745369411001,2.0,48.0,96.0,5,36,0.06
52,52,312,1.6655133997296643,0.24155982560626277,-0.22568960196335042,1.1737046713247261,0.048418350655560306,0.6089743589743589,2.54175717066971,0.6538461538461539,2.51932942203132,0.021407048928917,-0.1780543900583361,0.26729089490183355,2.0,48.0,96.0,5,36,0.1
52,52,468,0.5390164974304443,0.0998251059060733,-0.21163137994132553,0.7920319510125081,0.017011852933034703,0.6346153846153846,2.597751982687684,0.6346153846153846,2.059741248979179,0.009106249582586004,-0.1446378964616253,0.06346162387777306,2.0,48.0,96.0,8,12,0.06
52,52,468,0.9104551900073001,0.15357400285409728,-0.3418750148683416,0.7790139041515336,0.017011852933034703,0.6346153846153846,2.597751982687684,0.6346153846153846,2.056129072798812,0.014673629523575074,-0.24106316076937553,0.10576937312962177,2.0,48.0,96.0,8,12,0.1
52,52,468,0.6768972028229898,0.1208497991210673,-0.15629121559314008,0.996738564521885,0.032715101794297506,0.6260683760683761,2.6227672378603084,0.7115384615384616,2.215492027188563,0.010625361746262874,-0.13212653937812888,0.11604776623621788,2.0,48.0,96.0,8,24,0.06
52,52,468,1.267901249071878,0.19807614582184563,-0.2542750102662594,0.9954740270503182,0.032715101794297506,0.6260683760683761,2.6227672378603084,0.7115384615384616,2.2127138005282143,0.017649729942847907,-0.22021089896354812,0.1934129437270298,2.0,48.0,96.0,8,24,0.1
52,52,468,0.6705854719118058,0.11991736193605829,-0.14587411060181654,1.0197484586934382,0.048418350655560306,0.6388888888888888,2.4506259530372496,0.7115384615384616,2.1720730053446458,0.010761048499968558,-0.1043845734966937,0.14372353259327356,2.0,48.0,96.0,8,36,0.06
52,52,468,1.2623631426105284,0.19742985580575922,-0.23631312442280605,1.0175656452938264,0.048418350655560306,0.6388888888888888,2.4506259530372496,0.7115384615384616,2.16861132673502,0.017882110168996917,-0.17397428916115618,0.23953922098878927,2.0,48.0,96.0,8,36,0.1
65,65,260,0.44621744352805726,0.08483260995796416,-0.24956608459949747,0.599046736252943,0.021264816166293377,0.5576923076923077,1.8194938282041173,0.5846153846153846,1.5812820967500534,0.006418711434260188,-0.09199049643997805,0.07456881995325619,2.0,48.0,120.0,3,12,0.06
65,65,260,0.7702923578688472,0.13433741306903468,-0.39119865693372524,0.6293185939977244,0.021264816166293377,0.5576923076923077,1.8194938282041173,0.5846153846153846,1.6334636269409093,0.010893243780321022,-0.1533174940666301,0.12428136658876032,2.0,48.0,120.0,3,12,0.1
65,65,260,0.3381376309286974,0.06639493419349263,-0.21511856992995204,0.4759763029563687,0.040893877242871884,0.55,1.802414147052902,0.6,1.4308954015058732,0.005252824819091443,-0.13818838196175431,0.12839852288209752,2.0,48.0,120.0,3,24,0.06
65,65,260,0.505690837418084,0.09452422924813209,-0.3561608471833161,0.4746932427700684,0.040893877242871884,0.55,1.802414147052902,0.6,1.4294571017756892,0.008713856407765128,-0.23031396993625716,0.21399753813682923,2.0,48.0,120.0,3,24,0.1
65,65,260,0.32186388650574793,0.06351909193275196,-0.19644455547807071,0.47053143962090094,0.06052293831945039,0.5576923076923077,1.7330055857257076,0.5692307692307692,1.4049693351133612,0.005497018038344769,-0.12004161371330875,0.19275307451395038,2.0,48.0,120.0,3,36,0.06
65,65,260,0.4910127759994567,0.09216045170693721,-0.31064440982716224,0.47053143962090105,0.06052293831945039,0.5576923076923077,1.7330055857257076,0.5692307692307692,1.4049693351133612,0.009161696730574617,-0.20006935618884797,0.32125512418991736,2.0,48.0,120.0,3,36,0.1
65,65,390,0.3118272606467676,0.061731669114097,-0.24294330465896175,0.48440996115017,0.021264816166293377,0.5769230769230769,1.8940299053527705,0.5692307692307692,1.4905675102699933,0.004896817122549577,-0.12033894675001074,0.06782638056762777,2.0,48.0,120.0,5,12,0.06
65,65,390,0.5216697074543195,0.09707716302097436,-0.3726501830209351,0.5161870217900814,0.021264816166293377,0.5769230769230769,1.8940299053527705,0.5692307692307692,1.531818214401262,0.00845145119785549,-0.2005649112500179,0.110126943764115,2.0,48.0,120.0,5,12,0.1
65,65,390,0.3613648372060456,0.07045272104718081,-0.19886144107086312,0.5258390524644107,0.040893877242871884,0.5846153846153846,1.9440184128830205,0.6,1.4689286040313738,0.005501724819255349,-0.13523596150863076,0.11774351000435038,2.0,48.0,120.0,5,24,0.06
65,65,390,0.5681468916188022,0.1043858926617276,-0.3184255808426306,0.5242527267274243,0.040893877242871884,0.5846153846153846,1.9440184128830205,0.6,1.4670326780813696,0.00913246797882708,-0.22539326918105126,0.19623918334058396,2.0,48.0,120.0,5,24,0.1
65,65,390,0.4228172190289423,0.08093411216323587,-0.19043684397083116,0.6100600444391909,0.06052293831945039,0.5769230769230769,1.9045910204448346,0.5846153846153846,1.5365963630036452,0.006514355066141575,-0.10683263403500165,0.1603745369411001,2.0,48.0,120.0,5,36,0.06
65,65,390,0.7035452962941493,0.12475665168049477,-0.3034793515470845,0.6100222298613758,0.06052293831945039,0.5769230769230769,1.9045910204448346,0.5846153846153846,1.53655612762713,0.010856444338384242,-0.1780543900583361,0.26729089490183355,2.0,48.0,120.0,5,36,0.1
65,65,585,0.36253198340347215,0.07065519325344694,-0.23647902531516307,0.5484913954098168,0.021264816166293377,0.5982905982905983,2.0867754236029783,0.5538461538461539,1.567290283491854,0.005460896688996218,-0.1446378964616253,0.06346162387777306,2.0,48.0,120.0,8,12,0.06
65,65,585,0.5908798952620813,0.10789942543100839,-0.36934965231851835,0.5669777239225816,0.021264816166293377,0.5982905982905983,2.0867754236029783,0.5538461538461539,1.5981525061829878,0.009061539679218933,-0.24106316076937553,0.10576937312962177,2.0,48.0,120.0,8,12,0.1
65,65,585,0.33346209190899345,0.06557149164202225,-0.20182257677259519,0.5151845039437356,0.040893877242871884,0.6034188034188034,2.0191096581959727,0.6461538461538462,1.4454639901605741,0.005079694685692601,-0.13212653937812888,0.11604776623621788,2.0,48.0,120.0,8,24,0.06
65,65,585,0.526412659896955,0.09783091934526578,-0.32118994332834405,0.5151660378712172,0.040893877242871884,0.6034188034188034,2.0191096581959727,0.6461538461538462,1.4445667651026066,0.008431953826407912,-0.22021089896354812,0.1934129437270298,2.0,48.0,120.0,8,24,0.1
65,65,585,0.29007909710065505,0.05782166580047021,-0.187337317543396,0.47759803063562606,0.06052293831945039,0.6017094017094017,1.8779639363778762,0.6153846153846154,1.3861240419696208,0.0047450840784035,-0.1043845734966937,0.14372353259327356,2.0,48.0,120.0,8,36,0.06
65,65,585,0.4510723331322197,0.08563527325002784,-0.29896485324983935,0.4752629056730825,0.06052293831945039,0.6017094017094017,1.8779639363778762,0.6153846153846154,1.3840550462685162,0.00786609693257862,-0.17397428916115618,0.23953922098878927,2.0,48.0,120.0,8,36,0.1
42,42,168,0.33607176539124217,0.06603137679965143,-0.21976628918697116,0.5746098648511693,0.013740342753604952,0.5833333333333334,2.064711531089583,0.6190476190476191,1.8745123766867833,0.006966594724965197,-0.09199049643997805,0.07723560753081161,2.5,24.0,72.0,3,12,0.06
42,42,168,0.5344860465252737,0.09910976552161133,-0.354368606824771,0.5647971528601122,0.013740342753604952,0.5833333333333334,2.064711531089583,0.6190476190476191,1.855666968317875,0.0113405552020122,-0.1533174940666301,0.12872601255135271,2.5,24.0,72.0,3,12,0.1
42,42,168,0.8642708558747052,0.14736064487552603,-0.1824077212204397,1.2790156748679955,0.02642373606462491,0.5714285714285714,3.1562030158774323,0.7142857142857143,3.6068281866383423,0.015694587036501326,-0.05175311490622819,0.10220460280375092,2.5,24.0,72.0,3,24,0.06
42,42,168,1.7315043925412539,0.24827898372803747,-0.2922689330915217,1.2790156748679948,0.02642373606462491,0.5714285714285714,3.1562030158774323,0.7142857142857143,3.606828186638342,0.026157645060835552,-0.08625519151038033,0.1703410046729182,2.5,24.0,72.0,3,24,0.1
39,39,156,0.7889540254735976,0.1369656438363036,-0.15610584140604888,1.2669811998184655,0.03631376299167023,0.5897435897435898,3.4146109829932993,0.6410256410256411,3.655667245589622,0.01649144118545585,-0.051818261937662584,0.1353986666729412,2.5,24.0,72.0,3,36,0.06
39,39,156,1.5614251254310259,0.230693213049185,-0.2530317447335342,1.2669811998184655,0.03631376299167023,0.5897435897435898,3.4146109829932993,0.6410256410256411,3.655667245589623,0.02748573530909309,-0.08636376989610431,0.22566444445490205,2.5,24.0,72.0,3,36,0.1
42,42,252,0.28611591185967455,0.05710361822672749,-0.2067693891745419,0.5202789326568455,0.013740342753604952,0.6031746031746031,1.9632044104292172,0.5952380952380952,1.8147567467561376,0.0061040513100662445,-0.12033894675001074,0.06782638056762777,2.5,24.0,72.0,5,12,0.06
42,42,252,0.4373735054979584,0.0833650210369501,-0.3344219218710459,0.5076874533854426,0.013740342753604952,0.6031746031746031,1.9632044104292172,0.5952380952380952,1.7892204009166002,0.009787667653023736,-0.2005649112500179,0.1080970268956708,2.5,24.0,72.0,5,12,0.1
42,42,252,0.6242064820514155,0.11298020363020811,-0.18331560257163826,1.062634335828941,0.02642373606462491,0.5992063492063492,2.8953269201624425,0.6666666666666666,2.9827992587491434,0.012068972093783457,-0.06091111023174614,0.08891460182916842,2.5,24.0,72.0,5,24,0.06
42,42,252,1.1779801527255245,0.18742657250192019,-0.2936361642516543,1.062634335828941,0.02642373606462491,0.5992063492063492,2.8953269201624425,0.6666666666666666,2.9827992587491434,0.020114953489639098,-0.10151851705291026,0.14819100304861405,2.5,24.0,72.0,5,24,0.1
39,39,234,0.5501729862787548,0.10157970104188663,-0.14977479087313095,1.0387956696005947,0.03631376299167023,0.5982905982905983,2.992309203916822,0.5384615384615384,3.1908145548934392,0.01220577292539679,-0.06069607190143767,0.09442775940845498,2.5,24.0,72.0,5,36,0.06
39,39,234,1.025301702619561,0.16853226599176052,-0.24211366646627364,1.0387956696005947,0.03631376299167023,0.5982905982905983,2.992309203916822,0.5384615384615384,3.190814554893439,0.020342954875661325,-0.10116011983572948,0.15737959901409165,2.5,24.0,72.0,5,36,0.1
42,42,378,0.1522123524283321,0.031762912185779424,-0.23464507223468145,0.31831935757557855,0.013740342753604952,0.5873015873015873,1.7417657963050979,0.5,1.376256296175385,0.003627293899554999,-0.1446378964616253,0.06346162387777306,2.5,24.0,72.0,8,12,0.06
42,42,378,0.20374769935715875,0.041774600329745004,-0.37710475316112513,0.3119486453581799,0.013740342753604952,0.5873015873015873,1.7417657963050979,0.5,1.3664868965061914,0.005859028708155145,-0.24106316076937553,0.10576937312962177,2.5,24.0,72.0,8,12,0.1
42,42,378,0.4643438425470314,0.08781883418115854,-0.17849989577322956,0.8484405682674571,0.02642373606462491,0.6111111111111112,2.725811229005022,0.6428571428571429,2.433225923541227,0.009455242767214737,-0.08339498219363717,0.0822853933507563,2.5,24.0,72.0,8,24,0.06
42,42,378,0.8322030367727078,0.14297550348856247,-0.2872890864393708,0.8484405682674571,0.02642373606462491,0.6111111111111112,2.725811229005022,0.6428571428571429,2.433225923541227,0.0157587379453579,-0.13899163698939532,0.1371423222512605,2.5,24.0,72.0,8,24,0.1
39,39,351,0.3271467726304127,0.06445567605681779,-0.16921431971148926,0.6939613053790926,0.03631376299167023,0.5925925925925926,2.5948296526191807,0.48717948717948717,2.062434286135721,0.007949998912571348,-0.08320774797182587,0.08730609453708152,2.5,24.0,72.0,8,36,0.06
39,39,351,0.5637745887127432,0.10370557940867586,-0.2736248459892783,0.6939613053790923,0.03631376299167023,0.5925925925925926,2.5948296526191807,0.48717948717948717,2.0624342861357206,0.013249998187618912,-0.13867957995304314,0.14551015756180255,2.5,24.0,72.0,8,36,0.1
50,50,200,0.4738016574509083,0.08936553520429569,-0.2030188081424581,0.7116336477148401,0.016357550897148753,0.565,1.9497908877020185,0.62,1.9767284131479028,0.007887764736956258,-0.09199049643997805,0.07723560753081161,2.5,24.0,96.0,3,12,0.06
50,50,200,0.7826608241859663,0.1360817336377258,-0.3270618895344236,0.6949394314450738,0.016357550897148753,0.565,1.9497908877020185,0.62,1.9477301106146154,0.012737156397662089,-0.1533174940666301,0.12872601255135271,2.5,24.0,96.0,3,12,0.1
50,50,200,1.0074460035357609,0.1662507828538622,-0.19659980095596286,1.32804659643565,0.03145682864836299,0.56,2.8488107617562246,0.68,3.6478255155168275,0.014623032994052512,-0.05175311490622819,0.10220460280375092,2.5,24.0,96.0,3,24,0.06
50,50,200,2.0738633011437955,0.28123701052621297,-0.313850536860247,1.32804659643565,0.03145682864836299,0.56,2.8488107617562246,0.68,3.647825515516829,0.02437172165675419,-0.08625519151038033,0.1703410046729182,2.5,24.0,96.0,3,24,0.1
46,46,184,0.9536819135282399,0.15928429433956603,-0.1700428333403321,1.3248012306603907,0.04283161788761104,0.5760869565217391,3.0874290332244576,0.6304347826086957,3.621647296975252,0.01587434481491112,-0.051818261937662584,0.1353986666729412,2.5,24.0,96.0,3,36,0.06
46,46,184,1.9487076200741469,0.26953683680078533,-0.2730153915389947,1.3248012306603907,0.04283161788761104,0.5760869565217391,3.0874290332244576,0.6304347826086957,3.6216472969752522,0.026457241358185196,-0.08636376989610431,0.22566444445490205,2.5,24.0,96.0,3,36,0.1
50,50,300,0.33816134395498554,0.06639910474510136,-0.2067693891745419,0.5719031608719564,0.016357550897148753,0.5833333333333334,1.7860393759188427,0.58,1.7833805228799082,0.005942477391649656,-0.12033894675001074,0.06782638056762777,2.5,24.0,96.0,5,12,0.06
50,50,300,0.5303096230583768,0.0984488652123503,-0.3325939545595826,0.5601201850083348,0.016357550897148753,0.5833333333333334,1.7860393759188427,0.58,1.7620422268755482,0.009580097980529959,-0.2005649112500179,0.1080970268956708,2.5,24.0,96.0,5,12,0.1
50,50,300,0.7489865236624687,0.131310259120202,-0.19639076020414814,1.1412854835520823,0.03145682864836299,0.5866666666666667,2.5372822639809978,0.68,2.9705770611315283,0.011574683539713864,-0.06091111023174614,0.08891460182916842,2.5,24.0,96.0,5,24,0.06
50,50,300,1.4534160239143907,0.21904714425342875,-0.31336481671354866,1.141285483552082,0.03145682864836299,0.5866666666666667,2.5372822639809978,0.68,2.9705770611315274,0.01929113923285644,-0.10151851705291026,0.14819100304861405,2.5,24.0,96.0,5,24,0.1
46,46,276,0.6493191162455969,0.11675531886710022,-0.1520864515908349,1.0989658373607762,0.04283161788761104,0.5869565217391305,2.689414388782854,0.5434782608695652,3.1205243035600936,0.01163520507329989,-0.06069607190143767,0.09442775940845498,2.5,24.0,96.0,5,36,0.06
46,46,276,1.2368371962208955,0.19443497313319624,-0.24643474144127508,1.0989658373607762,0.04283161788761104,0.5869565217391305,2.689414388782854,0.5434782608695652,3.1205243035600936,0.01939200845549982,-0.10116011983572948,0.15737959901409165,2.5,24.0,96.0,5,36,0.1
50,50,450,0.19437219515270043,0.039978430993015124,-0.2227048903163431,0.3729551326210601,0.016357550897148753,0.5777777777777777,1.6123148670052891,0.52,1.4222436543366497,0.0037779520698186147,-0.1446378964616253,0.06346162387777306,2.5,24.0,96.0,8,12,0.06
50,50,450,0.2780844202700994,0.055643172961317156,-0.3563208896067228,0.3704693267934642,0.016357550897148753,0.5777777777777777,1.6123148670052891,0.52,1.419106093374689,0.006197396781117261,-0.24106316076937553,0.10576937312962177,2.5,24.0,96.0,8,12,0.1
50,50,450,0.5992772899516292,0.10918740319885911,-0.2022946433177809,0.9752877163934441,0.03145682864836299,0.5977777777777777,2.3951952810929527,0.66,2.5065893681129117,0.00969580165876574,-0.08339498219363717,0.0822853933507563,2.5,24.0,96.0,8,24,0.06
50,50,450,1.1140547392315114,0.17964540892458847,-0.32243709223292005,0.9752877163934441,0.03145682864836299,0.5977777777777777,2.3951952810929527,0.66,2.506589368112911,0.01615966943127624,-0.13899163698939532,0.1371423222512605,2.5,24.0,96.0,8,24,0.1
46,46,414,0.4233982698443599,0.08103151853236201,-0.1542943341939842,0.8053418228154494,0.04283161788761104,0.5917874396135265,2.4212806613800333,0.5,2.1284873133762323,0.008236289695437495,-0.08320774797182587,0.08730609453708152,2.5,24.0,96.0,8,36,0.06
46,46,414,0.7514924304212467,0.13166778713251137,-0.25022223256089715,0.8053418228154494,0.04283161788761104,0.5917874396135265,2.4212806613800333,0.5,2.1284873133762323,0.013727149492395826,-0.13867957995304314,0.14551015756180255,2.5,24.0,96.0,8,36,0.1
63,63,252,0.6618282961847608,0.11861909949038196,-0.22187611735923518,0.8535650272797871,0.020610514130407428,0.5634920634920635,1.9496312725961262,0.6031746031746031,2.1003688694040017,0.008336455062430166,-0.09199049643997805,0.07723560753081161,2.5,24.0,120.0,3,12,0.06
63,63,252,1.1631615923449106,0.18563882744455218,-0.35521604290875985,0.8397658819742205,0.020610514130407428,0.5634920634920635,1.9496312725961262,0.6031746031746031,2.080091652905789,0.013574416670085208,-0.1533174940666301,0.12872601255135271,2.5,24.0,120.0,3,12,0.1
63,63,252,0.9543647112809439,0.15937369922920808,-0.220711235946372,1.184283322222633,0.039635604096937366,0.5595238095238095,2.5604703295164417,0.6031746031746031,2.6836792162599346,0.011203448506528954,-0.05175311490622819,0.10220460280375092,2.5,24.0,120.0,3,24,0.06
63,63,252,1.9192456658036088,0.2667264575014774,-0.3483501902685756,1.184283322222633,0.039635604096937366,0.5595238095238095,2.5604703295164417,0.6031746031746031,2.683679216259935,0.01867241417754826,-0.08625519151038033,0.1703410046729182,2.5,24.0,120.0,3,24,0.1
58,58,232,0.6963189956405327,0.12370194380797939,-0.2063672052365345,0.9917459158620403,0.05400508342350958,0.5818965517241379,2.443563591165721,0.5862068965517241,2.273415901678958,0.009741515173730321,-0.0531422812323892,0.1353986666729412,2.5,24.0,120.0,3,36,0.06
58,58,232,1.3176203214085347,0.20382389254580646,-0.3256833847931272,0.9917459158620402,0.05400508342350958,0.5818965517241379,2.443563591165721,0.5862068965517241,2.2734159016789577,0.016235858622883872,-0.08857046872064867,0.22566444445490205,2.5,24.0,120.0,3,36,0.1
63,63,378,0.41842246236753255,0.08019637695939141,-0.22941066850585068,0.6293775548036297,0.020610514130407428,0.582010582010582,1.8039628646158727,0.5555555555555556,1.7208464809045072,0.005790432987768065,-0.12033894675001074,0.06782638056762777,2.5,24.0,120.0,5,12,0.06
63,63,378,0.6601837737042986,0.11837470261471594,-0.36733642756829243,0.6117405593988237,0.020610514130407428,0.582010582010582,1.8039628646158727,0.5555555555555556,1.6953753735609496,0.009251864946591278,-0.2005649112500179,0.1080970268956708,2.5,24.0,120.0,5,12,0.1
63,63,378,0.7572180716029269,0.13248319438162226,-0.211491144316311,1.0581401891615965,0.039635604096937366,0.5846560846560847,2.467500989924886,0.6031746031746031,2.4027867739584496,0.009325452107858144,-0.06091111023174614,0.08891460182916842,2.5,24.0,120.0,5,24,0.06
63,63,378,1.4561907695823648,0.21935128416199778,-0.3353490730577786,1.0581401891615965,0.039635604096937366,0.5846560846560847,2.467500989924886,0.6031746031746031,2.402786773958449,0.015542420179763572,-0.10151851705291026,0.14819100304861405,2.5,24.0,120.0,5,24,0.1
58,58,348,0.5722356847555135,0.10502075665502297,-0.1683221371232685,0.9202519749994993,0.05400508342350958,0.603448275862069,2.4810672209209077,0.5344827586206896,2.2660397036371513,0.00825127169321927,-0.06069607190143767,0.090661019068561,2.5,24.0,120.0,5,36,0.06
58,58,348,1.0535833411685704,0.17211403637540168,-0.27094075694604014,0.920251974999499,0.05400508342350958,0.603448275862069,2.4810672209209077,0.5344827586206896,2.266039703637151,0.013752119488698781,-0.10116011983572948,0.15110169844760168,2.5,24.0,120.0,5,36,0.1
63,63,567,0.2510674837278317,0.050677323111654404,-0.247211155698279,0.42750317337408006,0.020610514130407428,0.5837742504409171,1.7047036996250455,0.5079365079365079,1.424421095663559,0.003872246993630707,-0.1446378964616253,0.06346162387777306,2.5,24.0,120.0,8,12,0.06
63,63,567,0.35870777948055976,0.06999127947403427,-0.39340098281742586,0.4177018443407723,0.020610514130407428,0.5837742504409171,1.7047036996250455,0.5079365079365079,1.4121250482724947,0.006220210897170119,-0.24106316076937553,0.10576937312962177,2.5,24.0,120.0,8,12,0.1
63,63,567,0.6194315695672958,0.11225726419022952,-0.22102733407287445,0.9201872285013972,0.039635604096937366,0.6031746031746031,2.4575129008361114,0.5873015873015873,2.1458795744789874,0.00794714186969449,-0.08339498219363717,0.0822853933507563,2.5,24.0,120.0,8,24,0.06
63,63,567,1.1443404491624056,0.1833543904753836,-0.34935293661030653,0.9201872285013974,0.039635604096937366,0.6031746031746031,2.4575129008361114,0.5873015873015873,2.1458795744789874,0.013245236449490822,-0.13899163698939532,0.1371423222512605,2.5,24.0,120.0,8,24,0.1
58,58,522,0.3842024196309428,0.07439017313665963,-0.17224586244442608,0.6887979797321259,0.05400508342350958,0.6206896551724138,2.4743951527279915,0.5,1.7908369701909461,0.005935410979166511,-0.08320774797182587,0.07945063496034588,2.5,24.0,120.0,8,36,0.06
58,58,522,0.6626326409735508,0.11873856668598126,-0.2771294784539813,0.6887979797321255,0.05400508342350958,0.6206896551724138,2.4743951527279915,0.5,1.790836970190946,0.009892351631944189,-0.13867957995304314,0.1324177249339098,2.5,24.0,120.0,8,36,0.1
18,18,72,0.2698470704981559,0.054137846113140764,-0.20064926239034375,0.5529097932800332,0.005888718322973551,0.6944444444444444,3.1798612367373202,0.8333333333333334,2.750899099814251,0.013499110936945098,-0.09199049643997805,0.07723560753081161,2.5,48.0,72.0,3,12,0.06
18,18,72,0.44092322606740386,0.08395491515325726,-0.3252918423859601,0.5529869606517882,0.005888718322973551,0.6944444444444444,3.1798612367373202,0.8333333333333334,2.7507272401804888,0.022496309884481005,-0.1533174940666301,0.12872601255135271,2.5,48.0,72.0,3,12,0.1
18,18,72,0.5440956452521579,0.10062513482030688,-0.1339890142805088,1.156884313977553,0.011324458313410675,0.6666666666666666,5.118444884254914,0.8888888888888888,7.3631212472512315,0.0252302004602725,-0.05175311490622819,0.10220460280375092,2.5,48.0,72.0,3,24,0.06
18,18,72,1.0217519198734544,0.1680799501581196,-0.21992074178481402,1.1568843139775529,0.011324458313410675,0.6666666666666666,5.118444884254914,0.8888888888888888,7.363121247251232,0.04205033410045417,-0.08625519151038033,0.1703410046729182,2.5,48.0,72.0,3,24,0.1
18,18,72,0.45780718376742024,0.08674529402951126,-0.11615269568355635,1.0687025947932618,0.016760198303847798,0.625,4.008658416294771,0.7777777777777778,4.8334916591172945,0.02313583095053214,-0.051818261937662584,0.1353986666729412,2.5,48.0,72.0,3,36,0.06
18,18,72,0.8423267735228184,0.14436629940699808,-0.19047935545592642,1.0687025947932618,0.016760198303847798,0.625,4.008658416294771,0.7777777777777778,4.833491659117293,0.0385597182508869,-0.08636376989610431,0.22566444445490205,2.5,48.0,72.0,3,36,0.1
18,18,108,0.20989648609416367,0.04294668045728689,-0.19232930522560066,0.4632220685044094,0.005888718322973551,0.6944444444444444,2.684107812403346,0.7777777777777778,2.3577642579064704,0.010992349064532971,-0.12033894675001074,0.06782638056762777,2.5,48.0,72.0,5,12,0.06
18,18,108,0.3247486949307228,0.06403089014766161,-0.31393289056556517,0.4581395982401069,0.005888718322973551,0.6944444444444444,2.684107812403346,0.7777777777777778,2.337005441164358,0.01804047895265645,-0.2005649112500179,0.1080970268956708,2.5,48.0,72.0,5,12,0.1
18,18,108,0.38840809820259414,0.07510974999605802,-0.13330151028852044,0.9276278049011438,0.011324458313410675,0.6851851851851852,3.999662606721018,0.7777777777777778,5.119476913853552,0.01893222721774506,-0.06091111023174614,0.08891460182916842,2.5,48.0,72.0,5,24,0.06
18,18,108,0.6963847515377903,0.1237115569195264,-0.21991371988748654,0.927627804901144,0.011324458313410675,0.6851851851851852,3.999662606721018,0.7777777777777778,5.119476913853552,0.031553712029575104,-0.10151851705291026,0.14819100304861405,2.5,48.0,72.0,5,24,0.1
18,18,108,0.29790342451272234,0.05923424071216221,-0.11409062022832661,0.8021993347394961,0.016760198303847798,0.6203703703703703,3.0950742778697142,0.7222222222222222,3.476479705265668,0.015861065412034595,-0.06069607190143767,0.090661019068561,2.5,48.0,72.0,5,36,0.06
18,18,108,0.5211588497004283,0.09699586765029844,-0.18886425907810334,0.8021993347394965,0.016760198303847798,0.6203703703703703,3.0950742778697142,0.7222222222222222,3.4764797052656684,0.026435109020057655,-0.10116011983572948,0.15110169844760168,2.5,48.0,72.0,5,36,0.1
18,18,162,0.19446781411963054,0.0399968051479509,-0.20130566135625927,0.4283983564439223,0.005888718322973551,0.7098765432098766,2.568753668253226,0.7222222222222222,2.1961564995583767,0.010651593158854314,-0.1446378964616253,0.06346162387777306,2.5,48.0,72.0,8,12,0.06
18,18,162,0.30097292278701904,0.05978658443200979,-0.32646939200315517,0.4296767324782536,0.005888718322973551,0.7098765432098766,2.568753668253226,0.7222222222222222,2.2014971506537244,0.017788659317893647,-0.24106316076937553,0.10576937312962177,2.5,48.0,72.0,8,12,0.1
18,18,162,0.3501896823013959,0.06850721570937268,-0.1378708047187308,0.8365193446741087,0.011324458313410675,0.7037037037037037,3.807105765558834,0.7777777777777778,4.042055547179829,0.01740235834726989,-0.08339498219363717,0.0822853933507563,2.5,48.0,72.0,8,24,0.06
18,18,162,0.6176918199143071,0.11199344674575173,-0.22675474704172682,0.8365193446741087,0.011324458313410675,0.7037037037037037,3.807105765558834,0.7777777777777778,4.042055547179828,0.02900393057878315,-0.13899163698939532,0.1371423222512605,2.5,48.0,72.0,8,24,0.1
18,18,162,0.22559305671196683,0.04591784518301911,-0.13085140965219322,0.627073608151461,0.016760198303847798,0.6419753086419753,2.8960740382996564,0.7222222222222222,2.4860593579120303,0.012413854651947928,-0.08320774797182587,0.07945063496034588,2.5,48.0,72.0,8,36,0.06
18,18,162,0.3818001855322335,0.07397839445151866,-0.21510700433161234,0.6270736081514607,0.016760198303847798,0.6419753086419753,2.8960740382996564,0.7222222222222222,2.4860593579120307,0.020689757753246545,-0.13867957995304314,0.1324177249339098,2.5,48.0,72.0,8,36,0.1
26,26,104,0.4007501435832943,0.07721166928275469,-0.1949123474438751,0.7067237897479426,0.008505926466517351,0.625,2.543143251004306,0.7692307692307693,2.6577435187523037,0.013260586740934091,-0.09199049643997805,0.07723560753081161,2.5,48.0,96.0,3,12,0.06
26,26,104,0.6739659455272258,0.12041710284324858,-0.3163591273888685,0.6980709893101356,0.008505926466517351,0.625,2.543143251004306,0.7692307692307693,2.6313830835184295,0.021749541512278845,-0.1533174940666301,0.12872601255135271,2.5,48.0,96.0,3,12,0.1
26,26,104,0.6626814834178498,0.1187458196738791,-0.16710885087003813,1.2001432358055497,0.016357550897148753,0.6153846153846154,3.7125640431567573,0.7692307692307693,6.559187282938596,0.02023548470978749,-0.05175311490622819,0.10220460280375092,2.5,48.0,96.0,3,24,0.06
26,26,104,1.275152493800054,0.19892050006848416,-0.2695291459037813,1.2001432358055493,0.016357550897148753,0.6153846153846154,3.7125640431567573,0.7692307692307693,6.559187282938597,0.03372580784964582,-0.08625519151038033,0.1703410046729182,2.5,48.0,96.0,3,24,0.1
26,26,104,0.5678462332173566,0.10433915875075428,-0.1373746489466945,1.0905994089679827,0.024209175327780153,0.5769230769230769,3.070582318851488,0.6923076923076923,4.046085787492296,0.01877718757702062,-0.051818261937662584,0.1353986666729412,2.5,48.0,96.0,3,36,0.06
26,26,104,1.067083037208898,0.1738101862319279,-0.2230492139401553,1.0905994089679827,0.024209175327780153,0.5769230769230769,3.070582318851488,0.6923076923076923,4.046085787492295,0.031295312628367704,-0.08636376989610431,0.22566444445490205,2.5,48.0,96.0,3,36,0.1
26,26,156,0.25885753604984685,0.05211768000777073,-0.20530796640272375,0.5220723100351684,0.008505926466517351,0.6282051282051282,2.0890819031081556,0.6923076923076923,2.1343639926207083,0.009177538373895925,-0.12033894675001074,0.06782638056762777,2.5,48.0,96.0,5,12,0.06
26,26,156,0.41040284117675263,0.07884554248841891,-0.3317531121186825,0.5173719334306264,0.008505926466517351,0.6282051282051282,2.0890819031081556,0.6923076923076923,2.119982826114973,0.01510197995181989,-0.2005649112500179,0.1080970268956708,2.5,48.0,96.0,5,12,0.1
26,26,156,0.4950728740062378,0.09281610390152983,-0.17030585768369744,1.0157198520925412,0.016357550897148753,0.6346153846153846,2.848250865955803,0.7692307692307693,4.416705446649024,0.015869901498699965,-0.06091111023174614,0.08891460182916842,2.5,48.0,96.0,5,24,0.06
26,26,156,0.9109161885330341,0.15363542988685164,-0.2744458882533648,1.015719852092541,0.016357550897148753,0.6346153846153846,2.848250865955803,0.7692307692307693,4.416705446649022,0.02644983583116661,-0.10151851705291026,0.14819100304861405,2.5,48.0,96.0,5,24,0.1
26,26,156,0.37494494547565815,0.07280022870664937,-0.13024964151870955,0.8642854021990289,0.024209175327780153,0.5833333333333334,2.4698244153078233,0.6538461538461539,3.2010297546446926,0.013093370158253823,-0.06069607190143767,0.090661019068561,2.5,48.0,96.0,5,36,0.06
26,26,156,0.6676902204213748,0.11948872530962196,-0.21255268015124507,0.8642854021990289,0.024209175327780153,0.5833333333333334,2.4698244153078233,0.6538461538461539,3.2010297546446917,0.02182228359708971,-0.10116011983572948,0.15110169844760168,2.5,48.0,96.0,5,36,0.1
26,26,234,0.23817379859069487,0.04827788717876058,-0.2088737067925135,0.48363265400723093,0.008505926466517351,0.6538461538461539,2.036470027399378,0.6923076923076923,2.1259006119532518,0.008779997560346097,-0.1446378964616253,0.06346162387777306,2.5,48.0,96.0,8,12,0.06
26,26,234,0.38131372935981966,0.07389494070745406,-0.3381707996973403,0.48904780856746055,0.008505926466517351,0.6538461538461539,2.036470027399378,0.6923076923076923,2.1482779959228266,0.014768711578285871,-0.24106316076937553,0.10576937312962177,2.5,48.0,96.0,8,12,0.1
26,26,234,0.4746042789211138,0.08949643695408915,-0.17687221124185548,0.9773179647697634,0.016357550897148753,0.6495726495726496,2.748203455479354,0.7692307692307693,3.7149367357633607,0.015419705267927923,-0.08339498219363717,0.0822853933507563,2.5,48.0,96.0,8,24,0.06
26,26,234,0.8665448041881703,0.14766935967055983,-0.28466852416805855,0.9773179647697632,0.016357550897148753,0.6495726495726496,2.748203455479354,0.7692307692307693,3.71493673576336,0.025699508779879872,-0.13899163698939532,0.1371423222512605,2.5,48.0,96.0,8,24,0.1
26,26,234,0.30619890523108584,0.060724646659054304,-0.14015994517741215,0.7371966678314487,0.024209175327780153,0.6111111111111112,2.411903526588971,0.6538461538461539,2.4262509589783083,0.011000203015343098,-0.08320774797182587,0.07945063496034588,2.5,48.0,96.0,8,36,0.06
26,26,234,0.5312151410238626,0.09859227860935404,-0.22789732821201503,0.7371966678314488,0.024209175327780153,0.6111111111111112,2.411903526588971,0.6538461538461539,2.426250958978309,0.018333671692238495,-0.13867957995304314,0.1324177249339098,2.5,48.0,96.0,8,36,0.1
39,39,156,0.5794569185909095,0.10613885652957333,-0.219022686374012,0.8591334743592978,0.012758889699776028,0.6025641025641025,2.35488314200343,0.6923076923076923,2.6895515551923115,0.012194453521783949,-0.09199049643997805,0.07723560753081161,2.5,48.0,120.0,3,12,0.06
39,39,156,1.031266290889266,0.16929088879048515,-0.34887433690557934,0.8530935629569374,0.012758889699776028,0.6025641025641025,2.35488314200343,0.6923076923076923,2.680489985485118,0.020097910503884972,-0.1533174940666301,0.12872601255135271,2.5,48.0,120.0,3,12,0.1
39,39,156,0.6187165241648773,0.11214886070952645,-0.19210536048035598,1.015323876843875,0.024536326345723128,0.5961538461538461,2.8645227609957793,0.6153846153846154,3.106643137569888,0.012840723299055726,-0.05175311490622819,0.10220460280375092,2.5,48.0,120.0,3,24,0.06
39,39,156,1.1607106126341598,0.18534221646774607,-0.30625728262181995,1.0153238768438746,0.024536326345723128,0.5961538461538461,2.8645227609957793,0.6153846153846154,3.1066431375698875,0.02140120549842621,-0.08625519151038033,0.1703410046729182,2.5,48.0,120.0,3,24,0.1
39,39,156,0.5019028206350566,0.09391592639406987,-0.17586254832242587,0.88310077240741,0.03631376299167023,0.5769230769230769,2.46578805523046,0.6153846153846154,2.3538931647153314,0.011342514940204043,-0.0531422812323892,0.1353986666729412,2.5,48.0,120.0,3,36,0.06
39,39,156,0.9113565924404732,0.15369410194713273,-0.2805985952059571,0.8831007724074101,0.03631376299167023,0.5769230769230769,2.46578805523046,0.6153846153846154,2.3538931647153314,0.01890419156700674,-0.08857046872064867,0.22566444445490205,2.5,48.0,120.0,3,36,0.1
39,39,234,0.3343621186787302,0.06573017646237411,-0.2388017828118144,0.5847045920972666,0.012758889699776028,0.6111111111111112,2.023822369651973,0.6153846153846154,1.9085041890181897,0.007853574522261523,-0.12033894675001074,0.06782638056762777,2.5,48.0,120.0,5,12,0.06
39,39,234,0.530100756099575,0.09841577606295515,-0.37762130895221957,0.572877938411057,0.012758889699776028,0.6111111111111112,2.023822369651973,0.6153846153846154,1.8862966246861526,0.012731130034771021,-0.2005649112500179,0.1080970268956708,2.5,48.0,120.0,5,12,0.1
39,39,234,0.5021093856490444,0.0939491286683265,-0.18589639550251402,0.9071120012529725,0.024536326345723128,0.6153846153846154,2.6290747748952676,0.6153846153846154,2.7137294556109257,0.010804788327578693,-0.06091111023174614,0.08891460182916842,2.5,48.0,120.0,5,24,0.06
39,39,234,0.9130773818913127,0.15392325023557318,-0.297676226535628,0.9071120012529725,0.024536326345723128,0.6153846153846154,2.6290747748952676,0.6153846153846154,2.7137294556109257,0.01800798054596449,-0.10151851705291026,0.14819100304861405,2.5,48.0,120.0,5,24,0.1
39,39,234,0.4167554346791611,0.0799160717735028,-0.15000443137719277,0.8179634266168391,0.03631376299167023,0.5982905982905983,2.4558566119258267,0.5897435897435898,2.325508086376363,0.009591330345257314,-0.06069607190143767,0.090661019068561,2.5,48.0,120.0,5,36,0.06
39,39,234,0.7412083669044094,0.13019796895880553,-0.2428841088492053,0.8179634266168391,0.03631376299167023,0.5982905982905983,2.4558566119258267,0.5897435897435898,2.3255080863763635,0.015985550575428855,-0.10116011983572948,0.15110169844760168,2.5,48.0,120.0,5,36,0.1
39,39,351,0.29694829208791274,0.059062160862755064,-0.2365706411608025,0.529179551096691,0.012758889699776028,0.6381766381766382,2.0757848102199636,0.6153846153846154,1.8581365441831394,0.00726497163273852,-0.1446378964616253,0.06346162387777306,2.5,48.0,120.0,8,12,0.06
39,39,351,0.4684489382852104,0.08849112186733898,-0.37640537314119327,0.5262878994836689,0.012758889699776028,0.6381766381766382,2.0757848102199636,0.6153846153846154,1.8536127098473425,0.011948460217981722,-0.24106316076937553,0.10576937312962177,2.5,48.0,120.0,8,12,0.1
39,39,351,0.493187414657841,0.09251179991475467,-0.196201902574082,0.8917588622303197,0.024536326345723128,0.6410256410256411,2.753560329880273,0.6153846153846154,2.58584676541072,0.010686979277399788,-0.08339498219363717,0.0822853933507563,2.5,48.0,120.0,8,24,0.06
39,39,351,0.8932847146850971,0.1512778037413176,-0.31308470584067916,0.8917588622303197,0.024536326345723128,0.6410256410256411,2.753560329880273,0.6153846153846154,2.5858467654107202,0.017811632128999656,-0.13899163698939532,0.1371423222512605,2.5,48.0,120.0,8,24,0.1
39,39,351,0.36043413612677444,0.07029116949782122,-0.16524752872098525,0.7371566223131483,0.03631376299167023,0.6353276353276354,2.612555541055564,0.5897435897435898,2.0817251264592893,0.008465243918841235,-0.08320774797182587,0.07945063496034588,2.5,48.0,120.0,8,36,0.06
39,39,351,0.6281820793299173,0.11358086126598232,-0.26577859388464375,0.7371566223131479,0.03631376299167023,0.6353276353276354,2.612555541055564,0.5897435897435898,2.0817251264592893,0.01410873986473539,-0.13867957995304314,0.1324177249339098,2.5,48.0,120.0,8,36,0.1
18,18,72,0.21768486175359847,0.044424653312583606,-0.07977830919553364,0.7150169495900375,0.005888718322973551,0.625,3.72822012946969,0.6111111111111112,2.979616640889606,0.01083578164483067,-0.031696249349157886,0.06111426337159555,3.0,24.0,72.0,3,12,0.06
18,18,72,0.36167805149333576,0.07050706957966102,-0.130222135520628,0.7003769943430713,0.005888718322973551,0.625,3.72822012946969,0.6111111111111112,2.9176990532809026,0.017494774638548437,-0.05282708224859649,0.09168959976827763,3.0,24.0,72.0,3,12,0.1
18,18,72,0.4063340119666494,0.07815789393213657,-0.046081385392724994,1.2534073725968948,0.011324458313410675,0.6111111111111112,6.140827920726905,0.7222222222222222,9.00546865771549,0.020507737336821916,-0.019618086527515947,0.10220460280375092,3.0,24.0,72.0,3,24,0.06
18,18,72,0.7487041978929638,0.1312699535260402,-0.07625745448524457,1.2534073725968942,0.011324458313410675,0.6111111111111112,6.140827920726905,0.7222222222222222,9.005468657715491,0.034179562228036524,-0.032696810879193246,0.1703410046729182,3.0,24.0,72.0,3,24,0.1
17,17,68,0.4276816023292247,0.08174861455169746,-0.045419121957973485,1.2737385671115908,0.015829076175856254,0.6029411764705882,5.951377289799861,0.7058823529411765,12.033786664195086,0.024064130069900273,-0.011592686906427807,0.1353986666729412,3.0,24.0,72.0,3,36,0.06
17,17,68,0.7922353377011777,0.1374255590542428,-0.07486869478785241,1.273738567111591,0.015829076175856254,0.6029411764705882,5.951377289799861,0.7058823529411765,12.033786664195086,0.04010688344983379,-0.01932114484404635,0.22566444445490205,3.0,24.0,72.0,3,36,0.1
18,18,108,0.2171529142197517,0.04432394225127667,-0.055014306346278574,0.7791617202783467,0.005888718322973551,0.6666666666666666,4.165655176790459,0.6666666666666666,4.19891838722,0.010693848617433693,-0.01734719965060191,0.045245287504663854,3.0,24.0,72.0,5,12,0.06
18,18,108,0.36233842824065876,0.07062162537070349,-0.09055121316438253,0.7630725401642829,0.005888718322973551,0.6666666666666666,4.165655176790459,0.6666666666666666,4.092638130310218,0.017230930370177325,-0.028911999417669858,0.06475010064795406,3.0,24.0,72.0,5,12,0.1
18,18,108,0.3206764303594858,0.06330817063698935,-0.0446295094498701,1.1263147044582547,0.011324458313410675,0.6666666666666666,6.872638196357711,0.7222222222222222,9.998243477266662,0.0164266414938199,-0.01856990940010914,0.07588979260321155,3.0,24.0,72.0,5,24,0.06
18,18,108,0.5773802820597616,0.10581772925843724,-0.07421366320804668,1.1263147044582544,0.011324458313410675,0.6666666666666666,6.872638196357711,0.7222222222222222,9.99824347726666,0.027377735823033163,-0.0309498490001819,0.12648298767201926,3.0,24.0,72.0,5,24,0.1
17,17,102,0.363216740933894,0.07077391955445234,-0.04472611148727368,1.216583070439299,0.015829076175856254,0.6470588235294118,5.8613871908922714,0.6470588235294118,27.08743739290613,0.020214460878972634,-0.005379317488865972,0.09442775940845498,3.0,24.0,72.0,5,36,0.06
17,17,102,0.6621723717465655,0.11867020963391828,-0.07423961998683137,1.2165830704392995,0.015829076175856254,0.6470588235294118,5.8613871908922714,0.6470588235294118,27.087437392906132,0.033690768131621064,-0.008965529148109953,0.15737959901409165,3.0,24.0,72.0,5,36,0.1
18,18,162,0.21948432773535598,0.04476508356514253,-0.06713363886426582,0.7669939995862799,0.005888718322973551,0.6728395061728395,4.21956224935672,0.6666666666666666,3.4653782539061435,0.0109963349085546,-0.024208631028974966,0.05022641357355022,3.0,24.0,72.0,8,12,0.06
18,18,162,0.3688515167502089,0.07174914138369703,-0.11021222945153097,0.7539800086846166,0.005888718322973551,0.6728395061728395,4.21956224935672,0.6666666666666666,3.402266103813037,0.01785805928910574,-0.04034771838162495,0.08371068928925036,3.0,24.0,72.0,8,12,0.1
18,18,162,0.3095395872169242,0.061322766688685526,-0.046643257367978586,1.0994028160882574,0.011324458313410675,0.7098765432098766,7.902458170572269,0.7777777777777778,7.98415079432313,0.01597903538330521,-0.016829555782909844,0.0822853933507563,3.0,24.0,72.0,8,24,0.06
18,18,162,0.5553882955701392,0.10239654573163737,-0.07703863042919012,1.0994028160882572,0.011324458313410675,0.7098765432098766,7.902458170572269,0.7777777777777778,7.9841507943231305,0.026631725638842016,-0.02804925963818308,0.1371423222512605,3.0,24.0,72.0,8,24,0.1
17,17,153,0.3303815968574062,0.06502773327397549,-0.036149886272928033,1.1574024945815276,0.015829076175856254,0.6928104575163399,6.752938381919928,0.5882352941176471,9.145590901895234,0.0182583321941619,-0.019002142774001057,0.08730609453708152,3.0,24.0,72.0,8,36,0.06
17,17,153,0.5967495088083874,0.10880025210127187,-0.06037123830218105,1.1574024945815278,0.015829076175856254,0.6928104575163399,6.752938381919928,0.5882352941176471,9.145590901895234,0.030430553656936504,-0.031670237956668436,0.14551015756180255,3.0,24.0,72.0,8,36,0.1
22,22,88,0.20646687666896457,0.04229350326573522,-0.07977830919553353,0.6205833239860324,0.0071973223947454515,0.5795454545454546,2.6456995164717205,0.5909090909090909,2.19288632837222,0.008423644344606846,-0.04560790980876847,0.06111426337159555,3.0,24.0,96.0,3,12,0.06
22,22,88,0.3375802053965753,0.06629687984060251,-0.130222135520628,0.6061981725608248,0.0071973223947454515,0.5795454545454546,2.6456995164717205,0.5909090909090909,2.1536180338587525,0.013577247884145579,-0.07601318301461413,0.09168959976827763,3.0,24.0,96.0,3,12,0.1
22,22,88,0.5539414955008339,0.10217015573518551,-0.050457849717017056,1.4339021016930384,0.013841004605279714,0.6022727272727273,4.8819907962561055,0.7272727272727273,10.18935986955356,0.02131357402538983,-0.019618086527515947,0.10220460280375092,3.0,24.0,96.0,3,24,0.06
22,22,88,1.0598123988571948,0.17289775367229643,-0.084357027486203,1.4339021016930387,0.013841004605279714,0.6022727272727273,4.8819907962561055,0.7272727272727273,10.189359869553558,0.035522623375649716,-0.032696810879193246,0.1703410046729182,3.0,24.0,96.0,3,24,0.1
21,21,84,0.4603818652500473,0.08716859060619297,-0.04754806986961413,1.2260859538153916,0.019553564687822433,0.5714285714285714,4.422256630993268,0.7142857142857143,8.010417239865506,0.020545188861281368,-0.024467838959626554,0.1353986666729412,3.0,24.0,96.0,3,36,0.06
21,21,84,0.8568800066036604,0.14635522039325188,-0.07965493883855113,1.2260859538153916,0.019553564687822433,0.5714285714285714,4.422256630993268,0.7142857142857143,8.010417239865506,0.03424198143546896,-0.04077973159937759,0.22566444445490205,3.0,24.0,96.0,3,36,0.1
22,22,132,0.21838754351974088,0.04455763611714936,-0.05869179409626846,0.7110122879373154,0.0071973223947454515,0.6212121212121212,2.783608566556301,0.6363636363636364,2.7725066352952776,0.008769043296582759,-0.02753821340236404,0.045245287504663854,3.0,24.0,96.0,5,12,0.06
22,22,132,0.3606808235517045,0.07033399800889062,-0.0970495667022443,0.6951838350090145,0.0071973223947454515,0.6212121212121212,2.783608566556301,0.6363636363636364,2.7070562726531886,0.014075406044112683,-0.045897022337273406,0.07108760321452894,3.0,24.0,96.0,5,12,0.1
22,22,132,0.4513665921218042,0.08568385604944906,-0.04462950944987021,1.3299908770990891,0.013841004605279714,0.6515151515151515,5.252948198540794,0.7727272727272727,12.831232699486186,0.017671396001582223,-0.01856990940010914,0.07588979260321155,3.0,24.0,96.0,5,24,0.06
22,22,132,0.8419535869897041,0.1443151370118938,-0.07421366320804679,1.3299908770990887,0.013841004605279714,0.6515151515151515,5.252948198540794,0.7727272727272727,12.831232699486188,0.029452326669303707,-0.0309498490001819,0.12648298767201926,3.0,24.0,96.0,5,24,0.1
21,21,126,0.403676473759802,0.07770792176406616,-0.04472611148727368,1.2090820606526762,0.019553564687822433,0.6190476190476191,4.472021230462396,0.6666666666666666,17.117051514085798,0.017685445096713732,-0.009870718899071585,0.09442775940845498,3.0,24.0,96.0,5,36,0.06
21,21,126,0.7420365345282947,0.13031658236552124,-0.07423961998683071,1.2090820606526766,0.019553564687822433,0.6190476190476191,4.472021230462396,0.6666666666666666,17.11705151408579,0.02947574182785623,-0.01645119816511931,0.15737959901409165,3.0,24.0,96.0,5,36,0.1
22,22,198,0.23850560692547074,0.048339878228195854,-0.06713363886426604,0.7546565162354987,0.0071973223947454515,0.6313131313131313,2.9429833581517224,0.5909090909090909,2.822544081328252,0.00963293420866303,-0.024208631028974966,0.05022641357355022,3.0,24.0,96.0,8,12,0.06
22,22,198,0.40778501875867135,0.07840329758947306,-0.11021222945153064,0.7565285426443312,0.0071973223947454515,0.6313131313131313,2.9429833581517224,0.5909090909090909,2.831094733228823,0.015833221374408544,-0.04034771838162495,0.08371068928925036,3.0,24.0,96.0,8,12,0.1
22,22,198,0.4604724567183629,0.08718347391502346,-0.046643257367979585,1.3641622951119003,0.013841004605279714,0.6919191919191919,5.940478537076114,0.8181818181818182,10.594462303062668,0.017960044811764928,-0.016829555782909844,0.0822853933507563,3.0,24.0,96.0,8,24,0.06
22,22,198,0.8615620624137381,0.146992511592954,-0.07703863042919024,1.3641622951118997,0.013841004605279714,0.6919191919191919,5.940478537076114,0.8181818181818182,10.594462303062667,0.029933408019608213,-0.02804925963818308,0.1371423222512605,3.0,24.0,96.0,8,24,0.1
21,21,189,0.3847912686680677,0.07449102563062304,-0.04334792073532512,1.1966615884272032,0.019553564687822433,0.6613756613756614,5.035249475217234,0.5714285714285714,7.719639814280677,0.016582580315600656,-0.019002142774001057,0.08730609453708152,3.0,24.0,96.0,8,36,0.06
21,21,189,0.7041357197342033,0.12484267219967449,-0.07201015035823521,1.1966615884272027,0.019553564687822433,0.6613756613756614,5.035249475217234,0.5714285714285714,7.719639814280675,0.027637633859334428,-0.031670237956668436,0.14551015756180255,3.0,24.0,96.0,8,36,0.1
29,29,116,0.07668962569927196,0.016441093688930764,-0.2458114836180687,0.20405061479592435,0.009487379520346277,0.5431034482758621,1.881126919310278,0.5172413793103449,1.2475436121858636,0.0026185370488571963,-0.09199049643997805,0.06111426337159555,3.0,24.0,120.0,3,12,0.06
29,29,116,0.08447807747785041,0.018059227544040768,-0.38647120783470446,0.19742145416880538,0.009487379520346277,0.5431034482758621,1.881126919310278,0.5172413793103449,1.2366353280979339,0.004141624568937965,-0.1533174940666301,0.09168959976827763,3.0,24.0,120.0,3,12,0.1
29,29,116,0.4473528865666607,0.08502052169031438,-0.161312885092335,0.8844648710597388,0.01824496061605053,0.5775862068965517,3.5333670328354914,0.6551724137931034,3.257038976254605,0.013568836080625089,-0.05175311490622819,0.10220460280375092,3.0,24.0,120.0,3,24,0.06
29,29,116,0.8052574015576062,0.13924431315676666,-0.26185175347099143,0.8844648710597383,0.01824496061605053,0.5775862068965517,3.5333670328354914,0.6551724137931034,3.257038976254605,0.022614726801041814,-0.08625519151038033,0.1703410046729182,3.0,24.0,120.0,3,24,0.1
28,28,112,0.4469341971401908,0.0849512434737123,-0.15322273408522524,0.9311252918055821,0.026071419583763245,0.5892857142857143,3.6002529381251844,0.6428571428571429,3.5245517894676324,0.014989562548116989,-0.051818261937662584,0.1353986666729412,3.0,24.0,120.0,3,36,0.06
28,28,112,0.8106157547986073,0.13998973069265874,-0.24735005455759862,0.9311252918055823,0.026071419583763245,0.5892857142857143,3.6002529381251844,0.6428571428571429,3.5245517894676337,0.024982604246861658,-0.08636376989610431,0.22566444445490205,3.0,24.0,120.0,3,36,0.1
29,29,174,0.058608390332685945,0.012649052498704183,-0.2199179674873738,0.17278342148622927,0.009487379520346277,0.603448275862069,1.8582057385519448,0.5862068965517241,1.2176362560314555,0.002082676982158276,-0.12033894675001074,0.045245287504663854,3.0,24.0,120.0,5,12,0.06
29,29,174,0.05607596629954448,0.012113924728663905,-0.3520646105204137,0.16631078959008666,0.009487379520346277,0.603448275862069,1.8582057385519448,0.5862068965517241,1.2056283844852043,0.003242450193682068,-0.2005649112500179,0.07108760321452894,3.0,24.0,120.0,5,12,0.1
29,29,174,0.36048397164709733,0.07029982215398234,-0.1492112670696374,0.7741559002578501,0.01824496061605053,0.6264367816091954,3.800545724280089,0.6896551724137931,3.199962483368883,0.011063987691870433,-0.06091111023174614,0.07588979260321155,3.0,24.0,120.0,5,24,0.06
29,29,174,0.6313303549469473,0.11405571165500072,-0.24384607355812982,0.7741559002578497,0.01824496061605053,0.6264367816091954,3.800545724280089,0.6896551724137931,3.1999624833688824,0.01843997948645072,-0.10151851705291026,0.12648298767201926,3.0,24.0,120.0,5,24,0.1
28,28,168,0.4493871430672769,0.08535689671934321,-0.1193516022177128,0.9774471329460558,0.026071419583763245,0.6428571428571429,3.8655913776517896,0.6428571428571429,4.674766888569467,0.014528798190056074,-0.06069607190143767,0.09442775940845498,3.0,24.0,120.0,5,36,0.06
28,28,168,0.8191269483589585,0.14117022351021347,-0.1965808466237563,0.9774471329460559,0.026071419583763245,0.6428571428571429,3.8655913776517896,0.6428571428571429,4.674766888569469,0.02421466365009346,-0.10116011983572948,0.15737959901409165,3.0,24.0,120.0,5,36,0.1
29,29,261,0.05682438053447614,0.012272176513008048,-0.23478083573079045,0.16843062284543037,0.009487379520346277,0.6130268199233716,1.899892251555167,0.5517241379310345,1.2110671055284472,0.0022397461942917137,-0.1446378964616253,0.05022641357355022,3.0,24.0,120.0,8,12,0.06
29,29,261,0.05495161482604938,0.011876016862725658,-0.37463737084327364,0.16685165871722907,0.009487379520346277,0.6130268199233716,1.899892251555167,0.5517241379310345,1.2086663263360602,0.0036440750372846733,-0.24106316076937553,0.08371068928925036,3.0,24.0,120.0,8,12,0.1
29,29,261,0.35450369908942037,0.06925973342384784,-0.16063713232944488,0.7595163077396088,0.01824496061605053,0.6666666666666666,3.9423314844073536,0.7586206896551724,2.9731386946447347,0.011016698828200019,-0.08339498219363717,0.0822853933507563,3.0,24.0,120.0,8,24,0.06
29,29,261,0.618475449016854,0.11211230442963949,-0.2618005102083234,0.7595163077396087,0.01824496061605053,0.6666666666666666,3.9423314844073536,0.7586206896551724,2.9731386946447342,0.0183611647136667,-0.13899163698939532,0.1371423222512605,3.0,24.0,120.0,8,24,0.1
28,28,252,0.3839610897740524,0.07434883078176768,-0.14339958686982301,0.8708140766484638,0.026071419583763245,0.6746031746031746,4.024076255137551,0.5357142857142857,3.1707340981391483,0.012587187933228203,-0.08320774797182587,0.08730609453708152,3.0,24.0,120.0,8,36,0.06
28,28,252,0.684836269404618,0.12201876809604983,-0.23364996832244922,0.8708140766484639,0.026071419583763245,0.6746031746031746,4.024076255137551,0.5357142857142857,3.1707340981391483,0.020978646555380343,-0.13867957995304314,0.14551015756180255,3.0,24.0,120.0,8,36,0.1
6,6,24,0.09193686195100925,0.01960040215159564,-0.06574692079672217,0.46028513165065704,0.0019629061076578505,0.6666666666666666,4.674196543918414,0.8333333333333334,3.671120047009303,0.014110747841923529,-0.031696249349157886,0.04702451219375744,3.0,48.0,72.0,3,12,0.06
6,6,24,0.1523256026963653,0.031785292295872125,-0.10799526996865916,0.46028513165065704,0.0019629061076578505,0.6666666666666666,4.674196543918414,0.8333333333333334,3.671120047009302,0.023517913069872554,-0.05282708224859649,0.07837418698959574,3.0,48.0,72.0,3,12,0.1
6,6,24,0.18269137681452907,0.037725169383173274,-0.0470559062113316,0.9724345956317811,0.0037748194378035586,0.625,7.653886693663129,0.8333333333333334,10.40703618550033,0.030758008309103167,-0.019618086527515947,0.10220460280375092,3.0,48.0,72.0,3,24,0.06
6,6,24,0.3177419332087281,0.06278629744830844,-0.07767711230446872,0.9724345956317806,0.0037748194378035586,0.625,7.653886693663129,0.8333333333333334,10.407036185500331,0.05126334718183862,-0.032696810879193246,0.1703410046729182,3.0,48.0,72.0,3,24,0.1
6,6,24,0.17378716107416237,0.0359958440381567,-0.03749131850686438,0.8719968074989104,0.005586732767949266,0.5416666666666666,7.0636758719600605,0.8333333333333334,19.571675447978954,0.031630229342289186,-0.010218861329196225,0.1353986666729412,3.0,48.0,72.0,3,36,0.06
6,6,24,0.3005464717975448,0.05970990710044344,-0.06207874707595562,0.8719968074989105,0.005586732767949266,0.5416666666666666,7.0636758719600605,0.8333333333333334,19.571675447978958,0.052717048903815324,-0.01703143554866038,0.22566444445490205,3.0,48.0,72.0,3,36,0.1
6,6,36,0.0943978021432541,0.02010709492683893,-0.04571438370268177,0.5118446341430062,0.0019629061076578505,0.6944444444444444,4.582966211982557,0.8333333333333334,7.91891824703934,0.01442472339321059,-0.012508941032262992,0.029965642631917297,3.0,48.0,72.0,5,12,0.06
6,6,36,0.1575608681003695,0.03281800047744743,-0.07569724939855782,0.5118446341430061,0.0019629061076578505,0.6944444444444444,4.582966211982557,0.8333333333333334,7.918918247039339,0.02404120565535098,-0.020848235053771657,0.049942737719862164,3.0,48.0,72.0,5,12,0.1
6,6,36,0.1184739290371235,0.02501796883369778,-0.044670804105070405,0.7266476169050133,0.0037748194378035586,0.6666666666666666,6.738316493330122,0.8333333333333334,7.5411434923009475,0.020244740337523683,-0.01856990940010914,0.07588979260321155,3.0,48.0,72.0,5,24,0.06
6,6,36,0.20153239669856404,0.04135117654717191,-0.07372996639856477,0.7266476169050136,0.0037748194378035586,0.6666666666666666,6.738316493330122,0.8333333333333334,7.541143492300948,0.03374123389587281,-0.0309498490001819,0.12648298767201926,3.0,48.0,72.0,5,24,0.1
6,6,36,0.10800576429459396,0.022892972684636526,-0.03036977559994558,0.6330495307330262,0.005586732767949266,0.5555555555555556,5.0232946367482185,0.6666666666666666,23.307545489405037,0.020189329625111885,-0.005379317488865972,0.090661019068561,3.0,48.0,72.0,5,36,0.06
6,6,36,0.18241132431347307,0.03767093400448274,-0.05040806953083665,0.6330495307330263,0.005586732767949266,0.5555555555555556,5.0232946367482185,0.6666666666666666,23.307545489405044,0.03364888270851981,-0.008965529148109953,0.15110169844760168,3.0,48.0,72.0,5,36,0.1
6,6,54,0.12292339820588127,0.02591650157262526,-0.04295171986740787,0.6268418597076135,0.0019629061076578505,0.7222222222222222,4.710267019021924,0.8333333333333334,20.187893967639816,0.019322470997011884,-0.006042081855236129,0.05022641357355022,3.0,48.0,72.0,8,12,0.06
6,6,54,0.20782911137741844,0.042553117086694625,-0.07108211998835323,0.6268418597076135,0.0019629061076578505,0.7222222222222222,4.710267019021924,0.8333333333333334,20.18789396763982,0.03220411832835315,-0.010070136425393549,0.08371068928925036,3.0,48.0,72.0,8,12,0.1
6,6,54,0.12565312730343603,0.026466374944056126,-0.03361828880657336,0.7476102539179093,0.0037748194378035586,0.7222222222222222,7.477302233756298,0.8333333333333334,13.332358854430508,0.02115450133888513,-0.01029219223439246,0.0822853933507563,3.0,48.0,72.0,8,24,0.06
6,6,54,0.21420178979335147,0.043764596249419085,-0.055936743565706104,0.7476102539179093,0.0037748194378035586,0.7222222222222222,7.477302233756298,0.8333333333333334,13.332358854430504,0.03525750223147522,-0.017153653723987437,0.1371423222512605,3.0,48.0,72.0,8,24,0.1
6,6,54,0.11957370223162722,0.025240317557211345,-0.03230966115056011,0.7008146411773841,0.005586732767949266,0.6666666666666666,6.575789853093,0.6666666666666666,44.24262883931953,0.020967590825104004,-0.0016044806825342018,0.07945063496034588,3.0,48.0,72.0,8,36,0.06
6,6,54,0.2031090117140577,0.04165258656118542,-0.053850536312538555,0.7008146411773839,0.005586732767949266,0.6666666666666666,6.575789853093,0.6666666666666666,44.24262883931953,0.03494598470850667,-0.0026741344708903366,0.1324177249339098,3.0,48.0,72.0,8,36,0.1
10,10,40,0.08187733685098797,0.017519906025886822,-0.06609316369810814,0.34810221666430413,0.0032715101794297506,0.55,2.408845815829842,0.7,1.8465520319174833,0.00749405930259397,-0.04560790980876847,0.04702451219375744,3.0,48.0,96.0,3,12,0.06
10,10,40,0.1319327021890233,0.027727391162868598,-0.10888342219194957,0.3481022166643041,0.0032715101794297506,0.55,2.408845815829842,0.7,1.8465520319174826,0.01249009883765662,-0.07601318301461413,0.07837418698959574,3.0,48.0,96.0,3,12,0.1
10,10,40,0.3068255415603871,0.06083693120125311,-0.047055906211332155,1.1934475643072453,0.006291365729672598,0.6,4.742481468103443,0.8,12.588560091935312,0.028430740635040093,-0.019618086527515947,0.10220460280375092,3.0,48.0,96.0,3,24,0.06
10,10,40,0.5521785650128144,0.10189407667506334,-0.07767711230446839,1.1934475643072453,0.006291365729672598,0.6,4.742481468103443,0.8,12.588560091935314,0.047384567725066815,-0.032696810879193246,0.1703410046729182,3.0,48.0,96.0,3,24,0.1
10,10,40,0.20067211127425622,0.041186581138911604,-0.041939679122678486,0.8100394780354243,0.009311221279915445,0.5,3.9118955330498757,0.8,7.115892523241768,0.02121401309523393,-0.024467838959626554,0.1353986666729412,3.0,48.0,96.0,3,36,0.06
10,10,40,0.34745626890570436,0.06802944108020315,-0.06913767236888724,0.8100394780354246,0.009311221279915445,0.5,3.9118955330498757,0.8,7.115892523241768,0.03535668849205655,-0.04077973159937759,0.22566444445490205,3.0,48.0,96.0,3,36,0.1
10,10,60,0.09550791376241285,0.020335369661308,-0.046837560633660735,0.4336874114954107,0.0032715101794297506,0.5833333333333334,2.2574326634007726,0.7,2.421782661635063,0.008697801777027775,-0.02753821340236404,0.04265256192871736,3.0,48.0,96.0,5,12,0.06
10,10,60,0.1561524234122238,0.03254052923114514,-0.07758876672266779,0.4330489486704205,0.0032715101794297506,0.5833333333333334,2.2574326634007726,0.7,2.4098764622775937,0.014374942023939307,-0.045897022337273406,0.07108760321452894,3.0,48.0,96.0,5,12,0.1
10,10,60,0.22915474028853078,0.046587895827677306,-0.04467080410507063,1.0165544644334665,0.006291365729672598,0.6333333333333333,4.201509583595812,0.9,12.55415476447784,0.021455960717119284,-0.01856990940010914,0.07588979260321155,3.0,48.0,96.0,5,24,0.06
10,10,60,0.40306490017313834,0.07760427667151348,-0.07372996639856544,1.0165544644334668,0.006291365729672598,0.6333333333333333,4.201509583595812,0.9,12.55415476447784,0.03575993452853214,-0.0309498490001819,0.12648298767201926,3.0,48.0,96.0,5,24,0.1
10,10,60,0.14089093643692885,0.029516912624959923,-0.03784228509886667,0.6602428163205403,0.009311221279915445,0.5333333333333333,3.2241531969130897,0.7,10.73038398790726,0.014888448983912487,-0.009870718899071585,0.090661019068561,3.0,48.0,96.0,5,36,0.06
10,10,60,0.23922389807843691,0.04847403072243539,-0.06254697696880285,0.6602428163205405,0.009311221279915445,0.5333333333333333,3.2241531969130897,0.7,10.730383987907262,0.024814081639854144,-0.01645119816511931,0.15110169844760168,3.0,48.0,96.0,5,36,0.1
10,10,90,0.14043853881129809,0.029426803450292693,-0.042951719867407756,0.6015031880456998,0.0032715101794297506,0.6111111111111112,2.497046045301825,0.6,4.090800991067186,0.012992535021867525,-0.022179085107967872,0.05022641357355022,3.0,48.0,96.0,8,12,0.06
10,10,90,0.242182740356355,0.04902600428206649,-0.07108211998835323,0.6204203801571728,0.0032715101794297506,0.6111111111111112,2.497046045301825,0.6,4.310332031467717,0.022011051300320356,-0.034093274715967514,0.08371068928925036,3.0,48.0,96.0,8,12,0.1
10,10,90,0.255391898262052,0.05147775435969737,-0.03361828880657347,1.1105266511712646,0.006291365729672598,0.6777777777777778,4.57812719558279,0.9,23.777009178791666,0.02344253569926454,-0.01029219223439246,0.0822853933507563,3.0,48.0,96.0,8,24,0.06
10,10,90,0.45321396234734324,0.08598868564975115,-0.055936743565706104,1.1105266511712646,0.006291365729672598,0.6777777777777778,4.57812719558279,0.9,23.777009178791662,0.039070892832107566,-0.017153653723987437,0.1371423222512605,3.0,48.0,96.0,8,24,0.1
10,10,90,0.16536179630189873,0.03435007926364153,-0.03230966115056022,0.7738127146730162,0.009311221279915445,0.6111111111111112,3.8456887176326164,0.6,10.842217286539736,0.016364808427748553,-0.008022318952808008,0.07945063496034588,3.0,48.0,96.0,8,36,0.06
10,10,90,0.28402171429261247,0.05672349618492789,-0.05385053631253878,0.7738127146730163,0.009311221279915445,0.6111111111111112,3.8456887176326164,0.6,10.842217286539734,0.027274680712914258,-0.013370531588013348,0.1324177249339098,3.0,48.0,96.0,8,36,0.1
17,17,68,-0.03449806422971535,-0.007718034420554187,-0.22470363866145393,-0.021387307687162224,0.005561567305030576,0.5,1.5317440420786816,0.5294117647058824,0.8564524529731258,-0.0020260004787383636,-0.09199049643997805,0.04702451219375744,3.0,48.0,120.0,3,12,0.06
17,17,68,-0.08225600547048639,-0.018765436011096148,-0.3569164445928723,-0.016591606541343014,0.005561567305030576,0.5,1.5317440420786816,0.5294117647058824,0.8644769772601069,-0.0031583148573785594,-0.1533174940666301,0.07837418698959574,3.0,48.0,120.0,3,12,0.1
17,17,68,0.21718721412150832,0.04433043712071827,-0.16090008667803046,0.5521630215039631,0.010695321740443416,0.5588235294117647,2.962927691663076,0.6470588235294118,2.4129620184066543,0.01228853083117366,-0.05175311490622819,0.10220460280375092,3.0,48.0,120.0,3,24,0.06
17,17,68,0.36035779014781943,0.07027791350338486,-0.2605734648061294,0.5521630215039631,0.010695321740443416,0.5588235294117647,2.962927691663076,0.6470588235294118,2.4129620184066534,0.020480884718622767,-0.08625519151038033,0.1703410046729182,3.0,48.0,120.0,3,24,0.1
17,17,68,0.1896159344992827,0.039063017139718825,-0.1434020686789419,0.5258933024172582,0.015829076175856254,0.5588235294117647,2.9956367265948014,0.6470588235294118,2.4376528020518253,0.011788171541923895,-0.051818261937662584,0.1353986666729412,3.0,48.0,120.0,3,36,0.06
17,17,68,0.31388433323982756,0.06209887934315783,-0.23218449467268054,0.5258933024172583,0.015829076175856254,0.5588235294117647,2.9956367265948014,0.6470588235294118,2.4376528020518253,0.019646952569873165,-0.08636376989610431,0.22566444445490205,3.0,48.0,120.0,3,36,0.1
17,17,102,-0.04815682386697073,-0.010833285218012634,-0.21201979602251064,-0.05413773968073445,0.005561567305030576,0.5686274509803921,1.3860232821531424,0.5882352941176471,0.8018582404783527,-0.002679017780703113,-0.12033894675001074,0.04265256192871736,3.0,48.0,120.0,5,12,0.06
17,17,102,-0.10266627807867401,-0.02362379460465791,-0.3405544050976319,-0.04924662998066694,0.005561567305030576,0.5686274509803921,1.3860232821531424,0.5882352941176471,0.8097677826348766,-0.00422814453613564,-0.2005649112500179,0.07108760321452894,3.0,48.0,120.0,5,12,0.1
17,17,102,0.15218672657462617,0.03175784785903035,-0.15420670789599045,0.42062968469586304,0.010695321740443416,0.5980392156862745,2.803597965505847,0.7058823529411765,2.114691414665891,0.008626149305919205,-0.06091111023174614,0.07588979260321155,3.0,48.0,120.0,5,24,0.06
17,17,102,0.24262759810019108,0.04910890409490154,-0.25098352677235525,0.42062968469586315,0.010695321740443416,0.5980392156862745,2.803597965505847,0.7058823529411765,2.1146914146658915,0.014376915509865343,-0.10151851705291026,0.12648298767201926,3.0,48.0,120.0,5,24,0.1
17,17,102,0.1780440050294967,0.03682385444256653,-0.1207349991100315,0.5155174779702432,0.015829076175856254,0.6078431372549019,2.9431971390402833,0.6470588235294118,2.7899806176211293,0.010840970125276853,-0.06069607190143767,0.090661019068561,3.0,48.0,120.0,5,36,0.06
17,17,102,0.29406332379552524,0.05854179497231948,-0.1982196772329945,0.5155174779702432,0.015829076175856254,0.6078431372549019,2.9431971390402833,0.6470588235294118,2.7899806176211293,0.018068283542128093,-0.10116011983572948,0.15110169844760168,3.0,48.0,120.0,5,36,0.1
17,17,153,-0.026856846204473594,-0.005990201717168686,-0.21777463532303154,-0.0025581670432802774,0.005561567305030576,0.5882352941176471,1.4543986494469257,0.5294117647058824,0.9269926866237698,-0.0010027389845559895,-0.1446378964616253,0.05022641357355022,3.0,48.0,120.0,8,12,0.06
17,17,153,-0.0691457357576658,-0.015688975385121373,-0.35000038125596566,0.005006112226672209,0.005561567305030576,0.5882352941176471,1.4543986494469257,0.5294117647058824,0.9410980378430543,-0.0013260106560311095,-0.24106316076937553,0.08371068928925036,3.0,48.0,120.0,8,12,0.1
17,17,153,0.16430334730424367,0.03414267260618287,-0.1505987428581652,0.44291494493847666,0.010695321740443416,0.6405228758169934,2.783125947927961,0.7647058823529411,2.2118792450396234,0.009340508067742212,-0.08339498219363717,0.0822853933507563,3.0,48.0,120.0,8,24,0.06
17,17,153,0.2634502860345389,0.05296361360296786,-0.24647935284761302,0.4429149449384767,0.010695321740443416,0.6405228758169934,2.783125947927961,0.7647058823529411,2.2118792450396234,0.015567513446237021,-0.13899163698939532,0.1371423222512605,3.0,48.0,120.0,8,24,0.1
17,17,153,0.16466316482647603,0.03421319654459021,-0.13316202446188352,0.48248067314450405,0.015829076175856254,0.6535947712418301,3.097717908839898,0.5294117647058824,2.319987358726043,0.009873832928250673,-0.08320774797182587,0.07945063496034588,3.0,48.0,120.0,8,36,0.06
17,17,153,0.26948008300695214,0.05407060445969014,-0.21786464177577292,0.4824806731445038,0.015829076175856254,0.6535947712418301,3.097717908839898,0.5294117647058824,2.319987358726043,0.01645638821375112,-0.13867957995304314,0.1324177249339098,3.0,48.0,120.0,8,36,0.1
