events,legs,total_return,cagr,max_dd,sharpe,exposure,leg_winrate,leg_pf,event_winrate,event_pf,avg_event,worst_event,best_event,z_thr,aftershock_gap,aftershock_win,n_picks,hold_hours,target_risk
148,444,0.6937522228446504,0.12332647014853215,-0.647877623341456,0.5213990341913275,0.048418350655560306,0.536036036036036,1.4281572743397524,0.5540540540540541,1.310434829922568,0.005054812573406314,-0.32373268542561656,0.21637172451192144,2.0,24.0,72.0,3,12,0.06
148,444,0.7013572877289034,0.12443767158126606,-0.8491464927018311,0.5129125879369877,0.048418350655560306,0.536036036036036,1.4281572743397524,0.5540540540540541,1.3058150534325477,0.008197934138119986,-0.5395544757093611,0.36061954085320247,2.0,24.0,72.0,3,12,0.1
148,444,1.78244817256724,0.25338004145446247,-0.419609537514687,0.8706041042301936,0.09311221279915444,0.5292792792792793,1.7165017725228857,0.5675675675675675,1.5329221919197629,0.008001215871918349,-0.2287823646837532,0.1358566159694381,2.0,24.0,72.0,3,24,0.06
148,444,3.187756702609952,0.3717283355408558,-0.6116660016516844,0.8687130957760657,0.09311221279915444,0.5292792792792793,1.7165017725228857,0.5675675675675675,1.5315955323451764,0.013302162665056577,-0.3813039411395887,0.22642769328239684,2.0,24.0,72.0,3,24,0.1
128,384,1.3003116900794849,0.20183393775679948,-0.3975165905266982,0.7869069206020841,0.11918363238291768,0.5598958333333334,1.75927790112568,0.6015625,1.5092784895250067,0.007059877135673435,-0.11369019284271693,0.1744789944767776,2.0,24.0,72.0,3,36,0.06
128,384,2.2401987279927207,0.29622543852393446,-0.5876169747941165,0.7869069206020841,0.11918363238291768,0.5598958333333334,1.75927790112568,0.6015625,1.509278489525006,0.01176646189278906,-0.18948365473786155,0.29079832412796264,2.0,24.0,72.0,3,36,0.1
148,740,0.562083877462084,0.10344211388377555,-0.6019570595092438,0.4700316836202511,0.048418350655560306,0.5486486486486486,1.32800409417344,0.5878378378378378,1.2817837147784554,0.00460680016296464,-0.3378352616199996,0.1669872597757133,2.0,24.0,72.0,5,12,0.06
148,740,0.4691450974168938,0.08860498590555044,-0.8185174643894336,0.4583557488778238,0.048418350655560306,0.5486486486486486,1.32800409417344,0.5878378378378378,1.2750962099572833,0.007416716975603249,-0.5630587693666661,0.27831209962618886,2.0,24.0,72.0,5,12,0.1
148,740,1.663857406397368,0.24138955379706295,-0.3705996442787436,0.8449478718151179,0.09311221279915444,0.5472972972972973,1.631568951909367,0.5878378378378378,1.5157944894290383,0.00769795931928354,-0.23749977787386173,0.13005423037005204,2.0,24.0,72.0,5,24,0.06
148,740,2.9074335176048014,0.3509131700714485,-0.5558368910245324,0.8437916117712494,0.09311221279915444,0.5472972972972973,1.631568951909367,0.5878378378378378,1.5148531732798183,0.01280651779128577,-0.39583296312310295,0.2167570506167534,2.0,24.0,72.0,5,24,0.1
128,640,1.152821724112556,0.18438574076911118,-0.34371876135465984,0.740024926569364,0.11918363238291768,0.5546875,1.649982987932294,0.609375,1.4845749147545886,0.0065074282491591594,-0.13074234968954546,0.1317173986805562,2.0,24.0,72.0,5,36,0.06
128,640,1.907440767839642,0.26559418208770724,-0.5233830642314621,0.7399591797983404,0.11918363238291768,0.5546875,1.649982987932294,0.609375,1.4845198299316118,0.0108444808448644,-0.21790391614924243,0.21952899780092702,2.0,24.0,72.0,5,36,0.1
148,1184,0.5647121003819449,0.10385157729431804,-0.6083134900766403,0.47290037609839514,0.048418350655560306,0.5481418918918919,1.2719651667810696,0.6081081081081081,1.273845003406688,0.004505371935380566,-0.3019710921733432,0.13771797247438416,2.0,24.0,72.0,8,12,0.06
148,1184,0.5222147413950877,0.09716387357275602,-0.7961070981169669,0.4673891961519546,0.048418350655560306,0.5481418918918919,1.2719651667810696,0.6081081081081081,1.2717105983974528,0.007333068796052555,-0.5032851536222388,0.22952995412397362,2.0,24.0,72.0,8,12,0.1
148,1184,2.0190060791779714,0.2761552676992436,-0.3812721578198922,0.9436912605619633,0.09311221279915444,0.5701013513513513,1.6303196324793323,0.5945945945945946,1.586349299906056,0.008544188337350597,-0.22738654665575636,0.12415870024813601,2.0,24.0,72.0,8,24,0.06
148,1184,3.849182767747936,0.41684886994366743,-0.5679213494902609,0.9415786299427383,0.09311221279915444,0.5701013513513513,1.6303196324793323,0.5945945945945946,1.5844626425843102,0.014194493780374212,-0.37897757775959395,0.20693116708022669,2.0,24.0,72.0,8,24,0.1
128,1024,1.2392647655259914,0.19472093519846956,-0.3823730364159994,0.7790525932976555,0.11918363238291768,0.5732421875,1.598221995565814,0.6015625,1.5161373639425895,0.006817262426807938,-0.1300523354507098,0.1241951369663633,2.0,24.0,72.0,8,36,0.06
128,1024,2.1044302137362196,0.28403800703510873,-0.5692187112048367,0.7758416769508308,0.11918363238291768,0.5732421875,1.598221995565814,0.6015625,1.5134757766667264,0.011303512604367651,-0.21675389241784968,0.20699189494393883,2.0,24.0,72.0,8,36,0.1
185,555,1.414129731362562,0.21471193777845987,-0.6817376600203638,0.7168496958786902,0.06052293831945039,0.5477477477477477,1.5256569608676003,0.5675675675675675,1.3810644179721179,0.0063072700462276235,-0.32373268542561656,0.21637172451192144,2.0,24.0,96.0,3,12,0.06
185,555,1.9242062576939674,0.2672011917454822,-0.8682694597337602,0.7157561699150667,0.06052293831945039,0.5477477477477477,1.5256569608676003,0.5675675675675675,1.3822708279474758,0.010363085873917247,-0.5395544757093611,0.36061954085320247,2.0,24.0,96.0,3,12,0.1
185,555,2.859678168885713,0.34725192817536477,-0.4862698631590966,1.022949635825996,0.11639026599894305,0.5513513513513514,1.758163416269979,0.5945945945945946,1.5747107005394454,0.008377351825579386,-0.2287823646837532,0.1358566159694381,2.0,24.0,96.0,3,24,0.06
185,555,5.809314890152693,0.5270794948197268,-0.694901674733424,1.0212514798489238,0.11639026599894305,0.5513513513513514,1.758163416269979,0.5945945945945946,1.5736175393781358,0.013935695345453102,-0.3813039411395887,0.22642769328239684,2.0,24.0,96.0,3,24,0.1
163,489,1.7188097635231077,0.2469963285419874,-0.5938080899069474,0.848572220595406,0.15177290686262174,0.5725971370143149,1.687422535773376,0.6012269938650306,1.46926745912147,0.007098582039128209,-0.22951926911269804,0.1744789944767776,2.0,24.0,96.0,3,36,0.06
163,489,3.0541931001405302,0.3619506947880866,-0.7927596866862971,0.8485722205954064,0.15177290686262174,0.5725971370143149,1.687422535773376,0.6012269938650306,1.4692674591214696,0.011830970065213683,-0.38253211518783015,0.29079832412796264,2.0,24.0,96.0,3,36,0.1
185,925,0.9547469690794261,0.1594237410745427,-0.6620792562653679,0.5943603247085313,0.06052293831945039,0.5524324324324325,1.3956292098416263,0.5837837837837838,1.3121797302968168,0.005222286343997539,-0.3378352616199996,0.1669872597757133,2.0,24.0,96.0,5,12,0.06
185,925,1.1116939190191752,0.1793545519678994,-0.8457113918132558,0.6018853532312823,0.06052293831945039,0.5524324324324325,1.3956292098416263,0.5837837837837838,1.3181576663180543,0.008715834539863502,-0.5630587693666661,0.27831209962618886,2.0,24.0,96.0,5,12,0.1
185,925,2.7918908566126777,0.3419937967522755,-0.4096902125594365,1.0180479211235178,0.11639026599894305,0.5654054054054054,1.672801837178103,0.6,1.5619892805045332,0.008302071258477983,-0.23749977787386173,0.13005423037005204,2.0,24.0,96.0,5,24,0.06
185,925,5.6408168803426495,0.5186582830744859,-0.6160679765329486,1.017028679139851,0.11639026599894305,0.5654054054054054,1.672801837178103,0.6,1.5612284884201875,0.013818053904780535,-0.39583296312310295,0.2167570506167534,2.0,24.0,96.0,5,24,0.1
163,815,1.7609824250229336,0.25123959939541574,-0.5202525008895921,0.8654065095626443,0.15177290686262174,0.5668711656441717,1.6189921761052073,0.6196319018404908,1.4850551316764329,0.007170168276638093,-0.24576047741990778,0.1317173986805562,2.0,24.0,96.0,5,36,0.06
163,815,3.1755095561588966,0.37084197731380564,-0.7265545423262336,0.8653481725005231,0.15177290686262174,0.5668711656441717,1.6189921761052073,0.6196319018404908,1.4850158342111497,0.011949312291259943,-0.4096007956998463,0.21952899780092702,2.0,24.0,96.0,5,36,0.1
185,1480,1.0532160897812073,0.172067772344334,-0.6683502534535799,0.627019127693984,0.06052293831945039,0.5540540540540541,1.353684925638455,0.6054054054054054,1.3241942782250893,0.005373824842923553,-0.3019710921733432,0.13771797247438416,2.0,24.0,96.0,8,12,0.06
185,1480,1.487577380533442,0.22277306255470708,-0.8408072211160607,0.659497967778723,0.06052293831945039,0.5540540540540541,1.353684925638455,0.6054054054054054,1.3461292421125017,0.009276659295390751,-0.5032851536222388,0.22952995412397362,2.0,24.0,96.0,8,12,0.1
185,1480,3.4788815756979403,0.3922261341092017,-0.40370866663156424,1.1360105066286013,0.11639026599894305,0.5817567567567568,1.6701469618279081,0.6162162162162163,1.6362608516290198,0.009197645313498645,-0.22738654665575636,0.12415870024813601,2.0,24.0,96.0,8,24,0.06
185,1480,7.841375668633063,0.6176779592625881,-0.6112758492988701,1.1341710711996984,0.11639026599894305,0.5817567567567568,1.6701469618279081,0.6162162162162163,1.63473940767514,0.015292752763662982,-0.37897757775959395,0.20693116708022669,2.0,24.0,96.0,8,24,0.1
163,1304,1.8896654173384335,0.2638824684384202,-0.5387116485242665,0.9059391958935327,0.15177290686262174,0.5843558282208589,1.566055394626971,0.6134969325153374,1.5080288972135059,0.007368358647354898,-0.2221635542258053,0.1241951369663633,2.0,24.0,96.0,8,36,0.06
163,1304,3.508992363315503,0.3942863840659445,-0.7435168756793504,0.9030914332588238,0.15177290686262174,0.5843558282208589,1.566055394626971,0.6134969325153374,1.5061255174427621,0.012234587289395383,-0.3702725903763422,0.20699189494393883,2.0,24.0,96.0,8,36,0.1
202,606,1.0902394803379716,0.17669964635754232,-0.708568038876717,0.6197025659014426,0.06608450562448097,0.5396039603960396,1.4638479736197205,0.5643564356435643,1.2997500358116818,0.005157431220422066,-0.32373268542561656,0.21637172451192144,2.0,24.0,120.0,3,12,0.06
202,606,1.4002090434739096,0.2131626087107914,-0.8798293728807607,0.6439615471704351,0.06608450562448097,0.5396039603960396,1.4638479736197205,0.5643564356435643,1.316121458918495,0.00879528509283693,-0.5395544757093611,0.36061954085320247,2.0,24.0,120.0,3,12,0.1
202,606,1.6954415138705379,0.24462296507452397,-0.5650509490492801,0.7704134345779833,0.12708558773938647,0.5412541254125413,1.6148422871061046,0.5891089108910891,1.3728463767960526,0.006046250310690063,-0.2287823646837532,0.1358566159694381,2.0,24.0,120.0,3,24,0.06
202,606,2.54581208758829,0.3222678400870187,-0.7692614794403732,0.7690322765179398,0.12708558773938647,0.5412541254125413,1.6148422871061046,0.5891089108910891,1.3719284973566088,0.010052275917770128,-0.3813039411395887,0.22642769328239684,2.0,24.0,120.0,3,24,0.1
178,534,0.8661201222744661,0.147611726453021,-0.6593708141450239,0.5760597841601953,0.1657397387824949,0.552434456928839,1.5425000527975257,0.5842696629213483,1.270676328628222,0.004516122567134805,-0.22951926911269804,0.1744789944767776,2.0,24.0,120.0,3,36,0.06
178,534,1.0880606947673668,0.17642884380147383,-0.846567719740694,0.5760597841601954,0.1657397387824949,0.552434456928839,1.5425000527975257,0.5842696629213483,1.2706763286282219,0.007526870945224676,-0.38253211518783015,0.29079832412796264,2.0,24.0,120.0,3,36,0.1
202,1010,0.8532471612043502,0.14585987760110597,-0.693609033330335,0.5544559380715317,0.06608450562448097,0.5485148514851486,1.367125380818836,0.5792079207920792,1.2719573066608294,0.004605101754208656,-0.3378352616199996,0.1669872597757133,2.0,24.0,120.0,5,12,0.06
202,1010,0.9888902565657987,0.16386303343108022,-0.8702091914955344,0.5817787593068893,0.06608450562448097,0.5485148514851486,1.367125380818836,0.5792079207920792,1.2889555070978043,0.007934397324000456,-0.5630587693666661,0.27831209962618886,2.0,24.0,120.0,5,12,0.1
202,1010,2.0798347341193812,0.2817859029364249,-0.49413187657729074,0.853024829032946,0.12708558773938647,0.5623762376237624,1.591353255940379,0.599009900990099,1.4184094541077952,0.00673490171008139,-0.23749977787386173,0.13005423037005204,2.0,24.0,120.0,5,24,0.06
202,1010,3.4634056324389686,0.3911630317406296,-0.7082207239881839,0.8521159128020093,0.12708558773938647,0.5623762376237624,1.591353255940379,0.599009900990099,1.4178284531755208,0.011208787249341873,-0.39583296312310295,0.2167570506167534,2.0,24.0,120.0,5,24,0.1
178,890,1.3764685879758565,0.2105041394224505,-0.5787094963356169,0.7372304541839754,0.1657397387824949,0.5595505617977528,1.5647203096615685,0.6067415730337079,1.3687715785308407,0.0059054964259515385,-0.24576047741990778,0.1317173986805562,2.0,24.0,120.0,5,36,0.06
178,890,2.143093158302354,0.28755026150484464,-0.779841099591603,0.7371740252116685,0.1657397387824949,0.5595505617977528,1.5647203096615685,0.6067415730337079,1.3687383606886925,0.009841607460792018,-0.4096007956998463,0.21952899780092702,2.0,24.0,120.0,5,36,0.1
202,1616,1.0211712650532578,0.16800590382190594,-0.7040356407479946,0.606622378845053,0.06608450562448097,0.5495049504950495,1.3319315075943268,0.599009900990099,1.2958561363940246,0.0049323677006718036,-0.3019710921733432,0.13771797247438416,2.0,24.0,120.0,8,12,0.06
202,1616,1.452682288956086,0.21896667474339337,-0.8695920334244979,0.6526998038007811,0.06608450562448097,0.5495049504950495,1.3319315075943268,0.599009900990099,1.3244789041919207,0.008674202963985786,-0.5032851536222388,0.22952995412397362,2.0,24.0,120.0,8,12,0.1
202,1616,2.7730402861450894,0.3405185850965351,-0.4872989331975729,0.9845432606708227,0.12708558773938647,0.5767326732673267,1.591647879239016,0.6138613861386139,1.4918296410118563,0.007719040268599819,-0.22738654665575636,0.12415870024813601,2.0,24.0,120.0,8,24,0.06
202,1616,5.419860821233865,0.5073591979270518,-0.7008458306869442,0.9870519872056568,0.12708558773938647,0.5767326732673267,1.591647879239016,0.6138613861386139,1.4931750436031024,0.012876591742736403,-0.37897757775959395,0.20693116708022669,2.0,24.0,120.0,8,24,0.1
178,1424,1.6419554271123848,0.23912976097833694,-0.5832574377689628,0.8154556674268484,0.1657397387824949,0.5758426966292135,1.5368406703650168,0.6067415730337079,1.4133124762453766,0.006377905356832399,-0.2221635542258053,0.1241951369663633,2.0,24.0,120.0,8,36,0.06
178,1424,2.7683585110396494,0.34015130765290214,-0.7852340264124029,0.8127130915754018,0.1657397387824949,0.5758426966292135,1.5368406703650168,0.6067415730337079,1.4116742426170048,0.010587709090825721,-0.3702725903763422,0.20699189494393883,2.0,24.0,120.0,8,36,0.1
56,168,0.9878735244766441,0.16373169968344525,-0.3233744114792555,0.8728496376865629,0.018320457004806605,0.6726190476190477,2.5203592737748046,0.6785714285714286,2.1906305328973668,0.013378136526405274,-0.13976879168048137,0.11458812517114329,2.0,48.0,72.0,3,12,0.06
56,168,1.710744762408983,0.24617902084768573,-0.4885286595772347,0.8510713953240057,0.018320457004806605,0.6726190476190477,2.5203592737748046,0.6785714285714286,2.1523281929626776,0.021511831446247187,-0.23294798613413562,0.17640345826645687,2.0,48.0,72.0,3,12,0.1
56,168,1.2154836336702282,0.19190909527722666,-0.1945964708630804,1.0544327684136625,0.035231648086166543,0.5595238095238095,2.923215796142359,0.625,2.5564607553005025,0.015212308232169163,-0.12403829898695015,0.12312258055699156,2.0,48.0,72.0,3,24,0.06
56,168,2.431384853903871,0.31272982679932704,-0.31391708191343193,1.0514131493143595,0.035231648086166543,0.5595238095238095,2.923215796142359,0.625,2.5510747295591027,0.02526611180400539,-0.2067304983115836,0.2052043009283193,2.0,48.0,72.0,3,24,0.1
56,168,0.6746885099539814,0.12052381868181072,-0.29535993875382727,0.7367425146529815,0.05214283916752649,0.6011904761904762,2.3499470176341446,0.5892857142857143,1.77080015736373,0.010424261281864184,-0.11369019284271693,0.1744789944767776,2.0,48.0,72.0,3,36,0.06
56,168,1.1805131815676746,0.18773121359686984,-0.4547737728272224,0.7367425146529811,0.05214283916752649,0.6011904761904762,2.3499470176341446,0.5892857142857143,1.7708001573637302,0.017373768803106975,-0.18948365473786155,0.29079832412796264,2.0,48.0,72.0,3,36,0.1
56,280,0.9356652875875497,0.15691636842329415,-0.31181378774425494,0.855075335263005,0.018320457004806605,0.6714285714285714,2.3274749123000875,0.7142857142857143,2.1024005474791463,0.013047890589699311,-0.17445558672682882,0.11727251616071899,2.0,48.0,72.0,5,12,0.06
56,280,1.6407599902678323,0.2390059991405602,-0.4692018025226201,0.8437086050691506,0.018320457004806605,0.6714285714285714,2.3274749123000875,0.7142857142857143,2.0854455046886757,0.02128452989034854,-0.2907593112113813,0.19545419360119834,2.0,48.0,72.0,5,12,0.1
56,280,1.129755330287408,0.18157333508564766,-0.20438504509053246,1.0173775870479955,0.035231648086166543,0.5892857142857143,2.655723937226512,0.6785714285714286,2.3877796127881705,0.01454172462362431,-0.1439399840419528,0.13005423037005204,2.0,48.0,72.0,5,24,0.06
56,280,2.2218307729402826,0.29460017648031456,-0.32870233961189765,1.0159575838830168,0.035231648086166543,0.5892857142857143,2.655723937226512,0.6785714285714286,2.3842362738347487,0.02417432677188017,-0.2398999734032547,0.2167570506167534,2.0,48.0,72.0,5,24,0.1
56,280,0.6217550192134043,0.1126092502700824,-0.24685963634223784,0.7089871013590392,0.05214283916752649,0.5964285714285714,2.163304609624796,0.6785714285714286,1.7342628582282396,0.009740321876253708,-0.13074234968954546,0.1317173986805562,2.0,48.0,72.0,5,36,0.06
56,280,1.0727895032615304,0.17452457194780546,-0.3925447979109251,0.7088862066054425,0.05214283916752649,0.5964285714285714,2.163304609624796,0.6785714285714286,1.7341353962622506,0.01623105172807802,-0.21790391614924243,0.21952899780092702,2.0,48.0,72.0,5,36,0.1
56,448,0.7949252469621799,0.13780209285870293,-0.3390340665297753,0.7601185599756847,0.018320457004806605,0.6584821428571429,2.082302434535869,0.7142857142857143,1.886318990289725,0.011815897838867159,-0.2022527065629136,0.11185828634949889,2.0,48.0,72.0,8,12,0.06
56,448,1.2913266904492806,0.2007963374649122,-0.5101807608829269,0.743159291198058,0.018320457004806605,0.6584821428571429,2.082302434535869,0.7142857142857143,1.8650308023200368,0.019002565631112984,-0.33708784427152266,0.18643047724916484,2.0,48.0,72.0,8,12,0.1
56,448,1.0252318739171575,0.1685233743283585,-0.21750987742644645,0.9459304820240216,0.035231648086166543,0.6116071428571429,2.4044973754726944,0.6607142857142857,2.148690643872613,0.013689677552908492,-0.14147055591331695,0.11980065119538778,2.0,48.0,72.0,8,24,0.06
56,448,1.9453337851240753,0.2692161187793163,-0.34836885241744553,0.9430614874815764,0.035231648086166543,0.6116071428571429,2.4044973754726944,0.6607142857142857,2.1429270563065868,0.022701648685531838,-0.23578425985552826,0.19966775199231296,2.0,48.0,72.0,8,24,0.1
56,448,0.5842974064299886,0.10688610535825771,-0.2778813505202068,0.6731223202549014,0.05214283916752649,0.609375,1.9635346234531157,0.6428571428571429,1.6810058670153523,0.009338243321625545,-0.1300523354507098,0.1241951369663633,2.0,48.0,72.0,8,36,0.06
56,448,0.9750717452913242,0.16207356703517162,-0.42977851663286726,0.6681826670832924,0.05214283916752649,0.609375,1.9635346234531157,0.6428571428571429,1.6751459288318382,0.015429815577233635,-0.21675389241784968,0.20699189494393883,2.0,48.0,72.0,8,36,0.1
93,279,1.833345109692424,0.25840423558236436,-0.4173138483626223,1.0421984206143218,0.03042504466869668,0.6415770609318996,2.265706837954943,0.6559139784946236,1.9114255626006518,0.012558154227598615,-0.14289977212715282,0.13072010661041444,2.0,48.0,96.0,3,12,0.06
93,279,3.6590900420620915,0.4043993546798168,-0.6057408287438927,1.0386152596325573,0.03042504466869668,0.6415770609318996,2.265706837954943,0.6559139784946236,1.9117716058401417,0.02052192683035242,-0.23816628687858804,0.21786684435069076,2.0,48.0,96.0,3,12,0.1
93,279,2.073212251968344,0.28117711604739926,-0.354656287780566,1.1623189940389287,0.05850970128595515,0.5913978494623656,2.5194767777886997,0.6559139784946236,2.1913654614853875,0.01309160644827681,-0.15261544775517705,0.12312258055699156,2.0,48.0,96.0,3,24,0.06
93,279,4.579450201815691,0.4613992791459678,-0.5359203973650795,1.1599379334096451,0.05850970128595515,0.5913978494623656,2.5194767777886997,0.6559139784946236,2.188480882010761,0.021766514252739264,-0.2543590795919618,0.2052043009283193,2.0,48.0,96.0,3,24,0.1
93,279,0.7999017261222126,0.13849754318848984,-0.5804398954688523,0.6747929598687233,0.08659435790321363,0.5949820788530465,1.8267419417697532,0.5806451612903226,1.4827548799893044,0.00800224119309554,-0.22951926911269804,0.1744789944767776,2.0,48.0,96.0,3,36,0.06
93,279,1.3182613107458447,0.20389736370679712,-0.7773286060454665,0.6747929598687233,0.08659435790321363,0.5949820788530465,1.8267419417697532,0.5806451612903226,1.4827548799893056,0.013337068655159231,-0.38253211518783015,0.29079832412796264,2.0,48.0,96.0,3,36,0.1
93,465,1.4222360326843875,0.21561093881630855,-0.4295694115066546,0.9200240036648513,0.03042504466869668,0.6301075268817204,2.046436396663757,0.6559139784946236,1.7586130317376123,0.01091396153273053,-0.17445558672682882,0.12931549154496058,2.0,48.0,96.0,5,12,0.06
93,465,2.795729109971829,0.34229347092916296,-0.6151840040793559,0.9425721828364334,0.03042504466869668,0.6301075268817204,2.046436396663757,0.6559139784946236,1.784331479532689,0.018351494100483718,-0.2907593112113813,0.21552581924160097,2.0,48.0,96.0,5,12,0.1
93,465,2.031618638574508,0.27732997369176937,-0.359849936840714,1.161422910083184,0.05850970128595515,0.6086021505376344,2.3208275953739483,0.6666666666666666,2.090027089336966,0.013020664327821764,-0.16478822916752978,0.13005423037005204,2.0,48.0,96.0,5,24,0.06
93,465,4.475611571163599,0.45535281233326064,-0.5424273600261649,1.1602232982025635,0.05850970128595515,0.6086021505376344,2.3208275953739483,0.6666666666666666,2.0881554707984287,0.0216638455752623,-0.2746470486125497,0.2167570506167534,2.0,48.0,96.0,5,24,0.1
93,465,0.860161634766845,0.14680202548502308,-0.5241999333757745,0.7166250285692624,0.08659435790321363,0.589247311827957,1.7532847262666018,0.6559139784946236,1.5008451005334726,0.008305660181094169,-0.24576047741990778,0.1317173986805562,2.0,48.0,96.0,5,36,0.06
93,465,1.4605623620197923,0.21982991167719246,-0.725194637129579,0.7165451717518946,0.08659435790321363,0.589247311827957,1.7532847262666018,0.6559139784946236,1.5007837050094106,0.013841070068727084,-0.4096007956998463,0.21952899780092702,2.0,48.0,96.0,5,36,0.1
93,744,1.3553019089694955,0.20811637341172307,-0.4576058756143637,0.8884688673185097,0.03042504466869668,0.6263440860215054,1.9693676166327834,0.6666666666666666,1.717655126375343,0.010634976650334345,-0.2022527065629136,0.11867845607406585,2.0,48.0,96.0,8,12,0.06
93,744,2.7444470162930754,0.33826992524383215,-0.6275806328678952,0.9356122742455008,0.03042504466869668,0.6263440860215054,1.9693676166327834,0.6666666666666666,1.7725443369939418,0.018226144765310096,-0.33708784427152266,0.19779742679010978,2.0,48.0,96.0,8,12,0.1
93,744,2.004556297241242,0.2748047367233184,-0.37135664968913307,1.1496394718799239,0.05850970128595515,0.6182795698924731,2.1874218363368247,0.6774193548387096,2.0156718688128334,0.012942434968088565,-0.14502821920882666,0.11980065119538778,2.0,48.0,96.0,8,24,0.06
93,744,4.37014249844266,0.4491192282009169,-0.5553503985236359,1.1473334448382202,0.05850970128595515,0.6182795698924731,2.1874218363368247,0.6774193548387096,2.0124260405179903,0.021501790410452165,-0.2417136986813778,0.19966775199231296,2.0,48.0,96.0,8,24,0.1
93,744,0.8056273857035934,0.13929583820381297,-0.537596789120826,0.6862630133809612,0.08659435790321363,0.6021505376344086,1.6282560925220708,0.6344086021505376,1.4682472522922763,0.007862265433391583,-0.2221635542258053,0.1241951369663633,2.0,48.0,96.0,8,36,0.06
93,744,1.321911485244922,0.20431545069139423,-0.7363517050023218,0.6823743991988587,0.08659435790321363,0.6021505376344086,1.6282560925220708,0.6344086021505376,1.4653656105836497,0.01302313373995407,-0.3702725903763422,0.20699189494393883,2.0,48.0,96.0,8,36,0.1
110,330,1.453211081725493,0.21902466990874703,-0.4736239988693024,0.8559587598638998,0.03598661197372725,0.6121212121212121,1.9574148724292448,0.6363636363636364,1.6152929943060736,0.009480586283089258,-0.14289977212715282,0.13072010661041444,2.0,48.0,120.0,3,12,0.06
110,330,2.824213843976724,0.3445100871853657,-0.6703855144122439,0.8911530716644486,0.03598661197372725,0.6121212121212121,1.9574148724292448,0.6363636363636364,1.6552704815471948,0.01607287179364677,-0.23816628687858804,0.21786684435069076,2.0,48.0,120.0,3,12,0.1
110,330,1.1462058551069751,0.18358150217691516,-0.3578720403886131,0.754023119119687,0.06920502302639857,0.5666666666666667,1.9510717182331982,0.6363636363636364,1.5553102769226979,0.008082289770154086,-0.1738279347969481,0.12312258055699156,2.0,48.0,120.0,3,24,0.06
110,330,1.90538509186955,0.2653966443110294,-0.5433871104780342,0.7523303087277449,0.06920502302639857,0.5666666666666667,1.9510717182331982,0.6363636363636364,1.553432249992524,0.01342492656350449,-0.28971322466158017,0.2052043009283193,2.0,48.0,120.0,3,24,0.1
110,330,0.15320895994699835,0.03195979937160942,-0.6464559699892396,0.25269392632472,0.10242343407906988,0.5545454545454546,1.453103110271951,0.5545454545454546,1.1518013828719258,0.0029608875759752776,-0.22951926911269804,0.1744789944767776,2.0,48.0,120.0,3,36,0.06
110,330,0.056801996377423336,0.012267444662329874,-0.8355364581273175,0.2526939263247199,0.10242343407906988,0.5545454545454546,1.453103110271951,0.5545454545454546,1.1518013828719262,0.004934812626625462,-0.38253211518783015,0.29079832412796264,2.0,48.0,120.0,3,36,0.1
110,550,1.2964619576585341,0.2013897526987638,-0.4799420156066735,0.8180767476215764,0.03598661197372725,0.610909090909091,1.859946348250791,0.6363636363636364,1.58851012449766,0.00890096366595039,-0.17445558672682882,0.12931549154496058,2.0,48.0,120.0,5,12,0.06
110,550,2.5749918941342687,0.32466165346421905,-0.6718546824472615,0.8717507418817841,0.03598661197372725,0.610909090909091,1.859946348250791,0.6363636363636364,1.6392574102725206,0.015427343826530266,-0.2907593112113813,0.21552581924160097,2.0,48.0,120.0,5,12,0.1
110,550,1.462329412093402,0.220023190597872,-0.3613601209448397,0.872991235402237,0.06920502302639857,0.5963636363636363,1.9678129472116155,0.6545454545454545,1.6354836473508465,0.009413534046413072,-0.16478822916752978,0.13005423037005204,2.0,48.0,120.0,5,24,0.06
110,550,2.6802513859587873,0.33317221735950375,-0.5442388584295348,0.8718755024655259,0.06920502302639857,0.5963636363636363,1.9678129472116155,0.6545454545454545,1.6343421053414158,0.015659751731655028,-0.2746470486125497,0.2167570506167534,2.0,48.0,120.0,5,24,0.1
110,550,0.4493162537273556,0.08534518098267552,-0.5972173055875958,0.44691943402010087,0.10242343407906988,0.5654545454545454,1.5108883169393508,0.6272727272727273,1.2676802778579486,0.005032500619545342,-0.24576047741990778,0.1317173986805562,2.0,48.0,120.0,5,36,0.06
110,550,0.5566451513338999,0.10259308076858864,-0.7923685789998598,0.4468445333526154,0.10242343407906988,0.5654545454545454,1.5108883169393508,0.6272727272727273,1.2676344921176859,0.008386066380957595,-0.4096007956998463,0.21952899780092702,2.0,48.0,120.0,5,36,0.1
110,880,1.318542389486872,0.20392957638139708,-0.5159672782581832,0.8211989023315721,0.03598661197372725,0.6068181818181818,1.8099392897084088,0.6454545454545455,1.590276976151669,0.009011213709781288,-0.2022527065629136,0.11867845607406585,2.0,48.0,120.0,8,12,0.06
110,880,2.6919208828097076,0.3341040055914537,-0.6923384221465091,0.8891356514673828,0.03598661197372725,0.6068181818181818,1.8099392897084088,0.6454545454545455,1.656719512733871,0.015736713565924352,-0.33708784427152266,0.19779742679010978,2.0,48.0,120.0,8,12,0.1
110,880,1.531058649327127,0.22745824121461644,-0.37556577397128976,0.9003288845321942,0.06920502302639857,0.6034090909090909,1.8894681188864901,0.6636363636363637,1.6313474516530702,0.009648438211746827,-0.14502821920882666,0.11980065119538778,2.0,48.0,120.0,8,24,0.06
110,880,2.899344256177833,0.3502954559122038,-0.5603492077123927,0.9043037913784524,0.06920502302639857,0.6034090909090909,1.8894681188864901,0.6636363636363637,1.6345059807917999,0.01610526162661048,-0.2417136986813778,0.19966775199231296,2.0,48.0,120.0,8,24,0.1
110,880,0.4389095303427224,0.08362041750046689,-0.6124712411106292,0.4414909154526606,0.10242343407906988,0.5761363636363637,1.4296811019466333,0.6090909090909091,1.257384297157876,0.004809470481199292,-0.2221635542258053,0.1241951369663633,2.0,48.0,120.0,8,36,0.06
110,880,0.5299337019339905,0.09838930845187055,-0.8052916905898936,0.4378748123503991,0.10242343407906988,0.5761363636363637,1.4296811019466333,0.6090909090909091,1.255195086807406,0.007947605004786995,-0.3702725903763422,0.20699189494393883,2.0,48.0,120.0,8,36,0.1
72,216,0.6797748381559643,0.12127400703244895,-0.39745831803543086,0.5581754431992192,0.023554873291894204,0.6342592592592593,1.7786762963974694,0.625,1.5621190816182329,0.0086952899413532,-0.23483446004293884,0.21637172451192144,2.5,24.0,72.0,3,12,0.06
72,216,0.8503473837336235,0.14546394613581426,-0.6053200593507864,0.5539955539018112,0.023554873291894204,0.6342592592592593,1.7786762963974694,0.625,1.5577026543747663,0.014345215372153379,-0.3913907667382314,0.36061954085320247,2.5,24.0,72.0,3,12,0.1
72,216,2.2826385824860393,0.2999533878430176,-0.2844807233306278,1.1964395842863889,0.0452978332536427,0.6481481481481481,3.0029519129556514,0.6944444444444444,2.3755262395584396,0.018003830042281135,-0.19675248776660667,0.12484785734071198,2.5,24.0,72.0,3,24,0.06
72,216,5.151566362506862,0.49322445805339044,-0.44774026211881046,1.1964395842863889,0.0452978332536427,0.6481481481481481,3.0029519129556514,0.6944444444444444,2.3755262395584396,0.030006383403801892,-0.32792081294434444,0.20807976223452002,2.5,24.0,72.0,3,24,0.1
67,201,3.051723837242008,0.361767581607511,-0.22510252636594008,1.517108163113651,0.062385182575433476,0.6567164179104478,4.432640087476725,0.6716417910447762,3.49938391348245,0.022015337976492147,-0.07570760249355708,0.1744789944767776,2.5,24.0,72.0,3,36,0.06
67,201,8.061087560110405,0.6264652249321552,-0.3599637370234283,1.5171081631136507,0.062385182575433476,0.6567164179104478,4.432640087476725,0.6716417910447762,3.4993839134824514,0.03669222996082025,-0.12617933748926183,0.29079832412796264,2.5,24.0,72.0,3,36,0.1
72,360,0.44423613052505306,0.08450443426180021,-0.42177917983196045,0.43850712551990295,0.023554873291894204,0.6111111111111112,1.4724511710763795,0.6111111111111112,1.398538689000338,0.006502066021687213,-0.23420180285825326,0.1669872597757133,2.5,24.0,72.0,5,12,0.06
72,360,0.3875331295305944,0.07496018599891974,-0.6369915341787828,0.4219185319507355,0.023554873291894204,0.6111111111111112,1.4724511710763795,0.6111111111111112,1.3793873163991928,0.010298323948109398,-0.39033633809708884,0.27831209962618886,2.5,24.0,72.0,5,12,0.1
72,360,1.6480746351427031,0.23976259111961706,-0.2878710489224551,0.9999143009649544,0.0452978332536427,0.6472222222222223,2.4247553694610886,0.6805555555555556,2.1297342718486902,0.014701348801536599,-0.19591205729401712,0.10082567260081673,2.5,24.0,72.0,5,24,0.06
72,360,3.2861482124385217,0.3787768452057594,-0.4532647454042358,0.9999143009649542,0.0452978332536427,0.6472222222222223,2.4247553694610886,0.6805555555555556,2.1297342718486902,0.024502248002561004,-0.32652009549002853,0.1680427876680279,2.5,24.0,72.0,5,24,0.1
67,335,2.215010295007283,0.2939948376774928,-0.22655164871864375,1.2850027581851808,0.062385182575433476,0.6477611940298508,3.3250797813072217,0.6716417910447762,2.9446089997506113,0.018203550499251042,-0.08756611507499246,0.1317173986805562,2.5,24.0,72.0,5,36,0.06
67,335,5.156064108743936,0.4934653392299604,-0.36278845464832465,1.2850027581851808,0.062385182575433476,0.6477611940298508,3.3250797813072217,0.6716417910447762,2.944608999750612,0.030339250832085076,-0.14594352512498746,0.21952899780092702,2.5,24.0,72.0,5,36,0.1
72,576,0.26036599444901265,0.05239578617404228,-0.42902533741988425,0.33185556328217936,0.023554873291894204,0.5868055555555556,1.3118458569505924,0.5972222222222222,1.2651274395062675,0.004709918856903848,-0.23318186144773959,0.13771797247438416,2.5,24.0,72.0,8,12,0.06
72,576,0.10630571030003,0.022546393143745957,-0.642758013799178,0.3141375969416224,0.023554873291894204,0.5868055555555556,1.3118458569505924,0.5972222222222222,1.2469458848782211,0.007287983714509015,-0.3886364357462327,0.22952995412397362,2.5,24.0,72.0,8,12,0.1
72,576,1.499154156630813,0.2240266742617838,-0.28471092416889276,0.9483846852387956,0.0452978332536427,0.6440972222222222,2.2523991880360428,0.6805555555555556,2.0616469958101713,0.013801542741825332,-0.17612227836002006,0.10623515401396706,2.5,24.0,72.0,8,24,0.06
72,576,2.892491818601772,0.3497714066275073,-0.44751908817977026,0.9483846852387957,0.0452978332536427,0.6440972222222222,2.2523991880360428,0.6805555555555556,2.061646995810172,0.023002571236375557,-0.29353713060003345,0.17705859002327845,2.5,24.0,72.0,8,24,0.1
67,536,1.7468184576662815,0.24982013701240136,-0.22120251560377457,1.1363158486661116,0.062385182575433476,0.6268656716417911,2.8549342808924787,0.6417910447761194,2.604389684887681,0.015749130831435067,-0.11181470574897058,0.1241951369663633,2.5,24.0,72.0,8,36,0.06
67,536,3.7472475678101747,0.4102212315151137,-0.3632096532014072,1.1363158486661116,0.062385182575433476,0.6268656716417911,2.8549342808924787,0.6417910447761194,2.6043896848876815,0.026248551385725113,-0.186357842914951,0.20699189494393883,2.5,24.0,72.0,8,36,0.1
88,264,0.5772582690573247,0.10579885114585497,-0.41429186414768115,0.49589438220049725,0.028789289578981806,0.5984848484848485,1.6067636492607766,0.5795454545454546,1.4158296523572278,0.006555229279642106,-0.23483446004293884,0.21637172451192144,2.5,24.0,96.0,3,12,0.06
88,264,0.615688325609846,0.11168936072001134,-0.6229037515371503,0.4891994059735347,0.028789289578981806,0.5984848484848485,1.6067636492607766,0.5795454545454546,1.409364209639645,0.010725248164438535,-0.3913907667382314,0.36061954085320247,2.5,24.0,96.0,3,12,0.1
88,264,2.427179020206356,0.31237455743061493,-0.29242742272779354,1.1651757255768262,0.055364018421118856,0.6363636363636364,2.7021756964119548,0.6590909090909091,2.2088108617973705,0.015255007043117264,-0.19675248776660667,0.12484785734071198,2.5,24.0,96.0,3,24,0.06
88,264,5.451106591291896,0.5089752396613467,-0.45782865027677244,1.1651757255768267,0.055364018421118856,0.6363636363636364,2.7021756964119548,0.6590909090909091,2.2088108617973705,0.025425011738528777,-0.32792081294434444,0.20807976223452002,2.5,24.0,96.0,3,24,0.1
81,243,3.5706926366644005,0.3984747892664562,-0.25481373978353816,1.52678026693243,0.0754208923673151,0.654320987654321,3.91535426681809,0.6790123456790124,3.3094240541952615,0.01971243447168635,-0.07570760249355708,0.1744789944767776,2.5,24.0,96.0,3,36,0.06
81,243,9.839602857192958,0.6920848425861714,-0.4011732626281207,1.5267802669324302,0.0754208923673151,0.654320987654321,3.91535426681809,0.6790123456790124,3.309424054195264,0.03285405745281059,-0.12617933748926183,0.29079832412796264,2.5,24.0,96.0,3,36,0.1
88,440,0.30923829374823386,0.06126887153302474,-0.415340800897238,0.35797629184279517,0.028789289578981806,0.5795454545454546,1.347838227148656,0.5795454545454546,1.2625200885499335,0.0043496252061395145,-0.23420180285825326,0.1669872597757133,2.5,24.0,96.0,5,12,0.06
88,440,0.15576921525344,0.03246498956100252,-0.6275524231647416,0.34336193763803413,0.028789289578981806,0.5795454545454546,1.347838227148656,0.5795454545454546,1.2481971760079145,0.006836275613233505,-0.39033633809708884,0.27831209962618886,2.5,24.0,96.0,5,12,0.1
88,440,1.8135267560742108,0.25645633192006745,-0.29026192191622824,1.001559552725587,0.055364018421118856,0.6363636363636364,2.212186269409877,0.6590909090909091,2.0135841649399437,0.01275509089913298,-0.19591205729401712,0.10082567260081673,2.5,24.0,96.0,5,24,0.06
88,440,3.636779520596681,0.4029123807275443,-0.4561846705896555,1.001559552725587,0.055364018421118856,0.6363636363636364,2.212186269409877,0.6590909090909091,2.013584164939944,0.021258484831888302,-0.32652009549002853,0.1680427876680279,2.5,24.0,96.0,5,24,0.1
81,405,2.706885691291477,0.3352955654537879,-0.2535232774165941,1.3444325728715134,0.0754208923673151,0.6444444444444445,3.0908863838716423,0.6790123456790124,2.8961713993432356,0.016788842390387124,-0.08756611507499246,0.1317173986805562,2.5,24.0,96.0,5,36,0.06
81,405,6.658659841566844,0.567212827848697,-0.3995923112602183,1.3444325728715132,0.0754208923673151,0.6444444444444445,3.0908863838716423,0.6790123456790124,2.8961713993432365,0.02798140398397854,-0.14594352512498746,0.21952899780092702,2.5,24.0,96.0,5,36,0.1
88,704,0.13890407734881505,0.029120959698673454,-0.42293010979770285,0.25450376298671884,0.028789289578981806,0.5639204545454546,1.2161778406607962,0.5681818181818182,1.161500155061795,0.002858247692228247,-0.23318186144773959,0.13771797247438416,2.5,24.0,96.0,8,12,0.06
88,704,-0.08094161040036918,-0.018455460624901554,-0.6484337645015756,0.24010675660933645,0.028789289578981806,0.5639204545454546,1.2161778406607962,0.5681818181818182,1.1485927203996593,0.00436130307827751,-0.3886364357462327,0.22952995412397362,2.5,24.0,96.0,8,12,0.1
88,704,1.7038632687218054,0.2454801502373194,-0.2805184307460924,0.9676752249330945,0.055364018421118856,0.6306818181818182,2.0762690063702247,0.6704545454545454,1.957188919371112,0.012263754315740248,-0.17612227836002006,0.10623515401396706,2.5,24.0,96.0,8,24,0.06
88,704,3.3378431974189713,0.38242973165491323,-0.4419203147438018,0.9676752249330945,0.055364018421118856,0.6306818181818182,2.0762690063702247,0.6704545454545454,1.9571889193711114,0.02043959052623375,-0.29353713060003345,0.17705859002327845,2.5,24.0,96.0,8,24,0.1
81,648,2.219881090720799,0.29442723808524396,-0.24688364493002135,1.2219261150127083,0.0754208923673151,0.6234567901234568,2.718139214802958,0.6419753086419753,2.6232646595158364,0.014990526198802647,-0.11181470574897058,0.1241951369663633,2.5,24.0,96.0,8,36,0.06
81,648,5.071478551084998,0.48891212111111315,-0.3895211928539971,1.2219261150127083,0.0754208923673151,0.6234567901234568,2.718139214802958,0.6419753086419753,2.6232646595158355,0.024984210331337752,-0.186357842914951,0.20699189494393883,2.5,24.0,96.0,8,36,0.1
106,318,1.3055463126774787,0.20243698403202015,-0.41429186414768093,0.7541887479578602,0.034678007901955354,0.6132075471698113,1.7033645617695734,0.5943396226415094,1.6323680229349726,0.009251048886503684,-0.23483446004293884,0.21637172451192144,2.5,24.0,120.0,3,12,0.06
106,318,1.9287199010237028,0.26763260749000173,-0.6229037515371503,0.7433308674665459,0.034678007901955354,0.6132075471698113,1.7033645617695734,0.5943396226415094,1.6215099687615289,0.015115529503392816,-0.3913907667382314,0.36061954085320247,2.5,24.0,120.0,3,12,0.1
106,318,3.409984626165458,0.3874711220466105,-0.2924274227277933,1.307923328234369,0.06668847673452953,0.6320754716981132,2.6415979370222713,0.6415094339622641,2.2938538059086895,0.015118143233276546,-0.19675248776660667,0.12484785734071198,2.5,24.0,120.0,3,24,0.06
106,318,8.587906345006362,0.6468778818584131,-0.4578286502767728,1.3079233282343694,0.06668847673452953,0.6320754716981132,2.6415979370222713,0.6415094339622641,2.29385380590869,0.025196905388794242,-0.32792081294434444,0.20807976223452002,2.5,24.0,120.0,3,24,0.1
97,291,4.492547853215446,0.45634506708721534,-0.2548137397835383,1.610323460917519,0.0903188464151798,0.6597938144329897,3.2653154694509325,0.6907216494845361,3.0234159112997503,0.018233858459619397,-0.07570760249355708,0.1744789944767776,2.5,24.0,120.0,3,36,0.06
97,291,13.448628025722066,0.8028839650972956,-0.4011732626281206,1.610323460917519,0.0903188464151798,0.6597938144329897,3.2653154694509325,0.6907216494845361,3.023415911299751,0.030389764099365658,-0.12617933748926183,0.29079832412796264,2.5,24.0,120.0,3,36,0.1
106,530,0.8246057779488021,0.14192785564322108,-0.415340800897238,0.5898442816960959,0.034678007901955354,0.5943396226415094,1.4395861776524348,0.5849056603773585,1.4474583545809407,0.006935556138993362,-0.23420180285825326,0.1669872597757133,2.5,24.0,120.0,5,12,0.06
106,530,0.9374724987468308,0.1571546634039429,-0.6275524231647417,0.5713530070412195,0.034678007901955354,0.5943396226415094,1.4395861776524348,0.5849056603773585,1.4297905874004864,0.0110775747686969,-0.39033633809708884,0.27831209962618886,2.5,24.0,120.0,5,12,0.1
106,530,2.858217501142286,0.3471393885573355,-0.29026192191622835,1.2068331083948984,0.06668847673452953,0.630188679245283,2.2568031380307563,0.6509433962264151,2.168521726016685,0.013670402655493527,-0.19591205729401712,0.10082567260081673,2.5,24.0,120.0,5,24,0.06
106,530,6.670713103875151,0.5677568365824659,-0.4561846705896554,1.2068331083948987,0.06668847673452953,0.630188679245283,2.2568031380307563,0.6509433962264151,2.1685217260166856,0.02278400442582255,-0.32652009549002853,0.1680427876680279,2.5,24.0,120.0,5,24,0.1
97,485,4.121351497268152,0.434027680194361,-0.2535232774165941,1.5603237700951977,0.0903188464151798,0.6536082474226804,2.861081488270972,0.6907216494845361,2.9352594266664536,0.01738277617760576,-0.08756611507499246,0.1317173986805562,2.5,24.0,120.0,5,36,0.06
97,485,11.878301437695898,0.7576811280706384,-0.3995923112602182,1.560323770095197,0.0903188464151798,0.6536082474226804,2.861081488270972,0.6907216494845361,2.9352594266664527,0.02897129362934293,-0.14594352512498746,0.21952899780092702,2.5,24.0,120.0,5,36,0.1
106,848,0.530124458531362,0.0984195312298417,-0.4229301097977024,0.4655203808014425,0.034678007901955354,0.5801886792452831,1.303121501627773,0.5754716981132075,1.3221579817409772,0.005339855409061324,-0.23318186144773959,0.13771797247438416,2.5,24.0,120.0,8,12,0.06
106,848,0.45422136173889327,0.08615478669755428,-0.6371027515499583,0.4484238298671418,0.034678007901955354,0.5801886792452831,1.303121501627773,0.5754716981132075,1.3073082846134774,0.00845220254797923,-0.3886364357462327,0.22952995412397362,2.5,24.0,120.0,8,12,0.1
106,848,2.7415948036633107,0.33804488556793366,-0.2805184307460922,1.1826356727257574,0.06668847673452953,0.6285377358490566,2.1281559726979404,0.6792452830188679,2.110697184753632,0.013354122166264476,-0.17612227836002006,0.10623515401396706,2.5,24.0,120.0,8,24,0.06
106,848,6.287611671072681,0.5501300253797399,-0.4506093527963648,1.1826356727257574,0.06668847673452953,0.6285377358490566,2.1281559726979404,0.6792452830188679,2.1106971847536324,0.022256870277107463,-0.29353713060003345,0.17705859002327845,2.5,24.0,120.0,8,24,0.1
97,776,3.5109230048564743,0.39441811686332473,-0.24688364493002113,1.460214195540785,0.0903188464151798,0.6391752577319587,2.592639953844289,0.6597938144329897,2.706307338241091,0.01604683444803264,-0.11181470574897058,0.1241951369663633,2.5,24.0,120.0,8,36,0.06
97,776,9.453126812030263,0.6785813971752126,-0.3895211928539969,1.4602141955407852,0.0903188464151798,0.6391752577319587,2.592639953844289,0.6597938144329897,2.7063073382410905,0.02674472408005441,-0.186357842914951,0.20699189494393883,2.5,24.0,120.0,8,36,0.1
34,102,0.8203272167839488,0.14133635287561375,-0.25803263324121717,0.8794070347605691,0.011123134610061152,0.7941176470588235,3.825396286288542,0.7941176470588235,2.58925907007881,0.01890020683564479,-0.13976879168048137,0.0827653993966142,2.5,48.0,72.0,3,12,0.06
34,102,1.501467756425067,0.22427666372153277,-0.4134919080053824,0.8793251977556817,0.011123134610061152,0.7941176470588235,3.825396286288542,0.7941176470588235,2.588760454621839,0.03149046178182972,-0.23294798613413562,0.13794233232769035,2.5,48.0,72.0,3,12,0.1
34,102,1.6743822543430191,0.24247033459145362,-0.17446684653242361,1.5643532832940725,0.02139064348088683,0.7450980392156863,8.979274936580309,0.7941176470588235,6.497515319133531,0.03009820043953724,-0.08005325632375276,0.12312258055699156,2.5,48.0,72.0,3,24,0.06
34,102,3.868671668108454,0.41810361504975013,-0.2847330663391736,1.5643532832940725,0.02139064348088683,0.7450980392156863,8.979274936580309,0.7941176470588235,6.497515319133532,0.050163667399228735,-0.13342209387292128,0.2052043009283193,2.5,48.0,72.0,3,24,0.1
34,102,1.588670782272994,0.23357038095657834,-0.1527696517031384,1.6207802242843095,0.03165815235171251,0.7450980392156863,7.866017916177015,0.7352941176470589,6.028813454305089,0.029872091141462928,-0.07570760249355708,0.1744789944767776,2.5,48.0,72.0,3,36,0.06
34,102,3.6532414306661627,0.4040100881663622,-0.24877995024029897,1.62078022428431,0.03165815235171251,0.7450980392156863,7.866017916177015,0.7352941176470589,6.028813454305089,0.049786818569104885,-0.12617933748926183,0.29079832412796264,2.5,48.0,72.0,3,36,0.1
34,170,0.5956389612122726,0.10863001129933303,-0.26037617878178354,0.6992812627171151,0.011123134610061152,0.7470588235294118,2.748142663476786,0.7941176470588235,2.0724709883602084,0.015222148919185444,-0.17445558672682882,0.07913428614887073,2.5,48.0,72.0,5,12,0.06
34,170,0.9875642302157446,0.1636917370099964,-0.41890553240773865,0.6952482879332271,0.011123134610061152,0.7470588235294118,2.748142663476786,0.7941176470588235,2.063485221992277,0.025157681960969173,-0.2907593112113813,0.1318904769147846,2.5,48.0,72.0,5,12,0.1
34,170,1.2821305628764832,0.19973106717530675,-0.18090201982377818,1.3105411167971182,0.02139064348088683,0.7352941176470589,5.566919554740574,0.7941176470588235,5.106953279044268,0.025173935332440084,-0.09296559347933807,0.10082567260081673,2.5,48.0,72.0,5,24,0.06
34,170,2.730228416218245,0.33714674707470116,-0.2952170938165587,1.310541116797118,0.02139064348088683,0.7352941176470589,5.566919554740574,0.7941176470588235,5.106953279044269,0.041956558887400144,-0.15494265579889682,0.1680427876680279,2.5,48.0,72.0,5,24,0.1
34,170,1.1707967631532181,0.18656113968573274,-0.14950385676675748,1.3321963395355052,0.03165815235171251,0.7176470588235294,5.12229586791264,0.7647058823529411,4.509908858678923,0.024221651897678515,-0.08756611507499246,0.1317173986805562,2.5,48.0,72.0,5,36,0.06
34,170,2.468166513222107,0.3158224230127711,-0.244812198091635,1.3321963395355052,0.03165815235171251,0.7176470588235294,5.12229586791264,0.7647058823529411,4.509908858678922,0.040369419829464195,-0.14594352512498746,0.21952899780092702,2.5,48.0,72.0,5,36,0.1
34,272,0.5716171157085936,0.1049247945455789,-0.26802361486308945,0.6724694153762241,0.011123134610061152,0.7352941176470589,2.5312059618101883,0.7941176470588235,1.993569238497795,0.01501383296937417,-0.2022527065629136,0.07901911537964013,2.5,48.0,72.0,8,12,0.06
34,272,0.9405295137215122,0.15755736079478533,-0.431845443967094,0.6725647302202288,0.011123134610061152,0.7352941176470589,2.5312059618101883,0.7941176470588235,1.9928494262927672,0.025004926468664444,-0.33708784427152266,0.13169852563273354,2.5,48.0,72.0,8,12,0.1
34,272,1.2917371264149167,0.20084380423348214,-0.19536033741498338,1.3010259371225767,0.02139064348088683,0.7389705882352942,5.0812349720059435,0.7647058823529411,4.838209962079289,0.025493306629709556,-0.11752150900675884,0.10623515401396706,2.5,48.0,72.0,8,24,0.06
34,272,2.7479119357272537,0.33854312786541474,-0.31716826671918363,1.3010259371225765,0.02139064348088683,0.7389705882352942,5.0812349720059435,0.7647058823529411,4.838209962079289,0.04248884438284927,-0.19586918167793144,0.17705859002327845,2.5,48.0,72.0,8,24,0.1
34,272,1.0376466859455067,0.17010047782317894,-0.1681832189647502,1.2178172489290986,0.03165815235171251,0.7169117647058824,4.451912016642154,0.7647058823529411,3.735005237449504,0.02235050105807143,-0.11181470574897058,0.1241951369663633,2.5,48.0,72.0,8,36,0.06
34,272,2.116541661003973,0.28514189517986543,-0.2730995272665827,1.2178172489290988,0.03165815235171251,0.7169117647058824,4.451912016642154,0.7647058823529411,3.7350052374495037,0.037250835096785735,-0.186357842914951,0.20699189494393883,2.5,48.0,72.0,8,36,0.1
50,150,0.7092327434874928,0.12558430844310875,-0.2729810069394205,0.7108449268380034,0.016357550897148753,0.68,2.549428249709324,0.66,1.8754324745865643,0.011868126664859957,-0.13976879168048137,0.0827653993966142,2.5,48.0,96.0,3,12,0.06
50,150,1.1842343153912633,0.18817824535495853,-0.44958022082855864,0.7076957844435463,0.016357550897148753,0.68,2.549428249709324,0.66,1.8706331170774284,0.01963284064515517,-0.23294798613413562,0.13794233232769035,2.5,48.0,96.0,3,12,0.1
50,150,1.7921400799338745,0.25434224852148124,-0.2305059024050119,1.3797174335365123,0.03145682864836299,0.6933333333333334,5.082954832462018,0.7,4.018580599605009,0.02139007343388688,-0.08005325632375276,0.12312258055699156,2.5,48.0,96.0,3,24,0.06
50,150,4.105743486797262,0.4330620094275248,-0.3645099625910644,1.3797174335365123,0.03145682864836299,0.6933333333333334,5.082954832462018,0.7,4.018580599605007,0.035650122389811474,-0.13342209387292128,0.2052043009283193,2.5,48.0,96.0,3,24,0.1
50,150,1.762701200874981,0.2514114626328938,-0.19682934047545075,1.4271937046395409,0.04655610639957722,0.6866666666666666,4.901668296029623,0.7,4.02147659587461,0.021646387329411213,-0.07570760249355708,0.1744789944767776,2.5,48.0,96.0,3,36,0.06
50,150,4.062838018748996,0.43039553332174996,-0.3135144093074832,1.427193704639541,0.04655610639957722,0.6866666666666666,4.901668296029623,0.7,4.021476595874611,0.03607731221568536,-0.12617933748926183,0.29079832412796264,2.5,48.0,96.0,3,36,0.1
50,250,0.44648896870920707,0.08487755685401499,-0.2914285799821087,0.5217132907746833,0.016357550897148753,0.648,1.9793504249191098,0.68,1.5642179330720711,0.008643426556622058,-0.17445558672682882,0.07913428614887073,2.5,48.0,96.0,5,12,0.06
50,250,0.6555752808579027,0.11768881559810462,-0.47069736249885186,0.5209018748756584,0.016357550897148753,0.648,1.9793504249191098,0.68,1.5617132152650706,0.014309482327472476,-0.2907593112113813,0.1318904769147846,2.5,48.0,96.0,5,12,0.1
50,250,1.4247184404459565,0.215885772607729,-0.23526220277785714,1.206506154053697,0.03145682864836299,0.688,3.579672960061366,0.72,3.4279329739557887,0.018397293734320596,-0.09296559347933807,0.10082567260081673,2.5,48.0,96.0,5,24,0.06
50,250,3.0353823223551757,0.3605535463142453,-0.3718420422321187,1.2065061540536968,0.03145682864836299,0.688,3.579672960061366,0.72,3.427932973955788,0.030662156223867656,-0.15494265579889682,0.1680427876680279,2.5,48.0,96.0,5,24,0.1
50,250,1.3788114067230768,0.210767407592938,-0.1906607938845567,1.2504149919955632,0.04655610639957722,0.668,3.724386111975523,0.72,3.4348174200127177,0.018266241785638796,-0.08756611507499246,0.1317173986805562,2.5,48.0,96.0,5,36,0.06
50,250,2.9540747384585235,0.3544554882123103,-0.305273652288115,1.250414991995563,0.04655610639957722,0.668,3.724386111975523,0.72,3.4348174200127177,0.030443736309398003,-0.14594352512498746,0.21952899780092702,2.5,48.0,96.0,5,36,0.1
50,400,0.42015981785845447,0.08048823446120745,-0.30654680254838507,0.4964110514782867,0.016357550897148753,0.6475,1.8715242713985256,0.68,1.533842717742419,0.008457639203554614,-0.2022527065629136,0.07901911537964013,2.5,48.0,96.0,8,12,0.06
50,400,0.6120859842328554,0.11114186517095326,-0.49069288768536135,0.5024306065564627,0.016357550897148753,0.6475,1.8715242713985256,0.68,1.5396418504856026,0.01418454686756726,-0.33708784427152266,0.13169852563273354,2.5,48.0,96.0,8,12,0.1
50,400,1.4794564277831914,0.22189095479499343,-0.24590304980162592,1.221465346685992,0.03145682864836299,0.685,3.3990920123813737,0.72,3.2819983450620356,0.019045434555676855,-0.11752150900675884,0.10623515401396706,2.5,48.0,96.0,8,24,0.06
50,400,3.1767215070884776,0.3709297796483684,-0.3876053087431225,1.221465346685992,0.03145682864836299,0.685,3.3990920123813737,0.72,3.2819983450620365,0.0317423909261281,-0.19586918167793144,0.17705859002327845,2.5,48.0,96.0,8,24,0.1
50,400,1.262982269660811,0.1975021683206477,-0.20390788087360423,1.1770106196204566,0.04655610639957722,0.66,3.407924932743427,0.7,3.0520282542866957,0.01730807695673275,-0.11181470574897058,0.1241951369663633,2.5,48.0,96.0,8,36,0.06
50,400,2.633669072604919,0.32942960491509976,-0.32496627859460625,1.1770106196204562,0.04655610639957722,0.66,3.407924932743427,0.7,3.0520282542866966,0.02884679492788792,-0.186357842914951,0.20699189494393883,2.5,48.0,96.0,8,36,0.1
68,204,1.4984590834387932,0.22395153487058672,-0.2751094552601935,1.039643168483844,0.022246269220122305,0.6813725490196079,2.5386341441338365,0.6617647058823529,2.18527262849873,0.014664078508880631,-0.13976879168048137,0.12252794447398502,2.5,48.0,120.0,3,12,0.06
68,204,2.9593097298457622,0.3548510407140111,-0.4278204209443556,1.0319269159860636,0.022246269220122305,0.6813725490196079,2.5386341441338365,0.6617647058823529,2.171548473214152,0.02411862236980597,-0.23294798613413562,0.20421324078997508,2.5,48.0,120.0,3,12,0.1
68,204,2.59283677742265,0.326118094207704,-0.19745518472896062,1.50757302089999,0.04278128696177366,0.6715686274509803,4.203812751655089,0.6617647058823529,3.7566118637031813,0.01955273874451968,-0.08005325632375276,0.12312258055699156,2.5,48.0,120.0,3,24,0.06
68,204,6.588371030656836,0.5640270725631196,-0.3203489839519156,1.50757302089999,0.04278128696177366,0.6715686274509803,4.203812751655089,0.6617647058823529,3.756611863703182,0.032587897907532797,-0.13342209387292128,0.2052043009283193,2.5,48.0,120.0,3,24,0.1
68,204,2.449221523599604,0.31423274067023743,-0.18790846834450925,1.525494195376459,0.06331630470342502,0.6666666666666666,3.625842398844257,0.6911764705882353,3.2208501243738423,0.019309162043788394,-0.07570760249355708,0.1744789944767776,2.5,48.0,120.0,3,36,0.06
68,204,6.170326400266099,0.5445893885635589,-0.30282149539233716,1.5254941953764587,0.06331630470342502,0.6666666666666666,3.625842398844257,0.6911764705882353,3.2208501243738437,0.03218193673964734,-0.12617933748926183,0.29079832412796264,2.5,48.0,120.0,3,36,0.1
68,340,1.0158836956181752,0.1673308577723711,-0.25999221657690375,0.8271419248663021,0.022246269220122305,0.6529411764705882,2.0272417023604605,0.6617647058823529,1.8250803295690021,0.011537842065060621,-0.17445558672682882,0.11151616785699804,2.5,48.0,120.0,5,12,0.06
68,340,1.7753218669731292,0.2526708782190237,-0.4398212330752327,0.8207485551321555,0.022246269220122305,0.6529411764705882,2.0272417023604605,0.6617647058823529,1.8142414734105992,0.01894271746898451,-0.2907593112113813,0.18586027976166342,2.5,48.0,120.0,5,12,0.1
68,340,2.3250407525267116,0.3036407033448283,-0.1894693281898765,1.4322978034199971,0.04278128696177366,0.6647058823529411,3.330616472570179,0.6911764705882353,3.436697735652533,0.018330578956980016,-0.09296559347933807,0.10082567260081673,2.5,48.0,120.0,5,24,0.06
68,340,5.675810208731382,0.5204207711564297,-0.310070522545993,1.4322978034199971,0.04278128696177366,0.6647058823529411,3.330616472570179,0.6911764705882353,3.4366977356525323,0.030550964928300034,-0.15494265579889682,0.1680427876680279,2.5,48.0,120.0,5,24,0.1
68,340,2.318650756493618,0.30308737971810373,-0.16726493098555617,1.5002160589470674,0.06331630470342502,0.6558823529411765,3.1952456326978376,0.7058823529411765,3.1495506981549655,0.01855494374160263,-0.08756611507499246,0.1317173986805562,2.5,48.0,120.0,5,36,0.06
68,340,5.738630373660204,0.5235668139781116,-0.27008601603768745,1.5002160589470672,0.06331630470342502,0.6558823529411765,3.1952456326978376,0.7058823529411765,3.149550698154966,0.030924906236004385,-0.14594352512498746,0.21952899780092702,2.5,48.0,120.0,5,36,0.1
68,544,0.9079932327462668,0.15324575679008912,-0.2721423249076157,0.7653434105736616,0.022246269220122305,0.6507352941176471,1.907868752226843,0.6617647058823529,1.743558394476145,0.010843835832678606,-0.2022527065629136,0.10383764800858594,2.5,48.0,120.0,8,12,0.06
68,544,1.550795359424932,0.22956422978404634,-0.4553656609779181,0.7670783019758676,0.022246269220122305,0.6507352941176471,1.907868752226843,0.6617647058823529,1.7416535796500696,0.017961266802584423,-0.33708784427152266,0.17306274668097657,2.5,48.0,120.0,8,12,0.1
68,544,2.4310615456856,0.31270252879873617,-0.20059248947093056,1.4566070884375801,0.04278128696177366,0.6672794117647058,3.180560074671704,0.7205882352941176,3.2836298108981845,0.01894997496504023,-0.11752150900675884,0.10623515401396706,2.5,48.0,120.0,8,24,0.06
68,544,6.016925927610518,0.5372350329706617,-0.32708706598282067,1.4566070884375795,0.04278128696177366,0.6672794117647058,3.180560074671704,0.7205882352941176,3.2836298108981854,0.031583291608400385,-0.19586918167793144,0.17705859002327845,2.5,48.0,120.0,8,24,0.1
68,544,2.1937977423126664,0.2921057382473593,-0.1747316333376332,1.4523766901183792,0.06331630470342502,0.65625,3.004688929653883,0.6911764705882353,2.913203458926386,0.018021734474449738,-0.11181470574897058,0.1241951369663633,2.5,48.0,120.0,8,36,0.06
68,544,5.3158203497542065,0.5019336200795519,-0.2854060076502032,1.4523766901183794,0.06331630470342502,0.65625,3.004688929653883,0.6911764705882353,2.9132034589263847,0.030036224124082897,-0.186357842914951,0.20699189494393883,2.5,48.0,120.0,8,36,0.1
32,96,0.4671144774998608,0.0882727393223035,-0.3787883117716613,0.5282335385609707,0.010468832574175201,0.625,1.9384233840034042,0.71875,2.1255764044840966,0.011992226390960255,-0.11374284889578337,0.08723435696289294,3.0,24.0,72.0,3,12,0.06
32,96,0.6419151548571005,0.11564698466832368,-0.5800552614383588,0.5194161308870217,0.010468832574175201,0.625,1.9384233840034042,0.71875,2.1000355250214637,0.01953351041830973,-0.18957141482630563,0.13087752080618584,3.0,24.0,72.0,3,12,0.1
32,96,1.2292587186788806,0.1935406871144898,-0.2567506802053202,1.067109405762058,0.020132370334952313,0.6770833333333334,3.809237577607833,0.75,3.7743652962942784,0.025579051054703247,-0.11291294840056124,0.12312258055699156,3.0,24.0,72.0,3,24,0.06
32,96,2.473182938500879,0.31624221997203006,-0.41441050532958335,1.0671094057620583,0.020132370334952313,0.6770833333333334,3.809237577607833,0.75,3.774365296294279,0.04263175175783875,-0.18818824733426873,0.2052043009283193,3.0,24.0,72.0,3,24,0.1
31,93,1.26222742550544,0.19741400232130268,-0.1924694274595422,1.170378600572235,0.028864785967737876,0.6666666666666666,4.594968431170506,0.7096774193548387,4.590059736302211,0.02729564368454263,-0.07226183440803566,0.1744789944767776,3.0,24.0,72.0,3,36,0.06
31,93,2.623581883810671,0.3286142388344593,-0.3136656230898578,1.170378600572235,0.028864785967737876,0.6666666666666666,4.594968431170506,0.7096774193548387,4.5900597363022095,0.04549273947423772,-0.12043639068005943,0.29079832412796264,3.0,24.0,72.0,3,36,0.1
32,160,0.3749191542347321,0.07279578749788862,-0.4023610081723732,0.4630570149696987,0.010468832574175201,0.6125,1.526589399548456,0.65625,1.9031329633753864,0.009916811179537778,-0.10919585799334822,0.07741555508521414,3.0,24.0,72.0,5,12,0.06
32,160,0.48339034454292884,0.09092576231255212,-0.603854600715334,0.45222583823464707,0.010468832574175201,0.6125,1.526589399548456,0.65625,1.87403700092392,0.01599554043828593,-0.1819930966555804,0.12902592514202357,3.0,24.0,72.0,5,12,0.1
32,160,0.8868173523154668,0.15040871830325853,-0.2951041246728424,0.8548778748160775,0.020132370334952313,0.675,2.6287376653807457,0.71875,2.7177979882257395,0.020021905127345727,-0.11691184309024831,0.09786546383256113,3.0,24.0,72.0,5,24,0.06
32,160,1.6272576345779406,0.2376050793596376,-0.46311585045054926,0.8548778748160774,0.020132370334952313,0.675,2.6287376653807457,0.71875,2.7177979882257386,0.033369841878909554,-0.1948530718170805,0.1631091063876019,3.0,24.0,72.0,5,24,0.1
31,155,0.9870610765482144,0.1636267161826992,-0.2147086149663865,0.994098142211174,0.028864785967737876,0.6516129032258065,3.0247658824261103,0.7096774193548387,3.3330468415356593,0.02264324872609121,-0.10158802416236044,0.1317173986805562,3.0,24.0,72.0,5,36,0.06
31,155,1.9188814799580958,0.2666915797403673,-0.34945854556687284,0.9940981422111743,0.028864785967737876,0.6516129032258065,3.0247658824261103,0.7096774193548387,3.3330468415356598,0.03773874787681869,-0.1693133736039341,0.21952899780092702,3.0,24.0,72.0,5,36,0.1
32,256,0.35534702728258294,0.06940662149511123,-0.40501876471931564,0.4471370048837497,0.010468832574175201,0.59375,1.423897682732328,0.65625,1.8739300178701417,0.009622200436846874,-0.10212092909012506,0.0723480033836946,3.0,24.0,72.0,8,12,0.06
32,256,0.45276973822667577,0.08591541301016714,-0.6057810436821818,0.43712430688521875,0.010468832574175201,0.59375,1.423897682732328,0.65625,1.8477489334104074,0.01554836627018769,-0.1702015484835418,0.12058000563949099,3.0,24.0,72.0,8,12,0.1
32,256,0.8678639296736512,0.14784831191306225,-0.29757412414402473,0.8483296606607398,0.020132370334952313,0.69921875,2.369350374144399,0.71875,2.698686056916285,0.019850168142065142,-0.1050767428198528,0.10623515401396706,3.0,24.0,72.0,8,24,0.06
32,256,1.5877505257432287,0.23347358696225973,-0.46506258906208375,0.8483296606607401,0.020132370334952313,0.69921875,2.369350374144399,0.71875,2.6986860569162845,0.033083613570108576,-0.17512790469975467,0.17705859002327845,3.0,24.0,72.0,8,24,0.1
31,248,0.8936004586560713,0.1513201742108241,-0.22047757504419163,0.9416126885947609,0.028864785967737876,0.6693548387096774,2.6087710708731513,0.7419354838709677,3.0514674118744742,0.021052908316599016,-0.1236889690194687,0.1241951369663633,3.0,24.0,72.0,8,36,0.06
31,248,1.6993356286757924,0.24501957587514567,-0.35636994307697945,0.9416126885947609,0.028864785967737876,0.6693548387096774,2.6087710708731513,0.7419354838709677,3.0514674118744747,0.035088180527665026,-0.2061482816991145,0.20699189494393883,3.0,24.0,72.0,8,36,0.1
40,120,0.33931621529198486,0.06660214919646834,-0.37037416852027005,0.4068271370822346,0.013086040717719002,0.575,1.5826171066936772,0.65,1.580197948377834,0.0075888386067490795,-0.11374284889578337,0.08723435696289294,3.0,24.0,96.0,3,12,0.06
40,120,0.3765196421820325,0.07307126595137792,-0.5715735019078502,0.39872280792201253,0.013086040717719002,0.575,1.5826171066936772,0.65,1.5635541845444552,0.012285237491282575,-0.18957141482630563,0.14494353628361595,3.0,24.0,96.0,3,12,0.1
40,120,1.3901306570635015,0.21203653988222215,-0.24146357082817738,1.0565118451972153,0.02516546291869039,0.675,3.3544750310948697,0.725,3.2574292086103367,0.022350754917167055,-0.11291294840056124,0.12312258055699156,3.0,24.0,96.0,3,24,0.06
40,120,2.8256935182509144,0.34462488001959457,-0.397027170677714,1.0565118451972155,0.02516546291869039,0.675,3.3544750310948697,0.725,3.257429208610337,0.03725125819527842,-0.18818824733426873,0.2052043009283193,3.0,24.0,96.0,3,24,0.1
38,114,1.4056546531818381,0.21376951983374126,-0.19920843451801018,1.1760810123434788,0.035382640863678684,0.6491228070175439,4.58783003506553,0.7105263157894737,4.323070337844308,0.023921101319826287,-0.07034143249445228,0.1744789944767776,3.0,24.0,96.0,3,36,0.06
38,114,2.9696364620056754,0.3556301283225689,-0.3227405452311034,1.176081012343479,0.035382640863678684,0.6491228070175439,4.58783003506553,0.7105263157894737,4.323070337844308,0.03986850219971048,-0.11723572082408715,0.29079832412796264,3.0,24.0,96.0,3,36,0.1
40,200,0.22895561096000994,0.046550474083977944,-0.4056271687633273,0.32356636910187964,0.013086040717719002,0.57,1.2681000175384896,0.575,1.385297018774177,0.0054244452165798,-0.10919585799334822,0.09480782789410552,3.0,24.0,96.0,5,12,0.06
40,200,0.18122583196028352,0.037441238874308835,-0.6097858163020954,0.3035152987737921,0.013086040717719002,0.57,1.2681000175384896,0.575,1.3481119729887965,0.00816821929880187,-0.1819930966555804,0.14015143955379572,3.0,24.0,96.0,5,12,0.1
40,200,0.9432824238386119,0.1579195759311689,-0.28106500509202426,0.82294966127636,0.02516546291869039,0.66,2.352210599031788,0.675,2.3530676402494866,0.016920987780345138,-0.11691184309024831,0.09786546383256113,3.0,24.0,96.0,5,24,0.06
40,200,1.7063795924860843,0.24573586358725907,-0.4475786459098018,0.8229496612763599,0.02516546291869039,0.66,2.352210599031788,0.675,2.3530676402494866,0.028201646300575235,-0.1948530718170805,0.1631091063876019,3.0,24.0,96.0,5,24,0.1
38,190,1.1540256333530947,0.18453188324618708,-0.1999641304856401,1.0557947500135818,0.035382640863678684,0.6421052631578947,3.427866577472898,0.7105263157894737,3.485861015310527,0.02059873232540756,-0.061475515821980506,0.1317173986805562,3.0,24.0,96.0,5,36,0.06
38,190,2.3125283260552862,0.3025564457679104,-0.322869626100434,1.0557947500135823,0.035382640863678684,0.6421052631578947,3.427866577472898,0.7105263157894737,3.4858610153105265,0.034331220542345935,-0.10245919303663419,0.21952899780092702,3.0,24.0,96.0,5,36,0.1
40,320,0.19995952947727136,0.041050175744577144,-0.4199102675459394,0.2991573991031048,0.013086040717719002,0.553125,1.1902235893471083,0.575,1.3501453121692668,0.0049573244322189906,-0.10212092909012506,0.09387912202301646,3.0,24.0,96.0,8,12,0.06
40,320,0.124949115423997,0.026324659160523067,-0.6242552484963959,0.272877580932881,0.013086040717719002,0.553125,1.1902235893471083,0.575,1.3017850975694016,0.007114908565470204,-0.1702015484835418,0.12570173917954944,3.0,24.0,96.0,8,12,0.1
40,320,0.9067504671728408,0.15307993685986854,-0.2904914590787401,0.8055489055564685,0.02516546291869039,0.675,2.1375269888099275,0.7,2.271871071333717,0.016567370768186228,-0.1050767428198528,0.10623515401396706,3.0,24.0,96.0,8,24,0.06
40,320,1.6254138250169454,0.23741334210524734,-0.4583447994661578,0.8055489055564683,0.02516546291869039,0.675,2.1375269888099275,0.7,2.2718710713337176,0.027612284613643713,-0.17512790469975467,0.17705859002327845,3.0,24.0,96.0,8,24,0.1
38,304,1.1044292216412268,0.17845793667916454,-0.21032850437642847,1.040263018201047,0.035382640863678684,0.6414473684210527,3.1945704247757205,0.7105263157894737,3.44446929629244,0.019710320985309754,-0.05460098287323685,0.1241951369663633,3.0,24.0,96.0,8,36,0.06
38,304,2.194827283016926,0.29219765016990107,-0.3446162936543361,1.0402630182010468,0.035382640863678684,0.6414473684210527,3.1945704247757205,0.7105263157894737,3.44446929629244,0.03285053497551626,-0.09100163812206141,0.20699189494393883,3.0,24.0,96.0,8,36,0.1
50,150,0.41033286328354235,0.07883372901568064,-0.37037416852026983,0.4352711423806627,0.016357550897148753,0.5866666666666667,1.6631637425028598,0.66,1.5312917318760213,0.007572525523733919,-0.13976879168048137,0.08723435696289294,3.0,24.0,120.0,3,12,0.06
50,150,0.4183739771180899,0.08018822795106728,-0.5715735019078502,0.42272451319525783,0.016357550897148753,0.5866666666666667,1.6631637425028598,0.66,1.5094493323993257,0.01209317566695222,-0.23294798613413562,0.14494353628361595,3.0,24.0,120.0,3,12,0.1
50,150,1.714866074525398,0.2465969112673374,-0.2414635708281777,1.0922510774373921,0.03145682864836299,0.6666666666666666,3.247733737587233,0.72,3.0105548647210205,0.020574065100684828,-0.11291294840056124,0.12312258055699156,3.0,24.0,120.0,3,24,0.06
50,150,3.594040647280652,0.4000482360408022,-0.39702717067771487,1.0922510774373924,0.03145682864836299,0.6666666666666666,3.247733737587233,0.72,3.0105548647210205,0.03429010850114138,-0.18818824733426873,0.2052043009283193,3.0,24.0,120.0,3,24,0.1
48,144,1.8971962117815138,0.264608660654553,-0.19920843451801007,1.2787674383011085,0.04469386214359413,0.6666666666666666,4.40625636085556,0.7291666666666666,3.989155632292757,0.02289085521053258,-0.07554118443287133,0.1744789944767776,3.0,24.0,120.0,3,36,0.06
48,144,4.2956687372429325,0.44465985613731474,-0.3227405452311036,1.2787674383011085,0.04469386214359413,0.6666666666666666,4.40625636085556,0.7291666666666666,3.9891556322927557,0.038151425350887634,-0.12590197405478556,0.29079832412796264,3.0,24.0,120.0,3,36,0.1
50,250,0.23811185102607602,0.048266312212181806,-0.40562716876332705,0.32187886019897033,0.016357550897148753,0.596,1.330425953330434,0.6,1.3264179000441958,0.005044924717462873,-0.17445558672682882,0.09480782789410552,3.0,24.0,120.0,5,12,0.06
50,250,0.13465925426536418,0.028273219550502438,-0.609785816302095,0.3032090569027002,0.016357550897148753,0.596,1.330425953330434,0.6,1.297643899369173,0.007650286105363802,-0.2907593112113813,0.14015143955379572,3.0,24.0,120.0,5,12,0.1
50,250,1.2147259089230626,0.1918191173114574,-0.28106500509202414,0.8826410455918179,0.03145682864836299,0.656,2.4054409217625996,0.68,2.3275710070186997,0.016338666110320907,-0.11691184309024831,0.09786546383256113,3.0,24.0,120.0,5,24,0.06
50,250,2.2603209462838616,0.2979977034971486,-0.44757864590980223,0.882641045591818,0.03145682864836299,0.656,2.4054409217625996,0.68,2.3275710070187,0.027231110183868177,-0.1948530718170805,0.1631091063876019,3.0,24.0,120.0,5,24,0.1
48,240,1.7066077793550392,0.24575904318344466,-0.19996413048564032,1.2109216924772608,0.04469386214359413,0.6625,3.489240848591582,0.7291666666666666,3.5066090655255144,0.021284369755926263,-0.08756611507499246,0.1317173986805562,3.0,24.0,120.0,5,36,0.06
48,240,3.734608143771668,0.40939173242908833,-0.3228696261004339,1.2109216924772608,0.04469386214359413,0.6625,3.489240848591582,0.7291666666666666,3.5066090655255135,0.03547394959321044,-0.14594352512498746,0.21952899780092702,3.0,24.0,120.0,5,36,0.1
50,400,0.16764059445885637,0.03479611967854801,-0.41991026754593896,0.2704003105716311,0.016357550897148753,0.5825,1.234953243599795,0.6,1.2512334501759326,0.004041534248798831,-0.2022527065629136,0.09387912202301646,3.0,24.0,120.0,8,12,0.06
50,400,0.014062630574391388,0.0030866847827870636,-0.6242552484963959,0.24607420947611028,0.016357550897148753,0.5825,1.234953243599795,0.6,1.2150812714114165,0.005756134538326773,-0.33708784427152266,0.12570173917954944,3.0,24.0,120.0,8,12,0.1
50,400,1.1651257939310962,0.18587634085188554,-0.29049145907873974,0.8592609368798355,0.03145682864836299,0.675,2.1815112250054707,0.72,2.2403791333458494,0.016047528083009882,-0.11752150900675884,0.10623515401396706,3.0,24.0,120.0,8,24,0.06
50,400,2.13549178390461,0.2868624001025797,-0.4583447994661579,0.8592609368798354,0.03145682864836299,0.675,2.1815112250054707,0.72,2.2403791333458485,0.026745880138349803,-0.19586918167793144,0.17705859002327845,3.0,24.0,120.0,8,24,0.1
48,384,1.582528965736047,0.23292386677830357,-0.21032850437642803,1.1649054794425167,0.04469386214359413,0.6614583333333334,3.187488701651492,0.7291666666666666,3.304045503136136,0.020124121930773887,-0.11181470574897058,0.1241951369663633,3.0,24.0,120.0,8,36,0.06
48,384,3.3832372719297634,0.3856095116519602,-0.3446162936543353,1.1649054794425167,0.04469386214359413,0.6614583333333334,3.187488701651492,0.7291666666666666,3.3040455031361367,0.033540203217956484,-0.186357842914951,0.20699189494393883,3.0,24.0,120.0,8,36,0.1
11,33,0.12421882616784408,0.026177580756868934,-0.34354957565965005,0.24665324883484788,0.0035986611973727258,0.696969696969697,1.7024993786016123,0.7272727272727273,1.472379405968829,0.010409372928575295,-0.11374284889578337,0.07183691599720637,3.0,48.0,72.0,3,12,0.06
11,33,0.1021645452272999,0.021700419119917713,-0.5392018172250884,0.24665324883484788,0.0035986611973727258,0.696969696969697,1.7024993786016123,0.7272727272727273,1.4723794059688289,0.017348954880958823,-0.18957141482630563,0.11972819332867729,3.0,48.0,72.0,3,12,0.1
11,33,0.37591016526391563,0.07296639128746207,-0.2299039333792281,0.5972292794969348,0.006920502302639857,0.6666666666666666,3.4541015280742644,0.7272727272727273,2.891913316645336,0.02971874230789742,-0.11291294840056124,0.12312258055699156,3.0,48.0,72.0,3,24,0.06
11,33,0.6143537626561568,0.11148664054177315,-0.37296469470783666,0.5972292794969348,0.006920502302639857,0.6666666666666666,3.4541015280742644,0.7272727272727273,2.891913316645337,0.04953123717982904,-0.18818824733426873,0.2052043009283193,3.0,48.0,72.0,3,24,0.1
11,33,0.5008129491948592,0.09374068671640345,-0.1863621498671495,0.8163001713862015,0.010242343407906989,0.696969696969697,6.505866046072186,0.7272727272727273,6.912244788671255,0.03783822118258115,-0.04680663128853141,0.1744789944767776,3.0,48.0,72.0,3,36,0.06
11,33,0.8913577132325792,0.15101909519301815,-0.30345084761354213,0.8163001713862015,0.010242343407906989,0.696969696969697,6.505866046072186,0.7272727272727273,6.912244788671256,0.0630637019709686,-0.07801105214755234,0.29079832412796264,3.0,48.0,72.0,3,36,0.1
11,55,0.10084688629222827,0.021430722949384196,-0.3652052388438455,0.22001901513111924,0.0035986611973727258,0.6727272727272727,1.3031835572394266,0.7272727272727273,1.3802421942532541,0.008485106166391696,-0.10919585799334822,0.07741555508521414,3.0,48.0,72.0,5,12,0.06
11,55,0.07418398236243462,0.015918580395826165,-0.5610499205485556,0.22001901513111924,0.0035986611973727258,0.6727272727272727,1.3031835572394266,0.7272727272727273,1.3802421942532541,0.014141843610652826,-0.1819930966555804,0.12902592514202357,3.0,48.0,72.0,5,12,0.1
11,55,0.28139812578172063,0.05624660093934253,-0.2450492391776964,0.4892998238781284,0.006920502302639857,0.6727272727272727,2.3311037944426585,0.7272727272727273,2.302416297682009,0.022606399538391417,-0.11691184309024831,0.09786546383256113,3.0,48.0,72.0,5,24,0.06
11,55,0.4387641614777096,0.08359625597150466,-0.3921187822808435,0.4892998238781286,0.006920502302639857,0.6727272727272727,2.3311037944426585,0.7272727272727273,2.302416297682009,0.037677332563985706,-0.1948530718170805,0.1631091063876019,3.0,48.0,72.0,5,24,0.1
11,55,0.3823107776503054,0.07406596420148914,-0.18818792132116513,0.6852977047410493,0.010242343407906989,0.6545454545454545,3.5141905270197564,0.7272727272727273,4.79539542870079,0.029330236344875023,-0.0590602510763053,0.1317173986805562,3.0,48.0,72.0,5,36,0.06
11,55,0.6542046587417079,0.11748453737230635,-0.3067929798366821,0.6852977047410493,0.010242343407906989,0.6545454545454545,3.5141905270197564,0.7272727272727273,4.79539542870079,0.048883727241458376,-0.09843375179384217,0.21952899780092702,3.0,48.0,72.0,5,36,0.1
11,88,0.1356600273748918,0.028473307860408026,-0.3629043610777103,0.26183854105130844,0.0035986611973727258,0.6704545454545454,1.3623880854040693,0.7272727272727273,1.5659027931668381,0.011727078500582223,-0.10212092909012506,0.0723480033836946,3.0,48.0,72.0,8,12,0.06
11,88,0.1325072718952709,0.02784249939780925,-0.557312082807371,0.26183854105130816,0.0035986611973727258,0.6704545454545454,1.3623880854040693,0.7272727272727273,1.5659027931668383,0.019545130834303707,-0.1702015484835418,0.12058000563949099,3.0,48.0,72.0,8,12,0.1
11,88,0.3058796082945834,0.06066741692954469,-0.248336044750738,0.5225700143970631,0.006920502302639857,0.6931818181818182,2.290846595381286,0.7272727272727273,2.5400410293150686,0.02424900776695025,-0.1050767428198528,0.10623515401396706,3.0,48.0,72.0,8,24,0.06
11,88,0.4859290011022577,0.0913375245520891,-0.3958523930382848,0.5225700143970631,0.006920502302639857,0.6931818181818182,2.290846595381286,0.7272727272727273,2.5400410293150686,0.04041501294491709,-0.17512790469975467,0.17705859002327845,3.0,48.0,72.0,8,24,0.1
11,88,0.3917160260233763,0.07567453234310251,-0.19731138933013337,0.7050537143591132,0.010242343407906989,0.7045454545454546,3.3730211338738725,0.8181818181818182,4.714776895521018,0.029567991210193975,-0.05460098287323685,0.1241951369663633,3.0,48.0,72.0,8,36,0.06
11,88,0.67458051691315,0.12050787142598107,-0.319219043242403,0.705053714359113,0.010242343407906989,0.7045454545454546,3.3730211338738725,0.8181818181818182,4.714776895521018,0.049279985350323297,-0.09100163812206141,0.20699189494393883,3.0,48.0,72.0,8,36,0.1
19,57,0.026289718024582243,0.005743480971597048,-0.34261058858206084,0.13405186020209675,0.0062158693409165265,0.5614035087719298,1.2838728909921027,0.5789473684210527,1.0807853959197193,0.001805547472292799,-0.11374284889578337,0.08696612177016955,3.0,48.0,96.0,3,12,0.06
19,57,-0.07598687975198892,-0.017290077206630672,-0.541045889834229,0.13405186020209672,0.0062158693409165265,0.5614035087719298,1.2838728909921027,0.5789473684210527,1.0807853959197196,0.003009245787154664,-0.18957141482630563,0.14494353628361595,3.0,48.0,96.0,3,12,0.1
19,57,0.47520116880445373,0.08959374937607256,-0.22933865835227096,0.6197784970681525,0.011953594886377934,0.6666666666666666,2.8440633129325423,0.6842105263157895,2.4697251194345213,0.021179301490686826,-0.11291294840056124,0.12312258055699156,3.0,48.0,96.0,3,24,0.06
19,57,0.7782025408150188,0.135454073729395,-0.37372781364482843,0.6197784970681527,0.011953594886377934,0.6666666666666666,2.8440633129325423,0.6842105263157895,2.4697251194345213,0.03529883581781139,-0.18818824733426873,0.2052043009283193,3.0,48.0,96.0,3,24,0.1
19,57,0.48851908141145506,0.09175706295548114,-0.1992084345180105,0.6820113892786867,0.017691320431839342,0.6140350877192983,3.733944911232043,0.6842105263157895,3.2536184283139864,0.02141028918594391,-0.07034143249445228,0.1744789944767776,3.0,48.0,96.0,3,36,0.06
19,57,0.8340169799135144,0.1432251420945334,-0.32274054523110374,0.6820113892786864,0.017691320431839342,0.6140350877192983,3.733944911232043,0.6842105263157895,3.253618428313987,0.035683815309906525,-0.11723572082408715,0.29079832412796264,3.0,48.0,96.0,3,36,0.1
19,95,-0.01602072125491838,-0.0035579745891554104,-0.36867445966207213,0.08204074714060497,0.0062158693409165265,0.5578947368421052,1.0109603993654277,0.5263157894736842,0.9846381288498907,-0.00036968322377411734,-0.10919585799334822,0.09480782789410552,3.0,48.0,96.0,5,12,0.06
19,95,-0.14462577371336038,-0.033888586142568844,-0.5676220214936976,0.06982840975613208,0.0062158693409165265,0.5578947368421052,1.0109603993654277,0.5263157894736842,0.9611994810695735,-0.0015562232818891527,-0.1819930966555804,0.14015143955379572,3.0,48.0,96.0,5,12,0.1
19,95,0.319745365239259,0.06314268727231087,-0.23857241258568573,0.47193783980917553,0.011953594886377934,0.6421052631578947,1.9565991440373414,0.631578947368421,1.8951248349178582,0.014989944319002512,-0.11691184309024831,0.09786546383256113,3.0,48.0,96.0,5,24,0.06
19,95,0.48209369107006883,0.09071523721528107,-0.38470079282654757,0.4719378398091757,0.011953594886377934,0.6421052631578947,1.9565991440373414,0.631578947368421,1.8951248349178584,0.02498324053167086,-0.1948530718170805,0.1631091063876019,3.0,48.0,96.0,5,24,0.1
19,95,0.3545433581653561,0.06926664270522553,-0.19996413048564,0.5466297781559589,0.017691320431839342,0.6,2.4330970527065223,0.6842105263157895,2.5047098388468645,0.015887141762522344,-0.061475515821980506,0.1317173986805562,3.0,48.0,96.0,5,36,0.06
19,95,0.5714250839403621,0.10489499758579024,-0.3218197979269498,0.5466297781559593,0.017691320431839342,0.6,2.4330970527065223,0.6842105263157895,2.504709838846865,0.02647856960420391,-0.10245919303663419,0.21952899780092702,3.0,48.0,96.0,5,36,0.1
19,152,0.005459151540819551,0.0012022521421974908,-0.37884992531616113,0.10753735225497563,0.0062158693409165265,0.5526315789473685,1.0319315837774312,0.5263157894736842,1.043853235694683,0.0010200224640033735,-0.10212092909012506,0.09387912202301646,3.0,48.0,96.0,8,12,0.06
19,152,-0.12304543507014654,-0.028561442054713226,-0.5780576789283276,0.0870340543136084,0.0062158693409165265,0.5526315789473685,1.0319315837774312,0.5263157894736842,1.0027784038777972,0.00010763479737594443,-0.1702015484835418,0.12570173917954944,3.0,48.0,96.0,8,12,0.1
19,152,0.33306635115665806,0.06550169168613307,-0.2407569047735979,0.4858241101057971,0.011953594886377934,0.6447368421052632,1.8964301602380613,0.6842105263157895,1.918595373174864,0.015485712400937747,-0.1050767428198528,0.10623515401396706,3.0,48.0,96.0,8,24,0.06
19,152,0.5075558882814002,0.09482329244411081,-0.3882654559023405,0.4858241101057971,0.011953594886377934,0.6447368421052632,1.8964301602380613,0.6842105263157895,1.9185953731748646,0.025809520668229582,-0.17512790469975467,0.17705859002327845,3.0,48.0,96.0,8,24,0.1
19,152,0.3566230180632344,0.06962873392748947,-0.19964966775265358,0.5520928704548818,0.017691320431839342,0.5986842105263158,2.2907205611182184,0.6842105263157895,2.4931863860496675,0.01567952494315086,-0.05460098287323685,0.1241951369663633,3.0,48.0,96.0,8,36,0.06
19,152,0.5768837041195083,0.10574089054747904,-0.3210578778698501,0.5520928704548818,0.017691320431839342,0.5986842105263158,2.2907205611182184,0.6842105263157895,2.4931863860496675,0.026132541571918095,-0.09100163812206141,0.20699189494393883,3.0,48.0,96.0,8,36,0.1
29,87,0.08070827490468213,0.017277145772876645,-0.34261058858206095,0.1983844353074463,0.009487379520346277,0.5862068965517241,1.4622760676467412,0.6206896551724138,1.1781080144222063,0.0037716597893205496,-0.13976879168048137,0.08696612177016955,3.0,48.0,120.0,3,12,0.06
29,87,-0.047891418245266104,-0.010772421390884523,-0.5410458898342289,0.19190039927066874,0.009487379520346277,0.5862068965517241,1.4622760676467412,0.6206896551724138,1.1666500165614382,0.005876722539732642,-0.23294798613413562,0.14494353628361595,3.0,48.0,120.0,3,12,0.1
29,87,0.6756295704804249,0.12066275051443376,-0.22933865835227152,0.7002075004560688,0.01824496061605053,0.6551724137931034,2.8113846985323985,0.6896551724137931,2.3792155448501857,0.0185199926438141,-0.11291294840056124,0.12312258055699156,3.0,48.0,120.0,3,24,0.06
29,87,1.1353343420297772,0.18225573292011044,-0.3737278136448289,0.7002075004560692,0.01824496061605053,0.6551724137931034,2.8113846985323985,0.6896551724137931,2.3792155448501853,0.03086665440635684,-0.18818824733426873,0.2052043009283193,3.0,48.0,120.0,3,24,0.1
29,87,0.7926645614430883,0.13748567135990952,-0.1992084345180104,0.8466066269025163,0.02700254171175479,0.6551724137931034,3.6914744868784775,0.7241379310344828,3.172866275574688,0.020570851533968943,-0.07554118443287133,0.1744789944767776,3.0,48.0,120.0,3,36,0.06
29,87,1.446658901151224,0.21830537312893084,-0.3227405452311034,0.8466066269025164,0.02700254171175479,0.6551724137931034,3.6914744868784775,0.7241379310344828,3.1728662755746875,0.034284752556614916,-0.12590197405478556,0.29079832412796264,3.0,48.0,120.0,3,36,0.1
29,145,-0.008689658671475642,-0.001924290154354913,-0.3686744596620726,0.1129931258945355,0.009487379520346277,0.6068965517241379,1.1546698646606173,0.5862068965517241,1.0423543024302286,0.0009739464123532207,-0.17445558672682882,0.09480782789410552,3.0,48.0,120.0,5,12,0.06
29,145,-0.17834654859728516,-0.04242625341402406,-0.5676220214936976,0.1011343985379199,0.009487379520346277,0.6068965517241379,1.1546698646606173,0.5862068965517241,1.0236484779035242,0.000904044515869698,-0.2907593112113813,0.14015143955379572,3.0,48.0,120.0,5,12,0.1
29,145,0.5040913341885223,0.09426751689733637,-0.23857241258568496,0.5756342313989371,0.01824496061605053,0.6413793103448275,2.1188671369932424,0.6551724137931034,1.9805944478483295,0.014651818495285778,-0.11691184309024831,0.09786546383256113,3.0,48.0,120.0,5,24,0.06
29,145,0.7854483971009161,0.13647356109501207,-0.3853430961879646,0.5756342313989372,0.01824496061605053,0.6413793103448275,2.1188671369932424,0.6551724137931034,1.9805944478483295,0.02441969749214297,-0.1948530718170805,0.1631091063876019,3.0,48.0,120.0,5,24,0.1
29,145,0.7020306229954119,0.12453586818953499,-0.1999641304856402,0.782461850489668,0.02700254171175479,0.6482758620689655,2.7524350843999708,0.7241379310344828,2.8436369859870387,0.01864667632437579,-0.08756611507499246,0.1317173986805562,3.0,48.0,120.0,5,36,0.06
29,145,1.2460432839863782,0.19551815190751265,-0.32181979792694937,0.782461850489668,0.02700254171175479,0.6482758620689655,2.7524350843999708,0.7241379310344828,2.843636985987039,0.031077793873959654,-0.14594352512498746,0.21952899780092702,3.0,48.0,120.0,5,36,0.1
29,232,-0.02162123590897369,-0.004812419546276203,-0.378849925316161,0.10220504177489695,0.009487379520346277,0.603448275862069,1.1328038719446265,0.5862068965517241,1.0340669221111805,0.0007987642057671042,-0.2022527065629136,0.09387912202301646,3.0,48.0,120.0,8,12,0.06
29,232,-0.20948704184561007,-0.05055668899493759,-0.5780576789283274,0.0833707421994351,0.009487379520346277,0.603448275862069,1.1328038719446265,0.5862068965517241,1.0046461364148231,0.00018122225681632304,-0.33708784427152266,0.12570173917954944,3.0,48.0,120.0,8,12,0.1
29,232,0.5137042794017856,0.09580715691682529,-0.2530585552093171,0.579134049665564,0.01824496061605053,0.6551724137931034,2.022799084633694,0.7241379310344828,1.9725801320010354,0.014962417553133179,-0.11752150900675884,0.10623515401396706,3.0,48.0,120.0,8,24,0.06
29,232,0.8004510589689005,0.1385742191900543,-0.40502358532310145,0.5791340496655641,0.01824496061605053,0.6551724137931034,2.022799084633694,0.7241379310344828,1.9725801320010354,0.024937362588555306,-0.19586918167793144,0.17705859002327845,3.0,48.0,120.0,8,24,0.1
29,232,0.6648306361190846,0.11906479951867532,-0.2052510594499506,0.7518894764956953,0.02700254171175479,0.646551724137931,2.5162516017226255,0.7241379310344828,2.6483697151744994,0.01775436652259456,-0.11181470574897058,0.1241951369663633,3.0,48.0,120.0,8,36,0.06
29,232,1.163451984442894,0.18567395255953878,-0.33302890382239414,0.751889476495695,0.02700254171175479,0.646551724137931,2.5162516017226255,0.7241379310344828,2.6483697151745,0.029590610870990932,-0.186357842914951,0.20699189494393883,3.0,48.0,120.0,8,36,0.1
