event,symbol,ret_net,entry,exit,live
2021-02-13 10:00:00+00:00,ALGO,0.03043878821413748,2021-02-13 11:00:00+00:00,2021-02-14 23:00:00+00:00,False
2021-02-13 10:00:00+00:00,FIL,0.14806867304402305,2021-02-13 11:00:00+00:00,2021-02-14 23:00:00+00:00,False
2021-02-13 10:00:00+00:00,XLM,-0.0157801148653689,2021-02-13 11:00:00+00:00,2021-02-14 23:00:00+00:00,False
2021-02-13 10:00:00+00:00,TRX,0.052766355140186905,2021-02-13 11:00:00+00:00,2021-02-14 23:00:00+00:00,False
2021-02-13 10:00:00+00:00,ATOM,-0.027620456254700443,2021-02-13 11:00:00+00:00,2021-02-14 23:00:00+00:00,False
2021-02-20 22:00:00+00:00,AAVE,-0.046925407001129904,2021-02-20 23:00:00+00:00,2021-02-22 11:00:00+00:00,False
2021-02-20 22:00:00+00:00,UNI,-0.06631954553030728,2021-02-20 23:00:00+00:00,2021-02-22 11:00:00+00:00,False
2021-02-20 22:00:00+00:00,ATOM,-0.08264739244708819,2021-02-20 23:00:00+00:00,2021-02-22 11:00:00+00:00,False
2021-02-20 22:00:00+00:00,BCH,-0.014068192014356272,2021-02-20 23:00:00+00:00,2021-02-22 11:00:00+00:00,False
2021-02-20 22:00:00+00:00,DASH,-0.04685253959584923,2021-02-20 23:00:00+00:00,2021-02-22 11:00:00+00:00,False
2021-02-22 11:00:00+00:00,UNI,-0.05607988424780108,2021-02-22 12:00:00+00:00,2021-02-24 00:00:00+00:00,False
2021-02-22 11:00:00+00:00,ALGO,-0.13791065292096216,2021-02-22 12:00:00+00:00,2021-02-24 00:00:00+00:00,False
2021-02-22 11:00:00+00:00,WAVES,-0.15254473722310702,2021-02-22 12:00:00+00:00,2021-02-24 00:00:00+00:00,False
2021-02-22 11:00:00+00:00,LTC,-0.151739022171144,2021-02-22 12:00:00+00:00,2021-02-24 00:00:00+00:00,False
2021-02-22 11:00:00+00:00,AAVE,-0.11740142158005118,2021-02-22 12:00:00+00:00,2021-02-24 00:00:00+00:00,False
2021-02-26 00:00:00+00:00,LTC,0.0207088402270883,2021-02-26 01:00:00+00:00,2021-02-27 13:00:00+00:00,False
2021-02-26 00:00:00+00:00,ZEC,0.04321768364430989,2021-02-26 01:00:00+00:00,2021-02-27 13:00:00+00:00,False
2021-02-26 00:00:00+00:00,AAVE,0.04628134070701817,2021-02-26 01:00:00+00:00,2021-02-27 13:00:00+00:00,False
2021-02-26 00:00:00+00:00,ALGO,0.06688311688311677,2021-02-26 01:00:00+00:00,2021-02-27 13:00:00+00:00,False
2021-02-26 00:00:00+00:00,ATOM,0.17637681159420304,2021-02-26 01:00:00+00:00,2021-02-27 13:00:00+00:00,False
2021-02-28 04:00:00+00:00,UNI,0.15013531929722101,2021-02-28 05:00:00+00:00,2021-03-01 17:00:00+00:00,False
2021-02-28 04:00:00+00:00,NEAR,0.17256676860346598,2021-02-28 05:00:00+00:00,2021-03-01 17:00:00+00:00,False
2021-02-28 04:00:00+00:00,CRV,0.10356844547563804,2021-02-28 05:00:00+00:00,2021-03-01 17:00:00+00:00,False
2021-02-28 04:00:00+00:00,LTC,0.1000537525354972,2021-02-28 05:00:00+00:00,2021-03-01 17:00:00+00:00,False
2021-02-28 04:00:00+00:00,ATOM,0.06494106213914153,2021-02-28 05:00:00+00:00,2021-03-01 17:00:00+00:00,False
2021-04-07 09:00:00+00:00,FIL,0.047722580822369354,2021-04-07 10:00:00+00:00,2021-04-08 22:00:00+00:00,False
2021-04-07 09:00:00+00:00,XLM,0.015562152437029743,2021-04-07 10:00:00+00:00,2021-04-08 22:00:00+00:00,False
2021-04-07 09:00:00+00:00,ZEC,0.00915775519222284,2021-04-07 10:00:00+00:00,2021-04-08 22:00:00+00:00,False
2021-04-07 09:00:00+00:00,BCH,-0.008763300115585347,2021-04-07 10:00:00+00:00,2021-04-08 22:00:00+00:00,False
2021-04-07 09:00:00+00:00,LTC,-0.007869891429075902,2021-04-07 10:00:00+00:00,2021-04-08 22:00:00+00:00,False
2021-04-16 13:00:00+00:00,BCH,0.16104021338203323,2021-04-16 14:00:00+00:00,2021-04-18 02:00:00+00:00,False
2021-04-16 13:00:00+00:00,TRX,0.09256435429148913,2021-04-16 14:00:00+00:00,2021-04-18 02:00:00+00:00,False
2021-04-16 13:00:00+00:00,XLM,0.01832014306502794,2021-04-16 14:00:00+00:00,2021-04-18 02:00:00+00:00,False
2021-04-16 13:00:00+00:00,CRV,-0.020832891246684415,2021-04-16 14:00:00+00:00,2021-04-18 02:00:00+00:00,False
2021-04-16 13:00:00+00:00,XMR,0.12173360434465019,2021-04-16 14:00:00+00:00,2021-04-18 02:00:00+00:00,False
2021-04-22 20:00:00+00:00,LTC,-0.09916914918505804,2021-04-22 21:00:00+00:00,2021-04-24 09:00:00+00:00,False
2021-04-22 20:00:00+00:00,HBAR,-0.0437218543046356,2021-04-22 21:00:00+00:00,2021-04-24 09:00:00+00:00,False
2021-04-22 20:00:00+00:00,XMR,0.0232180720196824,2021-04-22 21:00:00+00:00,2021-04-24 09:00:00+00:00,False
2021-04-22 20:00:00+00:00,CHZ,-0.11060301253111682,2021-04-22 21:00:00+00:00,2021-04-24 09:00:00+00:00,False
2021-04-22 20:00:00+00:00,TRX,-0.04993642655729291,2021-04-22 21:00:00+00:00,2021-04-24 09:00:00+00:00,False
2021-04-25 20:00:00+00:00,XMR,0.17627946353242363,2021-04-25 21:00:00+00:00,2021-04-27 09:00:00+00:00,False
2021-04-25 20:00:00+00:00,HBAR,0.259694801377341,2021-04-25 21:00:00+00:00,2021-04-27 09:00:00+00:00,False
2021-04-25 20:00:00+00:00,CHZ,0.30957355363258454,2021-04-25 21:00:00+00:00,2021-04-27 09:00:00+00:00,False
2021-04-25 20:00:00+00:00,ALGO,0.15705104772454548,2021-04-25 21:00:00+00:00,2021-04-27 09:00:00+00:00,False
2021-04-25 20:00:00+00:00,UNI,0.21951883029472152,2021-04-25 21:00:00+00:00,2021-04-27 09:00:00+00:00,False
2021-05-12 23:00:00+00:00,ZEC,0.10859842407893794,2021-05-13 00:00:00+00:00,2021-05-14 12:00:00+00:00,False
2021-05-12 23:00:00+00:00,NEAR,0.20265428883474756,2021-05-13 00:00:00+00:00,2021-05-14 12:00:00+00:00,False
2021-05-12 23:00:00+00:00,BCH,0.06604107041798035,2021-05-13 00:00:00+00:00,2021-05-14 12:00:00+00:00,False
2021-05-12 23:00:00+00:00,ETC,0.2615061937732561,2021-05-13 00:00:00+00:00,2021-05-14 12:00:00+00:00,False
2021-05-12 23:00:00+00:00,LTC,0.05595143913812528,2021-05-13 00:00:00+00:00,2021-05-14 12:00:00+00:00,False
2021-05-17 03:00:00+00:00,XMR,-0.038284637297499424,2021-05-17 04:00:00+00:00,2021-05-18 16:00:00+00:00,False
2021-05-17 03:00:00+00:00,BCH,0.06383673670225853,2021-05-17 04:00:00+00:00,2021-05-18 16:00:00+00:00,False
2021-05-17 03:00:00+00:00,XLM,0.015119663923940598,2021-05-17 04:00:00+00:00,2021-05-18 16:00:00+00:00,False
2021-05-17 03:00:00+00:00,UNI,0.042607069112109874,2021-05-17 04:00:00+00:00,2021-05-18 16:00:00+00:00,False
2021-05-17 03:00:00+00:00,NEAR,0.06957939189189188,2021-05-17 04:00:00+00:00,2021-05-18 16:00:00+00:00,False
2021-05-19 02:00:00+00:00,FIL,-0.07199563658035613,2021-05-19 03:00:00+00:00,2021-05-20 15:00:00+00:00,False
2021-05-19 02:00:00+00:00,XMR,-0.16069348990919896,2021-05-19 03:00:00+00:00,2021-05-20 15:00:00+00:00,False
2021-05-19 02:00:00+00:00,UNI,-0.1480274911947137,2021-05-19 03:00:00+00:00,2021-05-20 15:00:00+00:00,False
2021-05-19 02:00:00+00:00,DASH,-0.17425445948850204,2021-05-19 03:00:00+00:00,2021-05-20 15:00:00+00:00,False
2021-05-19 02:00:00+00:00,ZEC,-0.20277136418790076,2021-05-19 03:00:00+00:00,2021-05-20 15:00:00+00:00,False
2021-05-21 15:00:00+00:00,FIL,-0.007395043132959132,2021-05-21 16:00:00+00:00,2021-05-23 04:00:00+00:00,False
2021-05-21 15:00:00+00:00,UNI,-0.03691353190695934,2021-05-21 16:00:00+00:00,2021-05-23 04:00:00+00:00,False
2021-05-21 15:00:00+00:00,AAVE,-0.08850908506190702,2021-05-21 16:00:00+00:00,2021-05-23 04:00:00+00:00,False
2021-05-21 15:00:00+00:00,HBAR,0.14894673509113443,2021-05-21 16:00:00+00:00,2021-05-23 04:00:00+00:00,False
2021-05-21 15:00:00+00:00,WAVES,-0.11640007906700933,2021-05-21 16:00:00+00:00,2021-05-23 04:00:00+00:00,False
2021-05-23 08:00:00+00:00,AAVE,0.36997982434482046,2021-05-23 09:00:00+00:00,2021-05-24 21:00:00+00:00,False
2021-05-23 08:00:00+00:00,WAVES,0.1580921783923004,2021-05-23 09:00:00+00:00,2021-05-24 21:00:00+00:00,False
2021-05-23 08:00:00+00:00,NEAR,0.17712806940155845,2021-05-23 09:00:00+00:00,2021-05-24 21:00:00+00:00,False
2021-05-23 08:00:00+00:00,ATOM,0.3249856014862982,2021-05-23 09:00:00+00:00,2021-05-24 21:00:00+00:00,False
2021-05-23 08:00:00+00:00,UNI,0.39840846428774035,2021-05-23 09:00:00+00:00,2021-05-24 21:00:00+00:00,False
2021-05-25 11:00:00+00:00,WAVES,0.2443892463892463,2021-05-25 12:00:00+00:00,2021-05-27 00:00:00+00:00,False
2021-05-25 11:00:00+00:00,UNI,0.355911260907706,2021-05-25 12:00:00+00:00,2021-05-27 00:00:00+00:00,False
2021-05-25 11:00:00+00:00,NEAR,0.23657548061771183,2021-05-25 12:00:00+00:00,2021-05-27 00:00:00+00:00,False
2021-05-25 11:00:00+00:00,XMR,0.17909404568058807,2021-05-25 12:00:00+00:00,2021-05-27 00:00:00+00:00,False
2021-05-25 11:00:00+00:00,FIL,0.12493849761706644,2021-05-25 12:00:00+00:00,2021-05-27 00:00:00+00:00,False
2021-08-12 05:00:00+00:00,FIL,0.01339965432238688,2021-08-12 06:00:00+00:00,2021-08-13 18:00:00+00:00,False
2021-08-12 05:00:00+00:00,ALGO,0.033682426404995525,2021-08-12 06:00:00+00:00,2021-08-13 18:00:00+00:00,False
2021-08-12 05:00:00+00:00,XMR,0.014117995894472825,2021-08-12 06:00:00+00:00,2021-08-13 18:00:00+00:00,False
2021-08-12 05:00:00+00:00,ZEC,0.02934029784396519,2021-08-12 06:00:00+00:00,2021-08-13 18:00:00+00:00,False
2021-08-12 05:00:00+00:00,LTC,0.04215477658387656,2021-08-12 06:00:00+00:00,2021-08-13 18:00:00+00:00,False
2021-08-31 00:00:00+00:00,WAVES,0.12285637686710071,2021-08-31 01:00:00+00:00,2021-09-01 13:00:00+00:00,False
2021-08-31 00:00:00+00:00,DASH,0.10220739085916408,2021-08-31 01:00:00+00:00,2021-09-01 13:00:00+00:00,False
2021-08-31 00:00:00+00:00,CRV,0.07484871918801361,2021-08-31 01:00:00+00:00,2021-09-01 13:00:00+00:00,False
2021-08-31 00:00:00+00:00,AAVE,0.12162435803374905,2021-08-31 01:00:00+00:00,2021-09-01 13:00:00+00:00,False
2021-08-31 00:00:00+00:00,XMR,0.06464060278646566,2021-08-31 01:00:00+00:00,2021-09-01 13:00:00+00:00,False
2021-09-10 14:00:00+00:00,ALGO,0.05415596524687438,2021-09-10 15:00:00+00:00,2021-09-12 03:00:00+00:00,False
2021-09-10 14:00:00+00:00,ATOM,0.08406754161331631,2021-09-10 15:00:00+00:00,2021-09-12 03:00:00+00:00,False
2021-09-10 14:00:00+00:00,HBAR,0.35804845059049173,2021-09-10 15:00:00+00:00,2021-09-12 03:00:00+00:00,False
2021-09-10 14:00:00+00:00,FIL,0.01305691339481885,2021-09-10 15:00:00+00:00,2021-09-12 03:00:00+00:00,False
2021-09-10 14:00:00+00:00,ZEC,0.012129837506868581,2021-09-10 15:00:00+00:00,2021-09-12 03:00:00+00:00,False
2021-09-21 20:00:00+00:00,ATOM,0.33466655702115067,2021-09-21 21:00:00+00:00,2021-09-23 09:00:00+00:00,False
2021-09-21 20:00:00+00:00,NEAR,0.1324555371506171,2021-09-21 21:00:00+00:00,2021-09-23 09:00:00+00:00,False
2021-09-21 20:00:00+00:00,ALGO,0.20360091860168406,2021-09-21 21:00:00+00:00,2021-09-23 09:00:00+00:00,False
2021-09-21 20:00:00+00:00,UNI,0.1204918583884862,2021-09-21 21:00:00+00:00,2021-09-23 09:00:00+00:00,False
2021-09-21 20:00:00+00:00,AAVE,0.12534957179401607,2021-09-21 21:00:00+00:00,2021-09-23 09:00:00+00:00,False
2021-09-24 09:00:00+00:00,FIL,-0.042790902702357414,2021-09-24 10:00:00+00:00,2021-09-25 22:00:00+00:00,False
2021-09-24 09:00:00+00:00,CRV,-0.029449324324324344,2021-09-24 10:00:00+00:00,2021-09-25 22:00:00+00:00,False
2021-09-24 09:00:00+00:00,BCH,0.02051929657038265,2021-09-24 10:00:00+00:00,2021-09-25 22:00:00+00:00,False
2021-09-24 09:00:00+00:00,DASH,-0.009338225483655592,2021-09-24 10:00:00+00:00,2021-09-25 22:00:00+00:00,False
2021-09-24 09:00:00+00:00,UNI,0.014424410977593729,2021-09-24 10:00:00+00:00,2021-09-25 22:00:00+00:00,False
2021-11-18 16:00:00+00:00,GALA,0.34361251086012157,2021-11-18 17:00:00+00:00,2021-11-20 05:00:00+00:00,True
2021-11-18 16:00:00+00:00,CRV,0.09460645867542405,2021-11-18 17:00:00+00:00,2021-11-20 05:00:00+00:00,True
2021-11-18 16:00:00+00:00,1000SHIB,0.13520946728773087,2021-11-18 17:00:00+00:00,2021-11-20 05:00:00+00:00,True
2021-11-18 16:00:00+00:00,WAVES,0.0291574792048499,2021-11-18 17:00:00+00:00,2021-11-20 05:00:00+00:00,True
2021-11-18 16:00:00+00:00,HBAR,0.06779225154407631,2021-11-18 17:00:00+00:00,2021-11-20 05:00:00+00:00,True
2022-01-05 19:00:00+00:00,GALA,-0.09558769990229854,2022-01-05 20:00:00+00:00,2022-01-07 08:00:00+00:00,True
2022-01-05 19:00:00+00:00,NEAR,-0.019331987159573294,2022-01-05 20:00:00+00:00,2022-01-07 08:00:00+00:00,True
2022-01-05 19:00:00+00:00,ALGO,-0.12188553336580621,2022-01-05 20:00:00+00:00,2022-01-07 08:00:00+00:00,True
2022-01-05 19:00:00+00:00,1000SHIB,-0.03787163806141913,2022-01-05 20:00:00+00:00,2022-01-07 08:00:00+00:00,True
2022-01-05 19:00:00+00:00,FIL,-0.12648880372923033,2022-01-05 20:00:00+00:00,2022-01-07 08:00:00+00:00,True
2022-01-08 17:00:00+00:00,GALA,0.04961103607949058,2022-01-08 18:00:00+00:00,2022-01-10 06:00:00+00:00,True
2022-01-08 17:00:00+00:00,NEAR,0.021374666735596737,2022-01-08 18:00:00+00:00,2022-01-10 06:00:00+00:00,True
2022-01-08 17:00:00+00:00,AAVE,0.03549939045204065,2022-01-08 18:00:00+00:00,2022-01-10 06:00:00+00:00,True
2022-01-08 17:00:00+00:00,CRV,0.0058020508247882425,2022-01-08 18:00:00+00:00,2022-01-10 06:00:00+00:00,True
2022-01-08 17:00:00+00:00,ATOM,0.05429291938369207,2022-01-08 18:00:00+00:00,2022-01-10 06:00:00+00:00,True
2022-01-10 13:00:00+00:00,CRV,0.08307109004739344,2022-01-10 14:00:00+00:00,2022-01-12 02:00:00+00:00,True
2022-01-10 13:00:00+00:00,CHZ,0.06796216085661366,2022-01-10 14:00:00+00:00,2022-01-12 02:00:00+00:00,True
2022-01-10 13:00:00+00:00,AAVE,0.0922581300813008,2022-01-10 14:00:00+00:00,2022-01-12 02:00:00+00:00,True
2022-01-10 13:00:00+00:00,1000SHIB,0.025947436609291108,2022-01-10 14:00:00+00:00,2022-01-12 02:00:00+00:00,True
2022-01-10 13:00:00+00:00,FIL,0.014503388461673651,2022-01-10 14:00:00+00:00,2022-01-12 02:00:00+00:00,True
2022-01-24 10:00:00+00:00,DASH,0.05017288894123206,2022-01-24 11:00:00+00:00,2022-01-25 23:00:00+00:00,True
2022-01-24 10:00:00+00:00,BCH,0.08648630034436278,2022-01-24 11:00:00+00:00,2022-01-25 23:00:00+00:00,True
2022-01-24 10:00:00+00:00,ZEC,0.07422352518846487,2022-01-24 11:00:00+00:00,2022-01-25 23:00:00+00:00,True
2022-01-24 10:00:00+00:00,LTC,0.09433539742158148,2022-01-24 11:00:00+00:00,2022-01-25 23:00:00+00:00,True
2022-01-24 10:00:00+00:00,1000SHIB,0.08149214524851911,2022-01-24 11:00:00+00:00,2022-01-25 23:00:00+00:00,True
2022-01-26 21:00:00+00:00,CRV,-0.01371875,2022-01-26 22:00:00+00:00,2022-01-28 10:00:00+00:00,True
2022-01-26 21:00:00+00:00,BCH,-0.0010863729004146876,2022-01-26 22:00:00+00:00,2022-01-28 10:00:00+00:00,True
2022-01-26 21:00:00+00:00,HBAR,0.014289991194599285,2022-01-26 22:00:00+00:00,2022-01-28 10:00:00+00:00,True
2022-01-26 21:00:00+00:00,NEAR,-0.04735357275083307,2022-01-26 22:00:00+00:00,2022-01-28 10:00:00+00:00,True
2022-01-26 21:00:00+00:00,CHZ,0.02667638345775547,2022-01-26 22:00:00+00:00,2022-01-28 10:00:00+00:00,True
2022-02-11 20:00:00+00:00,CHZ,0.003757693052061086,2022-02-11 21:00:00+00:00,2022-02-13 09:00:00+00:00,True
2022-02-11 20:00:00+00:00,HBAR,-0.0009656955697294727,2022-02-11 21:00:00+00:00,2022-02-13 09:00:00+00:00,True
2022-02-11 20:00:00+00:00,CRV,0.0035632823365785455,2022-02-11 21:00:00+00:00,2022-02-13 09:00:00+00:00,True
2022-02-11 20:00:00+00:00,XMR,0.029326305759037608,2022-02-11 21:00:00+00:00,2022-02-13 09:00:00+00:00,True
2022-02-11 20:00:00+00:00,DASH,-0.003047619047619075,2022-02-11 21:00:00+00:00,2022-02-13 09:00:00+00:00,True
2022-02-24 02:00:00+00:00,UNI,0.0793223938223937,2022-02-24 03:00:00+00:00,2022-02-25 15:00:00+00:00,True
2022-02-24 02:00:00+00:00,HBAR,0.0633436592449177,2022-02-24 03:00:00+00:00,2022-02-25 15:00:00+00:00,True
2022-02-24 02:00:00+00:00,AAVE,0.06525169525329089,2022-02-24 03:00:00+00:00,2022-02-25 15:00:00+00:00,True
2022-02-24 02:00:00+00:00,XMR,0.0456722272632093,2022-02-24 03:00:00+00:00,2022-02-25 15:00:00+00:00,True
2022-02-24 02:00:00+00:00,ATOM,0.033790598290598384,2022-02-24 03:00:00+00:00,2022-02-25 15:00:00+00:00,True
2022-02-27 01:00:00+00:00,WAVES,0.08580403657064006,2022-02-27 02:00:00+00:00,2022-02-28 14:00:00+00:00,True
2022-02-27 01:00:00+00:00,ALGO,0.008415390270800184,2022-02-27 02:00:00+00:00,2022-02-28 14:00:00+00:00,True
2022-02-27 01:00:00+00:00,XLM,-0.0186069684141974,2022-02-27 02:00:00+00:00,2022-02-28 14:00:00+00:00,True
2022-02-27 01:00:00+00:00,HBAR,-0.009369854011172072,2022-02-27 02:00:00+00:00,2022-02-28 14:00:00+00:00,True
2022-02-27 01:00:00+00:00,CHZ,0.05524249894774802,2022-02-27 02:00:00+00:00,2022-02-28 14:00:00+00:00,True
2022-03-31 14:00:00+00:00,CHZ,-0.014154506437768164,2022-03-31 15:00:00+00:00,2022-04-02 03:00:00+00:00,True
2022-03-31 14:00:00+00:00,TRX,-0.00014151068631362666,2022-03-31 15:00:00+00:00,2022-04-02 03:00:00+00:00,True
2022-03-31 14:00:00+00:00,HBAR,-0.0036942998910807195,2022-03-31 15:00:00+00:00,2022-04-02 03:00:00+00:00,True
2022-03-31 14:00:00+00:00,ZEC,0.00205484714293336,2022-03-31 15:00:00+00:00,2022-04-02 03:00:00+00:00,True
2022-03-31 14:00:00+00:00,ATOM,0.0008349645629428543,2022-03-31 15:00:00+00:00,2022-04-02 03:00:00+00:00,True
2022-04-04 17:00:00+00:00,WAVES,-0.20158408728765498,2022-04-04 18:00:00+00:00,2022-04-06 06:00:00+00:00,True
2022-04-04 17:00:00+00:00,CHZ,-0.013309062742060338,2022-04-04 18:00:00+00:00,2022-04-06 06:00:00+00:00,True
2022-04-04 17:00:00+00:00,UNI,-0.017982760168806733,2022-04-04 18:00:00+00:00,2022-04-06 06:00:00+00:00,True
2022-04-04 17:00:00+00:00,DASH,-0.016669926650366707,2022-04-04 18:00:00+00:00,2022-04-06 06:00:00+00:00,True
2022-04-04 17:00:00+00:00,FIL,0.03284145882942724,2022-04-04 18:00:00+00:00,2022-04-06 06:00:00+00:00,True
2022-04-10 23:00:00+00:00,WAVES,-0.0037720534209275663,2022-04-11 00:00:00+00:00,2022-04-12 12:00:00+00:00,True
2022-04-10 23:00:00+00:00,NEAR,0.051874398581919445,2022-04-11 00:00:00+00:00,2022-04-12 12:00:00+00:00,True
2022-04-10 23:00:00+00:00,ZEC,-0.08769831708377329,2022-04-11 00:00:00+00:00,2022-04-12 12:00:00+00:00,True
2022-04-10 23:00:00+00:00,XMR,0.014422660725652571,2022-04-11 00:00:00+00:00,2022-04-12 12:00:00+00:00,True
2022-04-10 23:00:00+00:00,AAVE,-0.0415005675368898,2022-04-11 00:00:00+00:00,2022-04-12 12:00:00+00:00,True
2022-04-21 20:00:00+00:00,WAVES,-0.021067465485803627,2022-04-21 21:00:00+00:00,2022-04-23 09:00:00+00:00,True
2022-04-21 20:00:00+00:00,NEAR,0.004578098800464449,2022-04-21 21:00:00+00:00,2022-04-23 09:00:00+00:00,True
2022-04-21 20:00:00+00:00,UNI,0.019468926553672272,2022-04-21 21:00:00+00:00,2022-04-23 09:00:00+00:00,True
2022-04-21 20:00:00+00:00,BCH,-0.002314297388188778,2022-04-21 21:00:00+00:00,2022-04-23 09:00:00+00:00,True
2022-04-21 20:00:00+00:00,LTC,-0.006470106165021304,2022-04-21 21:00:00+00:00,2022-04-23 09:00:00+00:00,True
2022-04-25 00:00:00+00:00,TRX,0.021495792983013073,2022-04-25 01:00:00+00:00,2022-04-26 13:00:00+00:00,True
2022-04-25 00:00:00+00:00,NEAR,0.018102983706002718,2022-04-25 01:00:00+00:00,2022-04-26 13:00:00+00:00,True
2022-04-25 00:00:00+00:00,WAVES,-0.016261744966442948,2022-04-25 01:00:00+00:00,2022-04-26 13:00:00+00:00,True
2022-04-25 00:00:00+00:00,GALA,0.008142792384406185,2022-04-25 01:00:00+00:00,2022-04-26 13:00:00+00:00,True
2022-04-25 00:00:00+00:00,UNI,0.02344802867383522,2022-04-25 01:00:00+00:00,2022-04-26 13:00:00+00:00,True
2022-04-26 14:00:00+00:00,XMR,-0.0639494407342156,2022-04-26 15:00:00+00:00,2022-04-28 03:00:00+00:00,True
2022-04-26 14:00:00+00:00,WAVES,0.05957651087576887,2022-04-26 15:00:00+00:00,2022-04-28 03:00:00+00:00,True
2022-04-26 14:00:00+00:00,NEAR,-0.07909586261865087,2022-04-26 15:00:00+00:00,2022-04-28 03:00:00+00:00,True
2022-04-26 14:00:00+00:00,CHZ,0.02660132542727589,2022-04-26 15:00:00+00:00,2022-04-28 03:00:00+00:00,True
2022-04-26 14:00:00+00:00,XLM,0.009949378089185947,2022-04-26 15:00:00+00:00,2022-04-28 03:00:00+00:00,True
2022-04-30 23:00:00+00:00,FIL,0.029164263102356536,2022-05-01 00:00:00+00:00,2022-05-02 12:00:00+00:00,True
2022-04-30 23:00:00+00:00,GALA,0.032488009135896556,2022-05-01 00:00:00+00:00,2022-05-02 12:00:00+00:00,True
2022-04-30 23:00:00+00:00,UNI,-0.008224066390041472,2022-05-01 00:00:00+00:00,2022-05-02 12:00:00+00:00,True
2022-04-30 23:00:00+00:00,XMR,-0.03771094699448441,2022-05-01 00:00:00+00:00,2022-05-02 12:00:00+00:00,True
2022-04-30 23:00:00+00:00,ZEC,0.02277813900360237,2022-05-01 00:00:00+00:00,2022-05-02 12:00:00+00:00,True
2022-05-05 14:00:00+00:00,ATOM,-0.08421602488469382,2022-05-05 15:00:00+00:00,2022-05-07 03:00:00+00:00,True
2022-05-05 14:00:00+00:00,CHZ,-0.06565177448460657,2022-05-05 15:00:00+00:00,2022-05-07 03:00:00+00:00,True
2022-05-05 14:00:00+00:00,ETC,-0.07855373871000237,2022-05-05 15:00:00+00:00,2022-05-07 03:00:00+00:00,True
2022-05-05 14:00:00+00:00,LTC,-0.049184773988897645,2022-05-05 15:00:00+00:00,2022-05-07 03:00:00+00:00,True
2022-05-05 14:00:00+00:00,ALGO,0.024880096647538652,2022-05-05 15:00:00+00:00,2022-05-07 03:00:00+00:00,True
2022-05-07 22:00:00+00:00,TRX,0.01810296641333653,2022-05-07 23:00:00+00:00,2022-05-09 11:00:00+00:00,True
2022-05-07 22:00:00+00:00,BCH,-0.07910606804365061,2022-05-07 23:00:00+00:00,2022-05-09 11:00:00+00:00,True
2022-05-07 22:00:00+00:00,XMR,0.025363681840920416,2022-05-07 23:00:00+00:00,2022-05-09 11:00:00+00:00,True
2022-05-07 22:00:00+00:00,ATOM,-0.10627477143563124,2022-05-07 23:00:00+00:00,2022-05-09 11:00:00+00:00,True
2022-05-07 22:00:00+00:00,1000SHIB,-0.1278848388800845,2022-05-07 23:00:00+00:00,2022-05-09 11:00:00+00:00,True
2022-05-09 16:00:00+00:00,LTC,-0.04426728560957727,2022-05-09 17:00:00+00:00,2022-05-11 05:00:00+00:00,True
2022-05-09 16:00:00+00:00,AAVE,-0.03733933258342714,2022-05-09 17:00:00+00:00,2022-05-11 05:00:00+00:00,True
2022-05-09 16:00:00+00:00,BCH,-0.01906927099088196,2022-05-09 17:00:00+00:00,2022-05-11 05:00:00+00:00,True
2022-05-09 16:00:00+00:00,1000SHIB,0.029671858774662496,2022-05-09 17:00:00+00:00,2022-05-11 05:00:00+00:00,True
2022-05-09 16:00:00+00:00,XMR,-0.17855972410910226,2022-05-09 17:00:00+00:00,2022-05-11 05:00:00+00:00,True
2022-06-15 05:00:00+00:00,TRX,0.20397609561752983,2022-06-15 06:00:00+00:00,2022-06-16 18:00:00+00:00,False
2022-06-15 05:00:00+00:00,BCH,-0.05600872190540085,2022-06-15 06:00:00+00:00,2022-06-16 18:00:00+00:00,False
2022-06-15 05:00:00+00:00,CRV,0.04324886877828038,2022-06-15 06:00:00+00:00,2022-06-16 18:00:00+00:00,False
2022-06-15 05:00:00+00:00,LTC,0.0527976878612717,2022-06-15 06:00:00+00:00,2022-06-16 18:00:00+00:00,False
2022-06-15 05:00:00+00:00,ETC,0.04933274751025185,2022-06-15 06:00:00+00:00,2022-06-16 18:00:00+00:00,False
2022-06-18 08:00:00+00:00,CRV,0.12514776632302427,2022-06-18 09:00:00+00:00,2022-06-19 21:00:00+00:00,True
2022-06-18 08:00:00+00:00,BTC,0.08378039012272676,2022-06-18 09:00:00+00:00,2022-06-19 21:00:00+00:00,True
2022-06-18 08:00:00+00:00,XMR,0.08065402843601888,2022-06-18 09:00:00+00:00,2022-06-19 21:00:00+00:00,True
2022-06-18 08:00:00+00:00,DOGE,0.19101260022909505,2022-06-18 09:00:00+00:00,2022-06-19 21:00:00+00:00,True
2022-06-18 08:00:00+00:00,XLM,0.10918591901510033,2022-06-18 09:00:00+00:00,2022-06-19 21:00:00+00:00,True
2022-08-17 13:00:00+00:00,ADA,-0.07719640852974174,2022-08-17 14:00:00+00:00,2022-08-19 02:00:00+00:00,True
2022-08-17 13:00:00+00:00,DOT,-0.07444655581947746,2022-08-17 14:00:00+00:00,2022-08-19 02:00:00+00:00,True
2022-08-17 13:00:00+00:00,ALGO,-0.06211730205278598,2022-08-17 14:00:00+00:00,2022-08-19 02:00:00+00:00,True
2022-08-17 13:00:00+00:00,LTC,-0.026670778463077194,2022-08-17 14:00:00+00:00,2022-08-19 02:00:00+00:00,True
2022-08-17 13:00:00+00:00,TRX,-0.04214545454545471,2022-08-17 14:00:00+00:00,2022-08-19 02:00:00+00:00,True
2022-08-29 00:00:00+00:00,AVAX,0.09827548209366399,2022-08-29 01:00:00+00:00,2022-08-30 13:00:00+00:00,True
2022-08-29 00:00:00+00:00,CHZ,0.0025898154411054825,2022-08-29 01:00:00+00:00,2022-08-30 13:00:00+00:00,True
2022-08-29 00:00:00+00:00,ATOM,0.14327421236872806,2022-08-29 01:00:00+00:00,2022-08-30 13:00:00+00:00,True
2022-08-29 00:00:00+00:00,XRP,0.020663769015833777,2022-08-29 01:00:00+00:00,2022-08-30 13:00:00+00:00,True
2022-08-29 00:00:00+00:00,BCH,0.04922969013584311,2022-08-29 01:00:00+00:00,2022-08-30 13:00:00+00:00,True
2022-08-30 16:00:00+00:00,CHZ,0.0731818088702243,2022-08-30 17:00:00+00:00,2022-09-01 05:00:00+00:00,True
2022-08-30 16:00:00+00:00,LTC,0.04827825753214343,2022-08-30 17:00:00+00:00,2022-09-01 05:00:00+00:00,True
2022-08-30 16:00:00+00:00,ETH,0.04129001418573219,2022-08-30 17:00:00+00:00,2022-09-01 05:00:00+00:00,True
2022-08-30 16:00:00+00:00,BNB,-0.00019624819624830363,2022-08-30 17:00:00+00:00,2022-09-01 05:00:00+00:00,True
2022-08-30 16:00:00+00:00,DOGE,0.00478695580201949,2022-08-30 17:00:00+00:00,2022-09-01 05:00:00+00:00,True
2022-09-21 21:00:00+00:00,ETH,0.04576078907048009,2022-09-21 22:00:00+00:00,2022-09-23 10:00:00+00:00,True
2022-09-21 21:00:00+00:00,ATOM,0.08831223757538731,2022-09-21 22:00:00+00:00,2022-09-23 10:00:00+00:00,True
2022-09-21 21:00:00+00:00,BTC,0.03140631086914025,2022-09-21 22:00:00+00:00,2022-09-23 10:00:00+00:00,True
2022-09-21 21:00:00+00:00,NEAR,0.05224200278164104,2022-09-21 22:00:00+00:00,2022-09-23 10:00:00+00:00,True
2022-09-21 21:00:00+00:00,CRV,0.06035294117647072,2022-09-21 22:00:00+00:00,2022-09-23 10:00:00+00:00,True
2022-10-31 13:00:00+00:00,ETH,0.015527651602638139,2022-10-31 14:00:00+00:00,2022-11-02 02:00:00+00:00,True
2022-10-31 13:00:00+00:00,GALA,-0.021287109375000113,2022-10-31 14:00:00+00:00,2022-11-02 02:00:00+00:00,True
2022-10-31 13:00:00+00:00,ETC,0.003668220178863814,2022-10-31 14:00:00+00:00,2022-11-02 02:00:00+00:00,True
2022-10-31 13:00:00+00:00,AAVE,0.025297982848169864,2022-10-31 14:00:00+00:00,2022-11-02 02:00:00+00:00,True
2022-10-31 13:00:00+00:00,BCH,0.0048625725849023044,2022-10-31 14:00:00+00:00,2022-11-02 02:00:00+00:00,True
2022-11-11 16:00:00+00:00,WAVES,0.029808278867102356,2022-11-11 17:00:00+00:00,2022-11-13 05:00:00+00:00,True
2022-11-11 16:00:00+00:00,AVAX,-0.05372413793103448,2022-11-11 17:00:00+00:00,2022-11-13 05:00:00+00:00,True
2022-11-11 16:00:00+00:00,1000LUNC,-0.018524520255863486,2022-11-11 17:00:00+00:00,2022-11-13 05:00:00+00:00,True
2022-11-11 16:00:00+00:00,AAVE,-0.05501820504631105,2022-11-11 17:00:00+00:00,2022-11-13 05:00:00+00:00,True
2022-11-11 16:00:00+00:00,APT,-0.032152369114716084,2022-11-11 17:00:00+00:00,2022-11-13 05:00:00+00:00,True
2022-12-19 18:00:00+00:00,FIL,0.05036728837876625,2022-12-19 19:00:00+00:00,2022-12-21 07:00:00+00:00,True
2022-12-19 18:00:00+00:00,1000LUNC,0.009636927851047307,2022-12-19 19:00:00+00:00,2022-12-21 07:00:00+00:00,True
2022-12-19 18:00:00+00:00,ALGO,0.019851638872915522,2022-12-19 19:00:00+00:00,2022-12-21 07:00:00+00:00,True
2022-12-19 18:00:00+00:00,DOGE,0.00382362728785335,2022-12-19 19:00:00+00:00,2022-12-21 07:00:00+00:00,True
2022-12-19 18:00:00+00:00,APT,-0.018888287491217626,2022-12-19 19:00:00+00:00,2022-12-21 07:00:00+00:00,True
2023-01-14 09:00:00+00:00,1000LUNC,0.045866205305651775,2023-01-14 10:00:00+00:00,2023-01-15 22:00:00+00:00,True
2023-01-14 09:00:00+00:00,APT,0.08354623417848117,2023-01-14 10:00:00+00:00,2023-01-15 22:00:00+00:00,True
2023-01-14 09:00:00+00:00,1000SHIB,0.002014884449667022,2023-01-14 10:00:00+00:00,2023-01-15 22:00:00+00:00,True
2023-01-14 09:00:00+00:00,XMR,-0.010260283209710062,2023-01-14 10:00:00+00:00,2023-01-15 22:00:00+00:00,True
2023-01-14 09:00:00+00:00,XRP,-0.014548015364916787,2023-01-14 10:00:00+00:00,2023-01-15 22:00:00+00:00,True
2023-01-16 08:00:00+00:00,NEAR,0.019149425287356525,2023-01-16 09:00:00+00:00,2023-01-17 21:00:00+00:00,True
2023-01-16 08:00:00+00:00,XRP,0.026415015641293005,2023-01-16 09:00:00+00:00,2023-01-17 21:00:00+00:00,True
2023-01-16 08:00:00+00:00,WAVES,0.009499259517379734,2023-01-16 09:00:00+00:00,2023-01-17 21:00:00+00:00,True
2023-01-16 08:00:00+00:00,XMR,0.013301902398676681,2023-01-16 09:00:00+00:00,2023-01-17 21:00:00+00:00,True
2023-01-16 08:00:00+00:00,AAVE,0.08514541272680809,2023-01-16 09:00:00+00:00,2023-01-17 21:00:00+00:00,True
2023-01-18 15:00:00+00:00,1000SHIB,-0.014706043956044022,2023-01-18 16:00:00+00:00,2023-01-20 04:00:00+00:00,True
2023-01-18 15:00:00+00:00,XMR,0.0025935327893624755,2023-01-18 16:00:00+00:00,2023-01-20 04:00:00+00:00,True
2023-01-18 15:00:00+00:00,CHZ,-0.014209257398964502,2023-01-18 16:00:00+00:00,2023-01-20 04:00:00+00:00,True
2023-01-18 15:00:00+00:00,GALA,-0.008880240808428306,2023-01-18 16:00:00+00:00,2023-01-20 04:00:00+00:00,True
2023-01-18 15:00:00+00:00,CRV,0.023583982202447284,2023-01-18 16:00:00+00:00,2023-01-20 04:00:00+00:00,True
2023-01-22 20:00:00+00:00,CRV,0.029132075471697938,2023-01-22 21:00:00+00:00,2023-01-24 09:00:00+00:00,True
2023-01-22 20:00:00+00:00,ICP,0.0802669104204754,2023-01-22 21:00:00+00:00,2023-01-24 09:00:00+00:00,True
2023-01-22 20:00:00+00:00,DOGE,0.029850063240197677,2023-01-22 21:00:00+00:00,2023-01-24 09:00:00+00:00,True
2023-01-22 20:00:00+00:00,1000SHIB,0.025130139889783853,2023-01-22 21:00:00+00:00,2023-01-24 09:00:00+00:00,True
2023-01-22 20:00:00+00:00,XMR,0.024256951212520583,2023-01-22 21:00:00+00:00,2023-01-24 09:00:00+00:00,True
2023-01-24 22:00:00+00:00,WAVES,0.04203787809138548,2023-01-24 23:00:00+00:00,2023-01-26 11:00:00+00:00,True
2023-01-24 22:00:00+00:00,CHZ,0.008068107787977398,2023-01-24 23:00:00+00:00,2023-01-26 11:00:00+00:00,True
2023-01-24 22:00:00+00:00,CRV,0.06567676767676756,2023-01-24 23:00:00+00:00,2023-01-26 11:00:00+00:00,True
2023-01-24 22:00:00+00:00,ZEC,0.006073559093967342,2023-01-24 23:00:00+00:00,2023-01-26 11:00:00+00:00,True
2023-01-24 22:00:00+00:00,LDO,0.012094611132210666,2023-01-24 23:00:00+00:00,2023-01-26 11:00:00+00:00,True
2023-02-02 21:00:00+00:00,1000SHIB,0.1708723404255319,2023-02-02 22:00:00+00:00,2023-02-04 10:00:00+00:00,True
2023-02-02 21:00:00+00:00,ETC,0.05192002164014231,2023-02-02 22:00:00+00:00,2023-02-04 10:00:00+00:00,True
2023-02-02 21:00:00+00:00,XMR,0.0018263087715229016,2023-02-02 22:00:00+00:00,2023-02-04 10:00:00+00:00,True
2023-02-02 21:00:00+00:00,CHZ,0.04354597701149432,2023-02-02 22:00:00+00:00,2023-02-04 10:00:00+00:00,True
2023-02-02 21:00:00+00:00,LDO,-0.005763226634790007,2023-02-02 22:00:00+00:00,2023-02-04 10:00:00+00:00,True
2023-02-05 12:00:00+00:00,INJ,-0.04265265486725667,2023-02-05 13:00:00+00:00,2023-02-07 01:00:00+00:00,True
2023-02-05 12:00:00+00:00,WAVES,0.0023918918918919303,2023-02-05 13:00:00+00:00,2023-02-07 01:00:00+00:00,True
2023-02-05 12:00:00+00:00,1000LUNC,0.015193566278425054,2023-02-05 13:00:00+00:00,2023-02-07 01:00:00+00:00,True
2023-02-05 12:00:00+00:00,LDO,0.12164177623418504,2023-02-05 13:00:00+00:00,2023-02-07 01:00:00+00:00,True
2023-02-05 12:00:00+00:00,APT,-0.019810579705432985,2023-02-05 13:00:00+00:00,2023-02-07 01:00:00+00:00,True
2023-02-09 03:00:00+00:00,CRV,-0.08645297504798477,2023-02-09 04:00:00+00:00,2023-02-10 16:00:00+00:00,True
2023-02-09 03:00:00+00:00,ALGO,-0.0571035502958579,2023-02-09 04:00:00+00:00,2023-02-10 16:00:00+00:00,True
2023-02-09 03:00:00+00:00,TRX,-0.020207282913165314,2023-02-09 04:00:00+00:00,2023-02-10 16:00:00+00:00,True
2023-02-09 03:00:00+00:00,NEAR,-0.09143089430894302,2023-02-09 04:00:00+00:00,2023-02-10 16:00:00+00:00,True
2023-02-09 03:00:00+00:00,FET,-0.05626529700759264,2023-02-09 04:00:00+00:00,2023-02-10 16:00:00+00:00,True
2023-03-11 07:00:00+00:00,DASH,0.08291418247515803,2023-03-11 08:00:00+00:00,2023-03-12 20:00:00+00:00,True
2023-03-11 07:00:00+00:00,LTC,0.07917575388364306,2023-03-11 08:00:00+00:00,2023-03-12 20:00:00+00:00,True
2023-03-11 07:00:00+00:00,OP,0.03622767408660721,2023-03-11 08:00:00+00:00,2023-03-12 20:00:00+00:00,True
2023-03-11 07:00:00+00:00,FIL,0.06325831416021765,2023-03-11 08:00:00+00:00,2023-03-12 20:00:00+00:00,True
2023-03-11 07:00:00+00:00,TRX,0.09078538812785397,2023-03-11 08:00:00+00:00,2023-03-12 20:00:00+00:00,True
2023-03-15 15:00:00+00:00,OP,0.06465281529191769,2023-03-15 16:00:00+00:00,2023-03-17 04:00:00+00:00,True
2023-03-15 15:00:00+00:00,FIL,0.009016949152542255,2023-03-15 16:00:00+00:00,2023-03-17 04:00:00+00:00,True
2023-03-15 15:00:00+00:00,APT,0.03946600277528378,2023-03-15 16:00:00+00:00,2023-03-17 04:00:00+00:00,True
2023-03-15 15:00:00+00:00,LDO,0.007586990817523455,2023-03-15 16:00:00+00:00,2023-03-17 04:00:00+00:00,True
2023-03-15 15:00:00+00:00,GALA,0.0641135597614726,2023-03-15 16:00:00+00:00,2023-03-17 04:00:00+00:00,True
2023-04-19 08:00:00+00:00,XRP,-0.03662405244826872,2023-04-19 09:00:00+00:00,2023-04-20 21:00:00+00:00,True
2023-04-19 08:00:00+00:00,CRV,-0.02779979360165119,2023-04-19 09:00:00+00:00,2023-04-20 21:00:00+00:00,True
2023-04-19 08:00:00+00:00,ALGO,-0.07147162426614473,2023-04-19 09:00:00+00:00,2023-04-20 21:00:00+00:00,True
2023-04-19 08:00:00+00:00,XLM,-0.03835811221389507,2023-04-19 09:00:00+00:00,2023-04-20 21:00:00+00:00,True
2023-04-19 08:00:00+00:00,UNI,-0.02686047691527149,2023-04-19 09:00:00+00:00,2023-04-20 21:00:00+00:00,True
2023-04-21 19:00:00+00:00,FET,0.037794995477841375,2023-04-21 20:00:00+00:00,2023-04-23 08:00:00+00:00,True
2023-04-21 19:00:00+00:00,CHZ,0.020721556133143304,2023-04-21 20:00:00+00:00,2023-04-23 08:00:00+00:00,True
2023-04-21 19:00:00+00:00,APT,0.0035970149253732337,2023-04-21 20:00:00+00:00,2023-04-23 08:00:00+00:00,True
2023-04-21 19:00:00+00:00,1000LUNC,0.04055319148936154,2023-04-21 20:00:00+00:00,2023-04-23 08:00:00+00:00,True
2023-04-21 19:00:00+00:00,UNI,0.008805860805860767,2023-04-21 20:00:00+00:00,2023-04-23 08:00:00+00:00,True
2023-04-26 19:00:00+00:00,BTC,0.055544312649614014,2023-04-26 20:00:00+00:00,2023-04-28 08:00:00+00:00,True
2023-04-26 19:00:00+00:00,1000LUNC,0.03202646502835527,2023-04-26 20:00:00+00:00,2023-04-28 08:00:00+00:00,True
2023-04-26 19:00:00+00:00,XMR,0.0028672853527158555,2023-04-26 20:00:00+00:00,2023-04-28 08:00:00+00:00,True
2023-04-26 19:00:00+00:00,ICP,0.14628244274809155,2023-04-26 20:00:00+00:00,2023-04-28 08:00:00+00:00,True
2023-04-26 19:00:00+00:00,ETH,0.047394665179303797,2023-04-26 20:00:00+00:00,2023-04-28 08:00:00+00:00,True
2023-05-08 01:00:00+00:00,1000LUNC,-0.04020224719101129,2023-05-08 02:00:00+00:00,2023-05-09 14:00:00+00:00,True
2023-05-08 01:00:00+00:00,CHZ,-0.04975893906328688,2023-05-08 02:00:00+00:00,2023-05-09 14:00:00+00:00,True
2023-05-08 01:00:00+00:00,FET,-0.0652120543917677,2023-05-08 02:00:00+00:00,2023-05-09 14:00:00+00:00,True
2023-05-08 01:00:00+00:00,GALA,-0.051867021276595704,2023-05-08 02:00:00+00:00,2023-05-09 14:00:00+00:00,True
2023-05-08 01:00:00+00:00,SOL,-0.016671083767155648,2023-05-08 02:00:00+00:00,2023-05-09 14:00:00+00:00,True
2023-06-07 15:00:00+00:00,BNB,0.0026332046332044907,2023-06-07 16:00:00+00:00,2023-06-09 04:00:00+00:00,True
2023-06-07 15:00:00+00:00,1000LUNC,0.037342147694292116,2023-06-07 16:00:00+00:00,2023-06-09 04:00:00+00:00,True
2023-06-07 15:00:00+00:00,ATOM,-0.02789165020276596,2023-06-07 16:00:00+00:00,2023-06-09 04:00:00+00:00,True
2023-06-07 15:00:00+00:00,WAVES,-0.0008528455802689888,2023-06-07 16:00:00+00:00,2023-06-09 04:00:00+00:00,True
2023-06-07 15:00:00+00:00,XRP,0.010946859903381735,2023-06-07 16:00:00+00:00,2023-06-09 04:00:00+00:00,True
2023-06-10 02:00:00+00:00,1000SHIB,-0.10459546133985598,2023-06-10 03:00:00+00:00,2023-06-11 15:00:00+00:00,True
2023-06-10 02:00:00+00:00,SUI,-0.11382858820076325,2023-06-10 03:00:00+00:00,2023-06-11 15:00:00+00:00,True
2023-06-10 02:00:00+00:00,1000LUNC,-0.052963597430406906,2023-06-10 03:00:00+00:00,2023-06-11 15:00:00+00:00,True
2023-06-10 02:00:00+00:00,SOL,-0.07677203647416408,2023-06-10 03:00:00+00:00,2023-06-11 15:00:00+00:00,True
2023-06-10 02:00:00+00:00,GALA,-0.11757788944723613,2023-06-10 03:00:00+00:00,2023-06-11 15:00:00+00:00,True
2023-06-14 20:00:00+00:00,CRV,0.07104347826086954,2023-06-14 21:00:00+00:00,2023-06-16 09:00:00+00:00,True
2023-06-14 20:00:00+00:00,ETH,0.017591806840653312,2023-06-14 21:00:00+00:00,2023-06-16 09:00:00+00:00,True
2023-06-14 20:00:00+00:00,1000LUNC,0.016855441614290312,2023-06-14 21:00:00+00:00,2023-06-16 09:00:00+00:00,True
2023-06-14 20:00:00+00:00,XRP,0.01982284980744553,2023-06-14 21:00:00+00:00,2023-06-16 09:00:00+00:00,True
2023-06-14 20:00:00+00:00,LTC,0.04376436222005853,2023-06-14 21:00:00+00:00,2023-06-16 09:00:00+00:00,True
2023-10-04 00:00:00+00:00,GALA,0.007402283411685586,2023-10-04 01:00:00+00:00,2023-10-05 13:00:00+00:00,True
2023-10-04 00:00:00+00:00,INJ,0.049523545706371186,2023-10-04 01:00:00+00:00,2023-10-05 13:00:00+00:00,True
2023-10-04 00:00:00+00:00,APT,0.022839899087909954,2023-10-04 01:00:00+00:00,2023-10-05 13:00:00+00:00,True
2023-10-04 00:00:00+00:00,ATOM,-0.00011539576688890212,2023-10-04 01:00:00+00:00,2023-10-05 13:00:00+00:00,True
2023-10-04 00:00:00+00:00,SUI,0.015149478563151854,2023-10-04 01:00:00+00:00,2023-10-05 13:00:00+00:00,True
2023-10-22 09:00:00+00:00,WLD,-0.037960071920143834,2023-10-22 10:00:00+00:00,2023-10-23 22:00:00+00:00,True
2023-10-22 09:00:00+00:00,SOL,0.05730109424638208,2023-10-22 10:00:00+00:00,2023-10-23 22:00:00+00:00,True
2023-10-22 09:00:00+00:00,NEAR,0.04385365853658563,2023-10-22 10:00:00+00:00,2023-10-23 22:00:00+00:00,True
2023-10-22 09:00:00+00:00,LDO,0.0702721987638455,2023-10-22 10:00:00+00:00,2023-10-23 22:00:00+00:00,True
2023-10-22 09:00:00+00:00,OP,0.053542216886754534,2023-10-22 10:00:00+00:00,2023-10-23 22:00:00+00:00,True
2023-10-24 06:00:00+00:00,1000PEPE,0.29317534062988626,2023-10-24 07:00:00+00:00,2023-10-25 19:00:00+00:00,True
2023-10-24 06:00:00+00:00,AAVE,-0.0064158014082826825,2023-10-24 07:00:00+00:00,2023-10-25 19:00:00+00:00,True
2023-10-24 06:00:00+00:00,LTC,-0.00821746674378243,2023-10-24 07:00:00+00:00,2023-10-25 19:00:00+00:00,True
2023-10-24 06:00:00+00:00,APT,0.09783686786296908,2023-10-24 07:00:00+00:00,2023-10-25 19:00:00+00:00,True
2023-10-24 06:00:00+00:00,BNB,-0.01997457255589652,2023-10-24 07:00:00+00:00,2023-10-25 19:00:00+00:00,True
2023-10-26 11:00:00+00:00,GALA,-0.06940976645435248,2023-10-26 12:00:00+00:00,2023-10-28 00:00:00+00:00,True
2023-10-26 11:00:00+00:00,INJ,0.14062820512820529,2023-10-26 12:00:00+00:00,2023-10-28 00:00:00+00:00,True
2023-10-26 11:00:00+00:00,LDO,-0.03307179022544371,2023-10-26 12:00:00+00:00,2023-10-28 00:00:00+00:00,True
2023-10-26 11:00:00+00:00,AAVE,-0.03122962595987122,2023-10-26 12:00:00+00:00,2023-10-28 00:00:00+00:00,True
2023-10-26 11:00:00+00:00,CRV,-0.03324999999999989,2023-10-26 12:00:00+00:00,2023-10-28 00:00:00+00:00,True
2023-10-31 15:00:00+00:00,FET,0.12636257309941512,2023-10-31 16:00:00+00:00,2023-11-02 04:00:00+00:00,True
2023-10-31 15:00:00+00:00,GALA,0.05281639169771157,2023-10-31 16:00:00+00:00,2023-11-02 04:00:00+00:00,True
2023-10-31 15:00:00+00:00,SUI,0.10632753421479935,2023-10-31 16:00:00+00:00,2023-11-02 04:00:00+00:00,True
2023-10-31 15:00:00+00:00,1000SHIB,0.0484234527687295,2023-10-31 16:00:00+00:00,2023-11-02 04:00:00+00:00,True
2023-10-31 15:00:00+00:00,UNI,0.17815342736946294,2023-10-31 16:00:00+00:00,2023-11-02 04:00:00+00:00,True
2023-11-02 15:00:00+00:00,SOL,0.025229577816637372,2023-11-02 16:00:00+00:00,2023-11-04 04:00:00+00:00,True
2023-11-02 15:00:00+00:00,CRV,0.05800000000000005,2023-11-02 16:00:00+00:00,2023-11-04 04:00:00+00:00,True
2023-11-02 15:00:00+00:00,WLD,0.07442983912520762,2023-11-02 16:00:00+00:00,2023-11-04 04:00:00+00:00,True
2023-11-02 15:00:00+00:00,SUI,0.026801071667782894,2023-11-02 16:00:00+00:00,2023-11-04 04:00:00+00:00,True
2023-11-02 15:00:00+00:00,LDO,0.11408480239658947,2023-11-02 16:00:00+00:00,2023-11-04 04:00:00+00:00,True
2023-11-05 13:00:00+00:00,ATOM,0.0501792510742789,2023-11-05 14:00:00+00:00,2023-11-07 02:00:00+00:00,True
2023-11-05 13:00:00+00:00,FET,0.12162796071634885,2023-11-05 14:00:00+00:00,2023-11-07 02:00:00+00:00,True
2023-11-05 13:00:00+00:00,APT,0.10860517038777906,2023-11-05 14:00:00+00:00,2023-11-07 02:00:00+00:00,True
2023-11-05 13:00:00+00:00,ALGO,0.09327896995708151,2023-11-05 14:00:00+00:00,2023-11-07 02:00:00+00:00,True
2023-11-05 13:00:00+00:00,OP,0.0518378814356768,2023-11-05 14:00:00+00:00,2023-11-07 02:00:00+00:00,True
2023-11-07 02:00:00+00:00,XRP,0.002118252684218282,2023-11-07 03:00:00+00:00,2023-11-08 15:00:00+00:00,True
2023-11-07 02:00:00+00:00,XLM,-0.00662962962962965,2023-11-07 03:00:00+00:00,2023-11-08 15:00:00+00:00,True
2023-11-07 02:00:00+00:00,NEAR,-0.047721750489875814,2023-11-07 03:00:00+00:00,2023-11-08 15:00:00+00:00,True
2023-11-07 02:00:00+00:00,LTC,0.007080902586681372,2023-11-07 03:00:00+00:00,2023-11-08 15:00:00+00:00,True
2023-11-07 02:00:00+00:00,CRV,0.023225225225224966,2023-11-07 03:00:00+00:00,2023-11-08 15:00:00+00:00,True
2023-11-09 16:00:00+00:00,BCH,0.011247605074652613,2023-11-09 17:00:00+00:00,2023-11-11 05:00:00+00:00,True
2023-11-09 16:00:00+00:00,INJ,0.12194540942928023,2023-11-09 17:00:00+00:00,2023-11-11 05:00:00+00:00,True
2023-11-09 16:00:00+00:00,NEAR,0.0665224839400429,2023-11-09 17:00:00+00:00,2023-11-11 05:00:00+00:00,True
2023-11-09 16:00:00+00:00,SUI,0.0784189265008417,2023-11-09 17:00:00+00:00,2023-11-11 05:00:00+00:00,True
2023-11-09 16:00:00+00:00,AAVE,-0.017526343028671953,2023-11-09 17:00:00+00:00,2023-11-11 05:00:00+00:00,True
2023-11-12 00:00:00+00:00,DOGE,0.012453124999999956,2023-11-12 01:00:00+00:00,2023-11-13 13:00:00+00:00,True
2023-11-12 00:00:00+00:00,1000SHIB,0.006053539019963862,2023-11-12 01:00:00+00:00,2023-11-13 13:00:00+00:00,True
2023-11-12 00:00:00+00:00,SEI,0.11246249033255995,2023-11-12 01:00:00+00:00,2023-11-13 13:00:00+00:00,True
2023-11-12 00:00:00+00:00,LTC,-0.0035012965743141927,2023-11-12 01:00:00+00:00,2023-11-13 13:00:00+00:00,True
2023-11-12 00:00:00+00:00,APT,0.031578031538879836,2023-11-12 01:00:00+00:00,2023-11-13 13:00:00+00:00,True
2023-11-13 22:00:00+00:00,FIL,0.00439360639360631,2023-11-13 23:00:00+00:00,2023-11-15 11:00:00+00:00,True
2023-11-13 22:00:00+00:00,LDO,0.0722949870619709,2023-11-13 23:00:00+00:00,2023-11-15 11:00:00+00:00,True
2023-11-13 22:00:00+00:00,NEAR,0.02639506172839501,2023-11-13 23:00:00+00:00,2023-11-15 11:00:00+00:00,True
2023-11-13 22:00:00+00:00,AVAX,0.16548768472906428,2023-11-13 23:00:00+00:00,2023-11-15 11:00:00+00:00,True
2023-11-13 22:00:00+00:00,ALGO,0.02052252252252229,2023-11-13 23:00:00+00:00,2023-11-15 11:00:00+00:00,True
2023-11-17 15:00:00+00:00,AVAX,0.04561904761904767,2023-11-17 16:00:00+00:00,2023-11-19 04:00:00+00:00,True
2023-11-17 15:00:00+00:00,DOGE,-0.018122984626921634,2023-11-17 16:00:00+00:00,2023-11-19 04:00:00+00:00,True
2023-11-17 15:00:00+00:00,ETC,0.030405909630108807,2023-11-17 16:00:00+00:00,2023-11-19 04:00:00+00:00,True
2023-11-17 15:00:00+00:00,ADA,0.05793247045582439,2023-11-17 16:00:00+00:00,2023-11-19 04:00:00+00:00,True
2023-11-17 15:00:00+00:00,ATOM,0.004047278724574001,2023-11-17 16:00:00+00:00,2023-11-19 04:00:00+00:00,True
2023-11-21 22:00:00+00:00,BNB,0.04022222222222216,2023-11-21 23:00:00+00:00,2023-11-23 11:00:00+00:00,True
2023-11-21 22:00:00+00:00,BCH,0.04764274039135108,2023-11-21 23:00:00+00:00,2023-11-23 11:00:00+00:00,True
2023-11-21 22:00:00+00:00,AVAX,0.08815112037519546,2023-11-21 23:00:00+00:00,2023-11-23 11:00:00+00:00,True
2023-11-21 22:00:00+00:00,CRV,0.11723076923076903,2023-11-21 23:00:00+00:00,2023-11-23 11:00:00+00:00,True
2023-11-21 22:00:00+00:00,WLD,0.09309341556321415,2023-11-21 23:00:00+00:00,2023-11-23 11:00:00+00:00,True
2023-12-12 17:00:00+00:00,AVAX,0.06544379683597001,2023-12-12 18:00:00+00:00,2023-12-14 06:00:00+00:00,True
2023-12-12 17:00:00+00:00,SOL,0.07914667071136039,2023-12-12 18:00:00+00:00,2023-12-14 06:00:00+00:00,True
2023-12-12 17:00:00+00:00,ADA,0.16901240784031635,2023-12-12 18:00:00+00:00,2023-12-14 06:00:00+00:00,True
2023-12-12 17:00:00+00:00,NEAR,0.007764758100310633,2023-12-12 18:00:00+00:00,2023-12-14 06:00:00+00:00,True
2023-12-12 17:00:00+00:00,DOGE,0.05672685438807923,2023-12-12 18:00:00+00:00,2023-12-14 06:00:00+00:00,True
2023-12-18 01:00:00+00:00,WLD,-0.014464449115864862,2023-12-18 02:00:00+00:00,2023-12-19 14:00:00+00:00,True
2023-12-18 01:00:00+00:00,1000BONK,-0.09374948000924432,2023-12-18 02:00:00+00:00,2023-12-19 14:00:00+00:00,True
2023-12-18 01:00:00+00:00,ICP,-0.0787860676825648,2023-12-18 02:00:00+00:00,2023-12-19 14:00:00+00:00,True
2023-12-18 01:00:00+00:00,FIL,0.015338788233002278,2023-12-18 02:00:00+00:00,2023-12-19 14:00:00+00:00,True
2023-12-18 01:00:00+00:00,WAVES,0.0698599033816425,2023-12-18 02:00:00+00:00,2023-12-19 14:00:00+00:00,True
2023-12-28 14:00:00+00:00,SEI,0.20623190971453864,2023-12-28 15:00:00+00:00,2023-12-30 03:00:00+00:00,True
2023-12-28 14:00:00+00:00,AAVE,-0.032418580466244906,2023-12-28 15:00:00+00:00,2023-12-30 03:00:00+00:00,True
2023-12-28 14:00:00+00:00,INJ,0.021057288712422073,2023-12-28 15:00:00+00:00,2023-12-30 03:00:00+00:00,True
2023-12-28 14:00:00+00:00,NEAR,-0.07416761510605274,2023-12-28 15:00:00+00:00,2023-12-30 03:00:00+00:00,True
2023-12-28 14:00:00+00:00,SOL,0.05422732769044747,2023-12-28 15:00:00+00:00,2023-12-30 03:00:00+00:00,True
2024-01-03 12:00:00+00:00,XRP,0.037473684210526326,2024-01-03 13:00:00+00:00,2024-01-05 01:00:00+00:00,True
2024-01-03 12:00:00+00:00,BCH,0.018862724979693102,2024-01-03 13:00:00+00:00,2024-01-05 01:00:00+00:00,True
2024-01-03 12:00:00+00:00,LTC,0.009109420179576945,2024-01-03 13:00:00+00:00,2024-01-05 01:00:00+00:00,True
2024-01-03 12:00:00+00:00,1000LUNC,0.15250323436722502,2024-01-03 13:00:00+00:00,2024-01-05 01:00:00+00:00,True
2024-01-03 12:00:00+00:00,WLD,-0.012852856176597259,2024-01-03 13:00:00+00:00,2024-01-05 01:00:00+00:00,True
2024-01-06 06:00:00+00:00,LDO,-0.0008002020712301033,2024-01-06 07:00:00+00:00,2024-01-07 19:00:00+00:00,True
2024-01-06 06:00:00+00:00,XMR,-0.00925264488655264,2024-01-06 07:00:00+00:00,2024-01-07 19:00:00+00:00,True
2024-01-06 06:00:00+00:00,OP,0.0929752751635029,2024-01-06 07:00:00+00:00,2024-01-07 19:00:00+00:00,True
2024-01-06 06:00:00+00:00,ARB,0.08088256848717501,2024-01-06 07:00:00+00:00,2024-01-07 19:00:00+00:00,True
2024-01-06 06:00:00+00:00,ICP,-0.007049229992426074,2024-01-06 07:00:00+00:00,2024-01-07 19:00:00+00:00,True
2024-01-08 00:00:00+00:00,ARB,0.04414632357435355,2024-01-08 01:00:00+00:00,2024-01-09 13:00:00+00:00,True
2024-01-08 00:00:00+00:00,LDO,0.10901361785764418,2024-01-08 01:00:00+00:00,2024-01-09 13:00:00+00:00,True
2024-01-08 00:00:00+00:00,OP,0.06549433441718389,2024-01-08 01:00:00+00:00,2024-01-09 13:00:00+00:00,True
2024-01-08 00:00:00+00:00,TIA,0.14856081874367733,2024-01-08 01:00:00+00:00,2024-01-09 13:00:00+00:00,True
2024-01-08 00:00:00+00:00,SEI,0.11009302325581394,2024-01-08 01:00:00+00:00,2024-01-09 13:00:00+00:00,True
2024-01-11 16:00:00+00:00,1000PEPE,-0.0909021036200105,2024-01-11 17:00:00+00:00,2024-01-13 05:00:00+00:00,True
2024-01-11 16:00:00+00:00,AAVE,-0.042624134428953964,2024-01-11 17:00:00+00:00,2024-01-13 05:00:00+00:00,True
2024-01-11 16:00:00+00:00,SEI,-0.07910184552289812,2024-01-11 17:00:00+00:00,2024-01-13 05:00:00+00:00,True
2024-01-11 16:00:00+00:00,SOL,-0.0797979066022545,2024-01-11 17:00:00+00:00,2024-01-13 05:00:00+00:00,True
2024-01-11 16:00:00+00:00,INJ,-0.08122819049568797,2024-01-11 17:00:00+00:00,2024-01-13 05:00:00+00:00,True
2024-01-23 09:00:00+00:00,INJ,0.04840937550168589,2024-01-23 10:00:00+00:00,2024-01-24 22:00:00+00:00,True
2024-01-23 09:00:00+00:00,ORDI,-0.03882015953589557,2024-01-23 10:00:00+00:00,2024-01-24 22:00:00+00:00,True
2024-01-23 09:00:00+00:00,ETH,-0.0014630230448848796,2024-01-23 10:00:00+00:00,2024-01-24 22:00:00+00:00,True
2024-01-23 09:00:00+00:00,OP,0.04620264481281433,2024-01-23 10:00:00+00:00,2024-01-24 22:00:00+00:00,True
2024-01-23 09:00:00+00:00,XMR,0.026708781908050705,2024-01-23 10:00:00+00:00,2024-01-24 22:00:00+00:00,True
2024-02-16 16:00:00+00:00,WIF,0.10520221606648206,2024-02-16 17:00:00+00:00,2024-02-18 05:00:00+00:00,True
2024-02-16 16:00:00+00:00,GALA,0.037712556732223845,2024-02-16 17:00:00+00:00,2024-02-18 05:00:00+00:00,True
2024-02-16 16:00:00+00:00,UNI,0.046744059742023,2024-02-16 17:00:00+00:00,2024-02-18 05:00:00+00:00,True
2024-02-16 16:00:00+00:00,1000PEPE,0.03395023595023594,2024-02-16 17:00:00+00:00,2024-02-18 05:00:00+00:00,True
2024-02-16 16:00:00+00:00,LINK,0.02583924252560088,2024-02-16 17:00:00+00:00,2024-02-18 05:00:00+00:00,True
2024-02-20 15:00:00+00:00,WIF,-0.025626698168930928,2024-02-20 16:00:00+00:00,2024-02-22 04:00:00+00:00,True
2024-02-20 15:00:00+00:00,FIL,-0.0010503323836656957,2024-02-20 16:00:00+00:00,2024-02-22 04:00:00+00:00,True
2024-02-20 15:00:00+00:00,CHZ,0.009307600748172053,2024-02-20 16:00:00+00:00,2024-02-22 04:00:00+00:00,True
2024-02-20 15:00:00+00:00,JTO,-0.051229910194965256,2024-02-20 16:00:00+00:00,2024-02-22 04:00:00+00:00,True
2024-02-20 15:00:00+00:00,CRV,-0.011208103130755041,2024-02-20 16:00:00+00:00,2024-02-22 04:00:00+00:00,True
2024-02-24 01:00:00+00:00,ONDO,0.09697959183673466,2024-02-24 02:00:00+00:00,2024-02-25 14:00:00+00:00,True
2024-02-24 01:00:00+00:00,FIL,0.08753096657165083,2024-02-24 02:00:00+00:00,2024-02-25 14:00:00+00:00,True
2024-02-24 01:00:00+00:00,PENDLE,0.06154361698062738,2024-02-24 02:00:00+00:00,2024-02-25 14:00:00+00:00,True
2024-02-24 01:00:00+00:00,1000PEPE,0.11915451088835116,2024-02-24 02:00:00+00:00,2024-02-25 14:00:00+00:00,True
2024-02-24 01:00:00+00:00,WLD,0.13234132551836808,2024-02-24 02:00:00+00:00,2024-02-25 14:00:00+00:00,True
2024-02-28 18:00:00+00:00,ORDI,-0.017714885150042603,2024-02-28 19:00:00+00:00,2024-03-01 07:00:00+00:00,True
2024-02-28 18:00:00+00:00,FIL,0.11370469798657701,2024-02-28 19:00:00+00:00,2024-03-01 07:00:00+00:00,True
2024-02-28 18:00:00+00:00,1000LUNC,0.14516889033517733,2024-02-28 19:00:00+00:00,2024-03-01 07:00:00+00:00,True
2024-02-28 18:00:00+00:00,JTO,0.2125547547082074,2024-02-28 19:00:00+00:00,2024-03-01 07:00:00+00:00,True
2024-02-28 18:00:00+00:00,SUI,0.08764451313755806,2024-02-28 19:00:00+00:00,2024-03-01 07:00:00+00:00,True
2024-03-03 07:00:00+00:00,GALA,0.07311627906976748,2024-03-03 08:00:00+00:00,2024-03-04 20:00:00+00:00,True
2024-03-03 07:00:00+00:00,1000SHIB,0.707579948484248,2024-03-03 08:00:00+00:00,2024-03-04 20:00:00+00:00,True
2024-03-03 07:00:00+00:00,1000BONK,0.9054687270051509,2024-03-03 08:00:00+00:00,2024-03-04 20:00:00+00:00,True
2024-03-03 07:00:00+00:00,CHZ,0.002647765752606059,2024-03-03 08:00:00+00:00,2024-03-04 20:00:00+00:00,True
2024-03-03 07:00:00+00:00,1000LUNC,0.08408497457775699,2024-03-03 08:00:00+00:00,2024-03-04 20:00:00+00:00,True
2024-03-05 16:00:00+00:00,1000SHIB,-0.08982376580329132,2024-03-05 17:00:00+00:00,2024-03-07 05:00:00+00:00,True
2024-03-05 16:00:00+00:00,WIF,0.2985669685590162,2024-03-05 17:00:00+00:00,2024-03-07 05:00:00+00:00,True
2024-03-05 16:00:00+00:00,1000PEPE,0.03872907633088385,2024-03-05 17:00:00+00:00,2024-03-07 05:00:00+00:00,True
2024-03-05 16:00:00+00:00,1000BONK,-0.10474341043571811,2024-03-05 17:00:00+00:00,2024-03-07 05:00:00+00:00,True
2024-03-05 16:00:00+00:00,DOGE,-0.08785007820960178,2024-03-05 17:00:00+00:00,2024-03-07 05:00:00+00:00,True
2024-03-16 13:00:00+00:00,APT,-0.021558710934781122,2024-03-16 14:00:00+00:00,2024-03-18 02:00:00+00:00,True
2024-03-16 13:00:00+00:00,JTO,-0.024409285488551258,2024-03-16 14:00:00+00:00,2024-03-18 02:00:00+00:00,True
2024-03-16 13:00:00+00:00,TIA,-0.04649714141641281,2024-03-16 14:00:00+00:00,2024-03-18 02:00:00+00:00,True
2024-03-16 13:00:00+00:00,SUI,0.032828428222593464,2024-03-16 14:00:00+00:00,2024-03-18 02:00:00+00:00,True
2024-03-16 13:00:00+00:00,SEI,-0.136117178158629,2024-03-16 14:00:00+00:00,2024-03-18 02:00:00+00:00,True
2024-03-19 01:00:00+00:00,JTO,-0.0748739988995537,2024-03-19 02:00:00+00:00,2024-03-20 14:00:00+00:00,True
2024-03-19 01:00:00+00:00,APT,0.067945355191257,2024-03-19 02:00:00+00:00,2024-03-20 14:00:00+00:00,True
2024-03-19 01:00:00+00:00,ONDO,0.4476481436544528,2024-03-19 02:00:00+00:00,2024-03-20 14:00:00+00:00,True
2024-03-19 01:00:00+00:00,SOL,-0.08660597030809347,2024-03-19 02:00:00+00:00,2024-03-20 14:00:00+00:00,True
2024-03-19 01:00:00+00:00,AVAX,-0.09027586206896543,2024-03-19 02:00:00+00:00,2024-03-20 14:00:00+00:00,True
2024-06-12 19:00:00+00:00,HIGH,-0.014187367528613824,2024-06-12 20:00:00+00:00,2024-06-14 08:00:00+00:00,True
2024-06-12 19:00:00+00:00,INJ,-0.0662156212703886,2024-06-12 20:00:00+00:00,2024-06-14 08:00:00+00:00,True
2024-06-12 19:00:00+00:00,TAO,-0.07801896837634192,2024-06-12 20:00:00+00:00,2024-06-14 08:00:00+00:00,True
2024-06-12 19:00:00+00:00,1000BONK,-0.08032261711297961,2024-06-12 20:00:00+00:00,2024-06-14 08:00:00+00:00,True
2024-06-12 19:00:00+00:00,BTC,-0.011298280009216287,2024-06-12 20:00:00+00:00,2024-06-14 08:00:00+00:00,True
2024-06-14 16:00:00+00:00,HIGH,0.018137846059065765,2024-06-14 17:00:00+00:00,2024-06-16 05:00:00+00:00,True
2024-06-14 16:00:00+00:00,JTO,0.003984983133229482,2024-06-14 17:00:00+00:00,2024-06-16 05:00:00+00:00,True
2024-06-14 16:00:00+00:00,1000SHIB,0.02362947389497916,2024-06-14 17:00:00+00:00,2024-06-16 05:00:00+00:00,True
2024-06-14 16:00:00+00:00,NEAR,-0.0007314244291409793,2024-06-14 17:00:00+00:00,2024-06-16 05:00:00+00:00,True
2024-06-14 16:00:00+00:00,SUI,0.008114192495921603,2024-06-14 17:00:00+00:00,2024-06-16 05:00:00+00:00,True
2024-06-18 01:00:00+00:00,HIGH,-0.018745061147695252,2024-06-18 02:00:00+00:00,2024-06-19 14:00:00+00:00,True
2024-06-18 01:00:00+00:00,ENA,0.0755702507151268,2024-06-18 02:00:00+00:00,2024-06-19 14:00:00+00:00,True
2024-06-18 01:00:00+00:00,ORDI,0.03905072264659015,2024-06-18 02:00:00+00:00,2024-06-19 14:00:00+00:00,True
2024-06-18 01:00:00+00:00,CHZ,0.002484304932735439,2024-06-18 02:00:00+00:00,2024-06-19 14:00:00+00:00,True
2024-06-18 01:00:00+00:00,FIL,0.011708019191226883,2024-06-18 02:00:00+00:00,2024-06-19 14:00:00+00:00,True
2024-07-08 00:00:00+00:00,ARB,0.08376051779935278,2024-07-08 01:00:00+00:00,2024-07-09 13:00:00+00:00,True
2024-07-08 00:00:00+00:00,ENA,0.1377759103641456,2024-07-08 01:00:00+00:00,2024-07-09 13:00:00+00:00,True
2024-07-08 00:00:00+00:00,1000PEPE,0.13660742075108212,2024-07-08 01:00:00+00:00,2024-07-09 13:00:00+00:00,True
2024-07-08 00:00:00+00:00,PENDLE,0.005056773631479718,2024-07-08 01:00:00+00:00,2024-07-09 13:00:00+00:00,True
2024-07-08 00:00:00+00:00,BTC,0.038730380671147424,2024-07-08 01:00:00+00:00,2024-07-09 13:00:00+00:00,True
2024-08-02 17:00:00+00:00,TAO,-0.06001842451588635,2024-08-02 18:00:00+00:00,2024-08-04 06:00:00+00:00,True
2024-08-02 17:00:00+00:00,PENDLE,-0.08845884875474186,2024-08-02 18:00:00+00:00,2024-08-04 06:00:00+00:00,True
2024-08-02 17:00:00+00:00,SOL,-0.07211977986403362,2024-08-02 18:00:00+00:00,2024-08-04 06:00:00+00:00,True
2024-08-02 17:00:00+00:00,LTC,-0.005687202335228235,2024-08-02 18:00:00+00:00,2024-08-04 06:00:00+00:00,True
2024-08-02 17:00:00+00:00,TIA,0.0261933256616802,2024-08-02 18:00:00+00:00,2024-08-04 06:00:00+00:00,True
2024-10-01 14:00:00+00:00,UNI,-0.06829834254143652,2024-10-01 15:00:00+00:00,2024-10-03 03:00:00+00:00,True
2024-10-01 14:00:00+00:00,NEAR,-0.06658003169572102,2024-10-01 15:00:00+00:00,2024-10-03 03:00:00+00:00,True
2024-10-01 14:00:00+00:00,1000SHIB,-0.04360871580899395,2024-10-01 15:00:00+00:00,2024-10-03 03:00:00+00:00,True
2024-10-01 14:00:00+00:00,TON,-0.05067977833315218,2024-10-01 15:00:00+00:00,2024-10-03 03:00:00+00:00,True
2024-10-01 14:00:00+00:00,DOGE,-0.051776186213070674,2024-10-01 15:00:00+00:00,2024-10-03 03:00:00+00:00,True
2024-11-03 02:00:00+00:00,DOGE,0.0359324161880592,2024-11-03 03:00:00+00:00,2024-11-04 15:00:00+00:00,True
2024-11-03 02:00:00+00:00,APT,-0.007815729348662702,2024-11-03 03:00:00+00:00,2024-11-04 15:00:00+00:00,True
2024-11-03 02:00:00+00:00,HMSTR,-0.02211494252873558,2024-11-03 03:00:00+00:00,2024-11-04 15:00:00+00:00,True
2024-11-03 02:00:00+00:00,ARB,-0.0026233118637025692,2024-11-03 03:00:00+00:00,2024-11-04 15:00:00+00:00,True
2024-11-03 02:00:00+00:00,LTC,-0.012975971521803518,2024-11-03 03:00:00+00:00,2024-11-04 15:00:00+00:00,True
2024-11-07 06:00:00+00:00,MEME,-0.033682284694332876,2024-11-07 07:00:00+00:00,2024-11-08 19:00:00+00:00,True
2024-11-07 06:00:00+00:00,UNI,-0.023741566737644382,2024-11-07 07:00:00+00:00,2024-11-08 19:00:00+00:00,True
2024-11-07 06:00:00+00:00,1000PEPE,0.04073504273504258,2024-11-07 07:00:00+00:00,2024-11-08 19:00:00+00:00,True
2024-11-07 06:00:00+00:00,TAO,-0.04354830231704254,2024-11-07 07:00:00+00:00,2024-11-08 19:00:00+00:00,True
2024-11-07 06:00:00+00:00,ARB,0.04507131481153759,2024-11-07 07:00:00+00:00,2024-11-08 19:00:00+00:00,True
2024-11-10 20:00:00+00:00,1000SHIB,0.22073457120507212,2024-11-10 21:00:00+00:00,2024-11-12 09:00:00+00:00,True
2024-11-10 20:00:00+00:00,1000BONK,0.42093475100718525,2024-11-10 21:00:00+00:00,2024-11-12 09:00:00+00:00,True
2024-11-10 20:00:00+00:00,AVAX,0.21642447916666674,2024-11-10 21:00:00+00:00,2024-11-12 09:00:00+00:00,True
2024-11-10 20:00:00+00:00,INJ,0.09955539008852488,2024-11-10 21:00:00+00:00,2024-11-12 09:00:00+00:00,True
2024-11-10 20:00:00+00:00,LDO,0.02349237611181687,2024-11-10 21:00:00+00:00,2024-11-12 09:00:00+00:00,True
2024-11-12 10:00:00+00:00,WLD,-0.07022262118491929,2024-11-12 11:00:00+00:00,2024-11-13 23:00:00+00:00,True
2024-11-12 10:00:00+00:00,1000SHIB,-0.03622110934061762,2024-11-12 11:00:00+00:00,2024-11-13 23:00:00+00:00,True
2024-11-12 10:00:00+00:00,FET,-0.12647562065882678,2024-11-12 11:00:00+00:00,2024-11-13 23:00:00+00:00,True
2024-11-12 10:00:00+00:00,HMSTR,-0.08511870756263162,2024-11-12 11:00:00+00:00,2024-11-13 23:00:00+00:00,True
2024-11-12 10:00:00+00:00,TON,0.0013382294031245596,2024-11-12 11:00:00+00:00,2024-11-13 23:00:00+00:00,True
2024-11-24 11:00:00+00:00,XLM,-0.10684080692499176,2024-11-24 12:00:00+00:00,2024-11-26 00:00:00+00:00,True
2024-11-24 11:00:00+00:00,TON,0.010752851077998839,2024-11-24 12:00:00+00:00,2024-11-26 00:00:00+00:00,True
2024-11-24 11:00:00+00:00,TRX,-0.05613366814757581,2024-11-24 12:00:00+00:00,2024-11-26 00:00:00+00:00,True
2024-11-24 11:00:00+00:00,ZEC,-0.06044155844155841,2024-11-24 12:00:00+00:00,2024-11-26 00:00:00+00:00,True
2024-11-24 11:00:00+00:00,CRV,0.06370841889117052,2024-11-24 12:00:00+00:00,2024-11-26 00:00:00+00:00,True
2024-12-03 13:00:00+00:00,POL,-0.006819136352351872,2024-12-03 14:00:00+00:00,2024-12-05 02:00:00+00:00,True
2024-12-03 13:00:00+00:00,LINK,-0.005429061294470515,2024-12-03 14:00:00+00:00,2024-12-05 02:00:00+00:00,True
2024-12-03 13:00:00+00:00,XRP,-0.08467991296851263,2024-12-03 14:00:00+00:00,2024-12-05 02:00:00+00:00,True
2024-12-03 13:00:00+00:00,CHZ,0.12209476978095668,2024-12-03 14:00:00+00:00,2024-12-05 02:00:00+00:00,True
2024-12-03 13:00:00+00:00,LTC,0.009504354078453183,2024-12-03 14:00:00+00:00,2024-12-05 02:00:00+00:00,True
2024-12-09 20:00:00+00:00,TRX,0.007442346145301039,2024-12-09 21:00:00+00:00,2024-12-11 09:00:00+00:00,True
2024-12-09 20:00:00+00:00,HMSTR,-0.06339154160982263,2024-12-09 21:00:00+00:00,2024-12-11 09:00:00+00:00,True
2024-12-09 20:00:00+00:00,MEME,-0.09100908119658113,2024-12-09 21:00:00+00:00,2024-12-11 09:00:00+00:00,True
2024-12-09 20:00:00+00:00,1000LUNC,-0.049636769631559274,2024-12-09 21:00:00+00:00,2024-12-11 09:00:00+00:00,True
2024-12-09 20:00:00+00:00,ORDI,-0.17878858423026356,2024-12-09 21:00:00+00:00,2024-12-11 09:00:00+00:00,True
2025-01-18 05:00:00+00:00,PENGU,0.012629794826048093,2025-01-18 06:00:00+00:00,2025-01-19 18:00:00+00:00,True
2025-01-18 05:00:00+00:00,VIRTUAL,0.02960263184808909,2025-01-18 06:00:00+00:00,2025-01-19 18:00:00+00:00,True
2025-01-18 05:00:00+00:00,LTC,-7.182453603271459e-05,2025-01-18 06:00:00+00:00,2025-01-19 18:00:00+00:00,True
2025-01-18 05:00:00+00:00,ENA,0.08829059040590415,2025-01-18 06:00:00+00:00,2025-01-19 18:00:00+00:00,True
2025-01-18 05:00:00+00:00,CRV,0.03136921420882666,2025-01-18 06:00:00+00:00,2025-01-19 18:00:00+00:00,True
2025-02-04 05:00:00+00:00,WIF,0.012481510214636728,2025-02-04 06:00:00+00:00,2025-02-05 18:00:00+00:00,True
2025-02-04 05:00:00+00:00,PENDLE,0.052364965596330304,2025-02-04 06:00:00+00:00,2025-02-05 18:00:00+00:00,True
2025-02-04 05:00:00+00:00,DEXE,-0.0009629001084241456,2025-02-04 06:00:00+00:00,2025-02-05 18:00:00+00:00,True
2025-02-04 05:00:00+00:00,ORDI,0.024227585051114442,2025-02-04 06:00:00+00:00,2025-02-05 18:00:00+00:00,True
2025-02-04 05:00:00+00:00,BNB,-0.023443950548687198,2025-02-04 06:00:00+00:00,2025-02-05 18:00:00+00:00,True
2025-03-03 19:00:00+00:00,CRV,0.03664734299516903,2025-03-03 20:00:00+00:00,2025-03-05 08:00:00+00:00,True
2025-03-03 19:00:00+00:00,TRUMP,0.01975620483820295,2025-03-03 20:00:00+00:00,2025-03-05 08:00:00+00:00,True
2025-03-03 19:00:00+00:00,ONDO,0.0027426841574167433,2025-03-03 20:00:00+00:00,2025-03-05 08:00:00+00:00,True
2025-03-03 19:00:00+00:00,SOL,0.005189680693592493,2025-03-03 20:00:00+00:00,2025-03-05 08:00:00+00:00,True
2025-03-03 19:00:00+00:00,ADA,0.12098314808174981,2025-03-03 20:00:00+00:00,2025-03-05 08:00:00+00:00,True
2025-04-06 18:00:00+00:00,ETH,-0.02795950046036244,2025-04-06 19:00:00+00:00,2025-04-08 07:00:00+00:00,True
2025-04-06 18:00:00+00:00,PENDLE,0.06933671230804128,2025-04-06 19:00:00+00:00,2025-04-08 07:00:00+00:00,True
2025-04-06 18:00:00+00:00,ETC,-0.0038746094563633076,2025-04-06 19:00:00+00:00,2025-04-08 07:00:00+00:00,True
2025-04-06 18:00:00+00:00,LTC,-0.02772875325030788,2025-04-06 19:00:00+00:00,2025-04-08 07:00:00+00:00,True
2025-04-06 18:00:00+00:00,PENGU,-0.002244558571777964,2025-04-06 19:00:00+00:00,2025-04-08 07:00:00+00:00,True
2025-04-08 17:00:00+00:00,HBAR,0.12728970470869916,2025-04-08 18:00:00+00:00,2025-04-10 06:00:00+00:00,True
2025-04-08 17:00:00+00:00,NEAR,0.06435802469135798,2025-04-08 18:00:00+00:00,2025-04-10 06:00:00+00:00,True
2025-04-08 17:00:00+00:00,PENDLE,0.1707706162811231,2025-04-08 18:00:00+00:00,2025-04-10 06:00:00+00:00,True
2025-04-08 17:00:00+00:00,APT,0.05968408056882879,2025-04-08 18:00:00+00:00,2025-04-10 06:00:00+00:00,True
2025-04-08 17:00:00+00:00,ALGO,0.10612500000000002,2025-04-08 18:00:00+00:00,2025-04-10 06:00:00+00:00,True
2025-05-12 17:00:00+00:00,FARTCOIN,0.09090990785164887,2025-05-12 18:00:00+00:00,2025-05-14 06:00:00+00:00,True
2025-05-12 17:00:00+00:00,TRUMP,0.047272030651341,2025-05-12 18:00:00+00:00,2025-05-14 06:00:00+00:00,True
2025-05-12 17:00:00+00:00,TON,0.004303016022620067,2025-05-12 18:00:00+00:00,2025-05-14 06:00:00+00:00,True
2025-05-12 17:00:00+00:00,BNB,0.0006748877907241119,2025-05-12 18:00:00+00:00,2025-05-14 06:00:00+00:00,True
2025-05-12 17:00:00+00:00,1000PEPE,0.059417439155002416,2025-05-12 18:00:00+00:00,2025-05-14 06:00:00+00:00,True
2025-05-14 08:00:00+00:00,ARB,-0.07279851439182927,2025-05-14 09:00:00+00:00,2025-05-15 21:00:00+00:00,True
2025-05-14 08:00:00+00:00,OP,-0.10350107219442461,2025-05-14 09:00:00+00:00,2025-05-15 21:00:00+00:00,True
2025-05-14 08:00:00+00:00,TIA,-0.11632196669310069,2025-05-14 09:00:00+00:00,2025-05-15 21:00:00+00:00,True
2025-05-14 08:00:00+00:00,NEAR,-0.06643298969072176,2025-05-14 09:00:00+00:00,2025-05-15 21:00:00+00:00,True
2025-05-14 08:00:00+00:00,ORDI,-0.14578493916474844,2025-05-14 09:00:00+00:00,2025-05-15 21:00:00+00:00,True
2025-05-17 01:00:00+00:00,PARTI,0.12227843803056038,2025-05-17 02:00:00+00:00,2025-05-18 14:00:00+00:00,True
2025-05-17 01:00:00+00:00,GALA,0.06455844155844148,2025-05-17 02:00:00+00:00,2025-05-18 14:00:00+00:00,True
2025-05-17 01:00:00+00:00,1000BONK,0.08778344768439106,2025-05-17 02:00:00+00:00,2025-05-18 14:00:00+00:00,True
2025-05-17 01:00:00+00:00,TON,0.03223274292335687,2025-05-17 02:00:00+00:00,2025-05-18 14:00:00+00:00,True
2025-05-17 01:00:00+00:00,POL,0.054724251038705596,2025-05-17 02:00:00+00:00,2025-05-18 14:00:00+00:00,True
2025-05-18 19:00:00+00:00,PARTI,-0.06721739130434767,2025-05-18 20:00:00+00:00,2025-05-20 08:00:00+00:00,True
2025-05-18 19:00:00+00:00,ATOM,0.01132487309644681,2025-05-18 20:00:00+00:00,2025-05-20 08:00:00+00:00,True
2025-05-18 19:00:00+00:00,LDO,0.0005039836102891399,2025-05-18 20:00:00+00:00,2025-05-20 08:00:00+00:00,True
2025-05-18 19:00:00+00:00,ETH,0.04953226476206307,2025-05-18 20:00:00+00:00,2025-05-20 08:00:00+00:00,True
2025-05-18 19:00:00+00:00,INJ,0.034899412374697736,2025-05-18 20:00:00+00:00,2025-05-20 08:00:00+00:00,True
2025-05-23 12:00:00+00:00,BABY,-0.0032056908608633066,2025-05-23 13:00:00+00:00,2025-05-25 01:00:00+00:00,True
2025-05-23 12:00:00+00:00,GUN,-0.053413881748071934,2025-05-23 13:00:00+00:00,2025-05-25 01:00:00+00:00,True
2025-05-23 12:00:00+00:00,INJ,-0.03816703952274414,2025-05-23 13:00:00+00:00,2025-05-25 01:00:00+00:00,True
2025-05-23 12:00:00+00:00,PARTI,-0.07483817725152486,2025-05-23 13:00:00+00:00,2025-05-25 01:00:00+00:00,True
2025-05-23 12:00:00+00:00,TRX,0.01113264346190035,2025-05-23 13:00:00+00:00,2025-05-25 01:00:00+00:00,True
2025-06-16 23:00:00+00:00,XMR,0.0003339764735170742,2025-06-17 00:00:00+00:00,2025-06-18 12:00:00+00:00,True
2025-06-16 23:00:00+00:00,VIRTUAL,-0.09589388292041223,2025-06-17 00:00:00+00:00,2025-06-18 12:00:00+00:00,True
2025-06-16 23:00:00+00:00,XRP,-0.04485267438223328,2025-06-17 00:00:00+00:00,2025-06-18 12:00:00+00:00,True
2025-06-16 23:00:00+00:00,TRX,-0.0185778134813408,2025-06-17 00:00:00+00:00,2025-06-18 12:00:00+00:00,True
2025-06-16 23:00:00+00:00,TAO,-0.05658307244167371,2025-06-17 00:00:00+00:00,2025-06-18 12:00:00+00:00,True
2025-06-20 16:00:00+00:00,FARTCOIN,-0.0507724320158538,2025-06-20 17:00:00+00:00,2025-06-22 05:00:00+00:00,False
2025-06-20 16:00:00+00:00,HYPE,-0.015422427124974545,2025-06-20 17:00:00+00:00,2025-06-22 05:00:00+00:00,False
2025-06-20 16:00:00+00:00,VIRTUAL,-0.12570095106128354,2025-06-20 17:00:00+00:00,2025-06-22 05:00:00+00:00,False
2025-06-20 16:00:00+00:00,SEI,0.0709701952723536,2025-06-20 17:00:00+00:00,2025-06-22 05:00:00+00:00,False
2025-06-20 16:00:00+00:00,RENDER,-0.03866997026759178,2025-06-20 17:00:00+00:00,2025-06-22 05:00:00+00:00,False
2025-06-22 15:00:00+00:00,XLM,0.10079279279279274,2025-06-22 16:00:00+00:00,2025-06-24 04:00:00+00:00,False
2025-06-22 15:00:00+00:00,BNB,0.050911359073104956,2025-06-22 16:00:00+00:00,2025-06-24 04:00:00+00:00,False
2025-06-22 15:00:00+00:00,BTC,0.05879891242420476,2025-06-22 16:00:00+00:00,2025-06-24 04:00:00+00:00,False
2025-06-22 15:00:00+00:00,DOGE,0.1122036517814402,2025-06-22 16:00:00+00:00,2025-06-24 04:00:00+00:00,False
2025-06-22 15:00:00+00:00,PENDLE,0.12224318082516694,2025-06-22 16:00:00+00:00,2025-06-24 04:00:00+00:00,False
2025-07-22 04:00:00+00:00,NXPC,0.08149157028597731,2025-07-22 05:00:00+00:00,2025-07-23 17:00:00+00:00,True
2025-07-22 04:00:00+00:00,TRUMP,-0.04788023838804267,2025-07-22 05:00:00+00:00,2025-07-23 17:00:00+00:00,True
2025-07-22 04:00:00+00:00,SAHARA,0.663619335347432,2025-07-22 05:00:00+00:00,2025-07-23 17:00:00+00:00,True
2025-07-22 04:00:00+00:00,TRX,0.0066013097448931485,2025-07-22 05:00:00+00:00,2025-07-23 17:00:00+00:00,True
2025-07-22 04:00:00+00:00,XLM,-0.050322087870487864,2025-07-22 05:00:00+00:00,2025-07-23 17:00:00+00:00,True
2025-07-28 14:00:00+00:00,PENDLE,0.011701747997086677,2025-07-28 15:00:00+00:00,2025-07-30 03:00:00+00:00,True
2025-07-28 14:00:00+00:00,LDO,-0.04526351413152829,2025-07-28 15:00:00+00:00,2025-07-30 03:00:00+00:00,True
2025-07-28 14:00:00+00:00,INJ,-0.07020124958895102,2025-07-28 15:00:00+00:00,2025-07-30 03:00:00+00:00,True
2025-07-28 14:00:00+00:00,LA,0.003780346820809301,2025-07-28 15:00:00+00:00,2025-07-30 03:00:00+00:00,True
2025-07-28 14:00:00+00:00,FET,-0.03182216142270855,2025-07-28 15:00:00+00:00,2025-07-30 03:00:00+00:00,True
2025-07-31 14:00:00+00:00,PENGU,-0.024878512896661653,2025-07-31 15:00:00+00:00,2025-08-02 03:00:00+00:00,True
2025-07-31 14:00:00+00:00,HBAR,-0.07603846153846161,2025-07-31 15:00:00+00:00,2025-08-02 03:00:00+00:00,True
2025-07-31 14:00:00+00:00,JTO,-0.031378012393848964,2025-07-31 15:00:00+00:00,2025-08-02 03:00:00+00:00,True
2025-07-31 14:00:00+00:00,PUMP,-0.1096766304347826,2025-07-31 15:00:00+00:00,2025-08-02 03:00:00+00:00,True
2025-07-31 14:00:00+00:00,UNI,-0.046360744925716624,2025-07-31 15:00:00+00:00,2025-08-02 03:00:00+00:00,True
2025-08-18 02:00:00+00:00,PUMP,-0.14759853792263167,2025-08-18 03:00:00+00:00,2025-08-19 15:00:00+00:00,True
2025-08-18 02:00:00+00:00,FARTCOIN,-0.017724322515891622,2025-08-18 03:00:00+00:00,2025-08-19 15:00:00+00:00,True
2025-08-18 02:00:00+00:00,VIRTUAL,-0.03587898037299464,2025-08-18 03:00:00+00:00,2025-08-19 15:00:00+00:00,True
2025-08-18 02:00:00+00:00,SAHARA,-0.03051392150285137,2025-08-18 03:00:00+00:00,2025-08-19 15:00:00+00:00,True
2025-08-18 02:00:00+00:00,TON,-0.046851828779923554,2025-08-18 03:00:00+00:00,2025-08-19 15:00:00+00:00,True
2025-09-25 17:00:00+00:00,BNB,0.011716258631512934,2025-09-25 18:00:00+00:00,2025-09-27 06:00:00+00:00,True
2025-09-25 17:00:00+00:00,TON,0.0241543672148421,2025-09-25 18:00:00+00:00,2025-09-27 06:00:00+00:00,True
2025-09-25 17:00:00+00:00,C,-0.0068087431693988325,2025-09-25 18:00:00+00:00,2025-09-27 06:00:00+00:00,True
2025-09-25 17:00:00+00:00,1000PEPE,0.052244436468054545,2025-09-25 18:00:00+00:00,2025-09-27 06:00:00+00:00,True
2025-09-25 17:00:00+00:00,WLFI,0.09584324039978953,2025-09-25 18:00:00+00:00,2025-09-27 06:00:00+00:00,True
2025-10-09 08:00:00+00:00,XPL,-0.17463843648208466,2025-10-09 09:00:00+00:00,2025-10-10 21:00:00+00:00,True
2025-10-09 08:00:00+00:00,TRUMP,-0.1263993593166044,2025-10-09 09:00:00+00:00,2025-10-10 21:00:00+00:00,True
2025-10-09 08:00:00+00:00,PUMP,-0.1643884944474785,2025-10-09 09:00:00+00:00,2025-10-10 21:00:00+00:00,True
2025-10-09 08:00:00+00:00,HOLO,-0.1761602067183463,2025-10-09 09:00:00+00:00,2025-10-10 21:00:00+00:00,True
2025-10-09 08:00:00+00:00,BIO,-0.19576039933444267,2025-10-09 09:00:00+00:00,2025-10-10 21:00:00+00:00,True
2025-11-17 20:00:00+00:00,H,-0.07029913964262091,2025-11-17 21:00:00+00:00,2025-11-19 09:00:00+00:00,True
2025-11-17 20:00:00+00:00,UNI,0.024661083193746602,2025-11-17 21:00:00+00:00,2025-11-19 09:00:00+00:00,True
2025-11-17 20:00:00+00:00,1000SHIB,0.020404692082111486,2025-11-17 21:00:00+00:00,2025-11-19 09:00:00+00:00,True
2025-11-17 20:00:00+00:00,ZEC,-0.06263450347287403,2025-11-17 21:00:00+00:00,2025-11-19 09:00:00+00:00,True
2025-11-17 20:00:00+00:00,AVAX,-0.002,2025-11-17 21:00:00+00:00,2025-11-19 09:00:00+00:00,True
2025-11-19 18:00:00+00:00,LAB,0.01932063754916169,2025-11-19 19:00:00+00:00,2025-11-21 07:00:00+00:00,True
2025-11-19 18:00:00+00:00,BLUAI,-0.08464462809917361,2025-11-19 19:00:00+00:00,2025-11-21 07:00:00+00:00,True
2025-11-19 18:00:00+00:00,BLESS,-0.11342374788970189,2025-11-19 19:00:00+00:00,2025-11-21 07:00:00+00:00,True
2025-11-19 18:00:00+00:00,GIGGLE,-0.06575783569778948,2025-11-19 19:00:00+00:00,2025-11-21 07:00:00+00:00,True
2025-11-19 18:00:00+00:00,币安人生,-0.24798401845292029,2025-11-19 19:00:00+00:00,2025-11-21 07:00:00+00:00,True
2025-12-15 15:00:00+00:00,ONDO,-0.011789875835721107,2025-12-15 16:00:00+00:00,2025-12-17 04:00:00+00:00,True
2025-12-15 15:00:00+00:00,AVAX,-0.017999999999999905,2025-12-15 16:00:00+00:00,2025-12-17 04:00:00+00:00,True
2025-12-15 15:00:00+00:00,HYPE,-0.027183100624165735,2025-12-15 16:00:00+00:00,2025-12-17 04:00:00+00:00,True
2025-12-15 15:00:00+00:00,LINK,0.0011274433150900726,2025-12-15 16:00:00+00:00,2025-12-17 04:00:00+00:00,True
2025-12-15 15:00:00+00:00,WLD,-0.035782536459294745,2025-12-15 16:00:00+00:00,2025-12-17 04:00:00+00:00,True
2025-12-17 18:00:00+00:00,HYPE,-0.04505527638190965,2025-12-17 19:00:00+00:00,2025-12-19 07:00:00+00:00,False
2025-12-17 18:00:00+00:00,FARTCOIN,-0.10058247422680422,2025-12-17 19:00:00+00:00,2025-12-19 07:00:00+00:00,False
2025-12-17 18:00:00+00:00,PUMP,-0.08082241215574537,2025-12-17 19:00:00+00:00,2025-12-19 07:00:00+00:00,False
2025-12-17 18:00:00+00:00,SOL,0.008809925477028859,2025-12-17 19:00:00+00:00,2025-12-19 07:00:00+00:00,False
2025-12-17 18:00:00+00:00,VIRTUAL,-0.015911260799531313,2025-12-17 19:00:00+00:00,2025-12-19 07:00:00+00:00,False
2026-01-18 23:00:00+00:00,H,-0.05803779804417086,2026-01-19 00:00:00+00:00,2026-01-20 12:00:00+00:00,False
2026-01-18 23:00:00+00:00,GIGGLE,-0.07965151515151514,2026-01-19 00:00:00+00:00,2026-01-20 12:00:00+00:00,False
2026-01-18 23:00:00+00:00,FET,-0.060730158730158745,2026-01-19 00:00:00+00:00,2026-01-20 12:00:00+00:00,False
2026-01-18 23:00:00+00:00,LIT,-0.12290959511924571,2026-01-19 00:00:00+00:00,2026-01-20 12:00:00+00:00,False
2026-01-18 23:00:00+00:00,XMR,-0.006660987361217894,2026-01-19 00:00:00+00:00,2026-01-20 12:00:00+00:00,False
2026-01-29 15:00:00+00:00,RIVER,-0.2377284023534223,2026-01-29 16:00:00+00:00,2026-01-31 04:00:00+00:00,False
2026-01-29 15:00:00+00:00,BEAT,-0.02272968490878946,2026-01-29 16:00:00+00:00,2026-01-31 04:00:00+00:00,False
2026-01-29 15:00:00+00:00,XAG,-0.23002570833710512,2026-01-29 16:00:00+00:00,2026-01-31 04:00:00+00:00,False
2026-01-29 15:00:00+00:00,XAU,-0.06027452110038889,2026-01-29 16:00:00+00:00,2026-01-31 04:00:00+00:00,False
2026-01-29 15:00:00+00:00,PAXG,-0.06271603839262274,2026-01-29 16:00:00+00:00,2026-01-31 04:00:00+00:00,False
2026-01-31 14:00:00+00:00,CLO,-0.11668116658428074,2026-01-31 15:00:00+00:00,2026-02-02 03:00:00+00:00,False
2026-01-31 14:00:00+00:00,GIGGLE,-0.07462996941896027,2026-01-31 15:00:00+00:00,2026-02-02 03:00:00+00:00,False
2026-01-31 14:00:00+00:00,SOL,-0.07887374015026571,2026-01-31 15:00:00+00:00,2026-02-02 03:00:00+00:00,False
2026-01-31 14:00:00+00:00,BEAT,-0.12209569377990426,2026-01-31 15:00:00+00:00,2026-02-02 03:00:00+00:00,False
2026-01-31 14:00:00+00:00,CHZ,0.015722640673460297,2026-01-31 15:00:00+00:00,2026-02-02 03:00:00+00:00,False
2026-02-03 17:00:00+00:00,HYPE,0.035701974865350206,2026-02-03 18:00:00+00:00,2026-02-05 06:00:00+00:00,False
2026-02-03 17:00:00+00:00,XAG,-0.07865712923223644,2026-02-03 18:00:00+00:00,2026-02-05 06:00:00+00:00,False
2026-02-03 17:00:00+00:00,BEAT,0.0070191657271700975,2026-02-03 18:00:00+00:00,2026-02-05 06:00:00+00:00,False
2026-02-03 17:00:00+00:00,OP,0.01936752136752129,2026-02-03 18:00:00+00:00,2026-02-05 06:00:00+00:00,False
2026-02-03 17:00:00+00:00,ARB,-0.005177124702144596,2026-02-03 18:00:00+00:00,2026-02-05 06:00:00+00:00,False
2026-02-05 15:00:00+00:00,TRUMP,-0.09215293801985502,2026-02-05 16:00:00+00:00,2026-02-07 04:00:00+00:00,False
2026-02-05 15:00:00+00:00,XAG,0.047507621745582096,2026-02-05 16:00:00+00:00,2026-02-07 04:00:00+00:00,False
2026-02-05 15:00:00+00:00,ASTER,0.11719191919191929,2026-02-05 16:00:00+00:00,2026-02-07 04:00:00+00:00,False
2026-02-05 15:00:00+00:00,BEAT,0.2812189644416718,2026-02-05 16:00:00+00:00,2026-02-07 04:00:00+00:00,False
2026-02-05 15:00:00+00:00,UNI,0.06182344169400533,2026-02-05 16:00:00+00:00,2026-02-07 04:00:00+00:00,False
2026-04-29 15:00:00+00:00,WLFI,-0.06907317073170749,2026-04-29 16:00:00+00:00,2026-05-01 04:00:00+00:00,False
2026-04-29 15:00:00+00:00,EDGE,-0.03035506941522914,2026-04-29 16:00:00+00:00,2026-05-01 04:00:00+00:00,False
2026-04-29 15:00:00+00:00,RAVE,-0.08930691739422436,2026-04-29 16:00:00+00:00,2026-05-01 04:00:00+00:00,False
2026-04-29 15:00:00+00:00,FIL,0.02559381898454749,2026-04-29 16:00:00+00:00,2026-05-01 04:00:00+00:00,False
2026-04-29 15:00:00+00:00,1000PEPE,0.033707726616817535,2026-04-29 16:00:00+00:00,2026-05-01 04:00:00+00:00,False
2026-05-13 12:00:00+00:00,SKYAI,-0.26049911364979317,2026-05-13 13:00:00+00:00,2026-05-15 01:00:00+00:00,False
2026-05-13 12:00:00+00:00,BASED,-0.16696533127889068,2026-05-13 13:00:00+00:00,2026-05-15 01:00:00+00:00,False
2026-05-13 12:00:00+00:00,TON,-0.02166864124398371,2026-05-13 13:00:00+00:00,2026-05-15 01:00:00+00:00,False
2026-05-13 12:00:00+00:00,TRUMP,0.009894647408666081,2026-05-13 13:00:00+00:00,2026-05-15 01:00:00+00:00,False
2026-05-13 12:00:00+00:00,BSB,-0.09793447122394716,2026-05-13 13:00:00+00:00,2026-05-15 01:00:00+00:00,False
2026-05-15 05:00:00+00:00,LAB,0.3735092401251696,2026-05-15 06:00:00+00:00,2026-05-16 18:00:00+00:00,False
2026-05-15 05:00:00+00:00,SKYAI,-0.10491251165287163,2026-05-15 06:00:00+00:00,2026-05-16 18:00:00+00:00,False
2026-05-15 05:00:00+00:00,BIO,-0.0752838589981446,2026-05-15 06:00:00+00:00,2026-05-16 18:00:00+00:00,False
2026-05-15 05:00:00+00:00,BASED,-0.04105655592188684,2026-05-15 06:00:00+00:00,2026-05-16 18:00:00+00:00,False
2026-05-15 05:00:00+00:00,1000LUNC,0.09313513513513527,2026-05-15 06:00:00+00:00,2026-05-16 18:00:00+00:00,False
2026-05-17 23:00:00+00:00,OPG,-0.03740175019888636,2026-05-18 00:00:00+00:00,2026-05-19 12:00:00+00:00,False
2026-05-17 23:00:00+00:00,VVV,0.01307930862792528,2026-05-18 00:00:00+00:00,2026-05-19 12:00:00+00:00,False
2026-05-17 23:00:00+00:00,RAVE,0.06262708182476451,2026-05-18 00:00:00+00:00,2026-05-19 12:00:00+00:00,False
2026-05-17 23:00:00+00:00,RIVER,-0.07334986225895312,2026-05-18 00:00:00+00:00,2026-05-19 12:00:00+00:00,False
2026-05-17 23:00:00+00:00,1000LUNC,0.002541326067211582,2026-05-18 00:00:00+00:00,2026-05-19 12:00:00+00:00,False
2026-05-22 19:00:00+00:00,ONDO,0.10147470618293308,2026-05-22 20:00:00+00:00,2026-05-24 08:00:00+00:00,False
2026-05-22 19:00:00+00:00,SKYAI,0.18752451708766715,2026-05-22 20:00:00+00:00,2026-05-24 08:00:00+00:00,False
2026-05-22 19:00:00+00:00,UB,0.3016366959064327,2026-05-22 20:00:00+00:00,2026-05-24 08:00:00+00:00,False
2026-05-22 19:00:00+00:00,RIVER,-0.00016289038579308905,2026-05-22 20:00:00+00:00,2026-05-24 08:00:00+00:00,False
2026-05-22 19:00:00+00:00,1000LUNC,0.02215151900343204,2026-05-22 20:00:00+00:00,2026-05-24 08:00:00+00:00,False
2026-05-26 17:00:00+00:00,BSB,-0.2202775640278264,2026-05-26 18:00:00+00:00,2026-05-28 06:00:00+00:00,False
2026-05-26 17:00:00+00:00,WLFI,0.035769784172661856,2026-05-26 18:00:00+00:00,2026-05-28 06:00:00+00:00,False
2026-05-26 17:00:00+00:00,PLAY,-0.08048126039729919,2026-05-26 18:00:00+00:00,2026-05-28 06:00:00+00:00,False
2026-05-26 17:00:00+00:00,SKYAI,-0.15287345547507458,2026-05-26 18:00:00+00:00,2026-05-28 06:00:00+00:00,False
2026-05-26 17:00:00+00:00,RAVE,-0.10604624277456653,2026-05-26 18:00:00+00:00,2026-05-28 06:00:00+00:00,False
