date,oi,oi_value,toptrader_acc_ls,toptrader_pos_ls,global_acc_ls,taker_ls
2021-12-01,440116.1670138889,9720228.926814957,3.2783426457319496,1.0141403518586807,3.98870401294054,0.97407509299375
2021-12-02,520213.9232638889,11471202.71376149,3.485927811161958,1.0048070051791667,4.074249533192196,1.0766673631631944
2021-12-03,490529.59652777785,10259451.224972257,3.93120562265573,0.9925148220465277,4.667207996482383,1.0607075859267363
2021-12-04,424860.54842105263,7687241.946124174,2.4923135861293257,1.0016128352592983,2.9180480663598103,0.9990035219
2021-12-05,441837.8434027778,8335148.202599711,2.223561262454498,1.0080013174253473,2.4152244585007727,1.0357919800006945
2021-12-06,525807.8708333333,10150470.267286774,1.9356688716927506,0.9953455555541666,1.9996303427467477,1.0561464682868056
2021-12-07,390595.2322916667,7571396.831135543,2.3039985091782387,0.9780959521989584,2.6653202383633183,1.053110893048264
2021-12-08,350982.5368055555,6651732.467098,2.6126428148439444,0.986561073771875,3.0447345943211115,1.2281466199083333
2021-12-09,342935.99340277776,6168779.773811901,3.0114102657430357,0.9609859147322916,3.8221474047698183,1.0538126469388889
2021-12-10,405594.4548611111,6742181.1712852735,3.078748333432005,0.9757523758892361,3.844886974302697,1.0841194228465278
2021-12-11,516160.08437500003,8161848.386488221,2.7389457526110093,1.0386589094878473,3.435586687514793,1.0813995639663194
2021-12-12,454854.46423611115,7290263.362511166,2.614619436808328,0.9801030222822917,3.2395986629458315,0.9580654057197917
2021-12-13,420419.26180555555,6501705.142474543,2.7743915729340634,0.9817770153399307,3.3699894465528493,1.0469819789319446
2021-12-14,451697.4243055556,6596800.326622124,2.6037824390575945,0.9759618265895834,3.163762742974959,1.1047274763479167
2021-12-15,679306.5759581882,10877317.159212045,1.8938440008686899,0.9665388094229966,2.054302409607969,1.045069684033101
2021-12-16,639185.5274305556,11308908.53413842,1.5426531529471077,1.0006512939125,1.5570759062027077,1.1728471281795139
2021-12-17,719741.863888889,13107875.659918629,1.6582792370764157,0.9894372511829861,1.6351255486206189,1.0790498824725694
2021-12-18,673748.8968750001,11682743.439832114,2.6179244599837665,0.9739122892864585,2.814732899586527,1.066786293865278
2021-12-19,640726.2,10746211.383025745,2.8918034767867997,0.9848255852652777,3.2257073323429264,1.102953956270139
2021-12-20,628386.7913194444,9723503.011904545,3.458019642255456,0.9833962009114584,3.9827025897944446,1.0678033806878473
2021-12-21,590165.0954861111,9355116.41190386,3.2165856037255973,0.9630522982711806,3.7997108508753095,1.0783392466375001
2021-12-22,539724.1211805556,8700084.997121431,3.046343009727279,0.9860945143218749,3.7276026029704994,1.1075894711812502
2021-12-23,585771.0020833333,9444177.653796865,3.371179722500756,0.990789920028125,4.27996395118637,1.0545159171270833
2021-12-24,640072.8327526132,10475942.876298508,3.5143254162975253,1.021177222230662,4.433170756835413,0.9817702852348432
2021-12-25,611576.6142361112,9869240.985105114,3.246418667503592,1.0197995636555557,4.090637486495903,1.193181806792361
2021-12-26,634420.1541666667,10146655.582993913,3.358102047074521,1.0455806439684028,4.247039187568662,1.2137171263447917
2021-12-27,678823.2954861111,11117757.358170098,3.6348951053159246,1.0509218382503471,4.659600663831421,1.0582125667
2021-12-28,576167.4767361111,8903065.328851297,4.009502733044985,1.0258837945840278,5.043614327297252,1.0320891777194445
2021-12-29,558898.9616724738,8206069.0001711,4.105412301253165,1.0419844328996515,5.188615299841186,1.098097656204181
2021-12-30,555601.4982638889,8027028.539901844,3.9405270130149646,1.047468668344,4.907893477804274,1.1632642065314285
2021-12-31,525998.0163763065,7709944.224378889,,,,
2022-01-01,497176.33611111116,7443859.946033752,,,,
2022-01-02,495466.3569444445,7553092.2653007675,,,,
2022-01-03,490275.31909722224,7540578.39309031,,,,
2022-01-04,546508.5881944444,8580508.2187915,,,,
2022-01-05,577483.1506944444,9052000.052220665,,,,
2022-01-06,496887.7079861111,6983244.583159405,,,,
2022-01-07,505323.72673611116,6958216.730331077,,,,
2022-01-08,503975.21249999997,6934722.793377393,,,,
2022-01-09,522491.05624999997,7324230.702086562,,,,
2022-01-10,546057.4548611111,7464441.296146532,,,,
2022-01-11,537663.2107638889,7391208.722749192,,,,
2022-01-12,587787.2899305555,8600096.236173136,,,,
2022-01-13,519188.8701388889,7496340.666128046,,,,
2022-01-14,489273.17881944444,6904009.088117925,,,,
2022-01-15,506222.2454861111,7306362.4648301685,,,,
2022-01-16,550128.8447916667,7927858.537314339,,,,
2022-01-17,565391.0909722222,7781563.520630898,,,,
2022-01-18,548419.9225694444,7388895.011193243,,,,
2022-01-19,563870.8055555555,7476072.315328764,,,3.8897134883897166,
2022-01-20,579688.3322916667,7696520.895838593,,,3.7569305955644032,
2022-01-21,540307.535763889,6335697.958561228,,,4.039035541499953,
2022-01-22,690116.0975694444,6434932.110834908,,,2.933479680998486,
2022-01-23,665229.3489583334,6041370.50105216,,,2.6201442571692684,
2022-01-24,886107.6232638889,7330279.555671092,,,2.8208145128393842,
2022-01-25,1024963.3156249999,8535598.5748667,,,2.5436626021363566,
2022-01-26,2031591.1694444444,21274098.455841377,,,1.0274482034878458,
2022-01-27,1767189.9874999998,17247222.745689932,,,1.3989405842312561,
2022-01-28,1472590.4486111111,14348646.27748517,,,1.9041170033029668,
2022-01-29,1369276.3524305555,13643295.70479627,,,1.9279966879435761,
2022-01-30,1379649.5725694443,13206700.891153527,2.125502935173611,1.176233737951389,2.2522620480555555,1.0592632309027779
2022-01-31,1521416.9881944444,13420966.477810085,,,2.7559763996455717,
2022-02-01,1672855.382986111,15090917.80295567,,,2.8807782575615546,
2022-02-02,1714136.1645833333,15191477.66538233,,,2.9174786060610103,
2022-02-03,1666434.3222222223,14179433.190536274,,,2.9900741730283733,
2022-02-04,1513845.2163194446,13580402.84253953,,,2.841447881499589,
2022-02-05,1484741.3899305556,14490133.054779308,,,2.70808418123591,
2022-02-06,1480473.584722222,15261561.234515445,,,2.5564039691631444,
2022-02-07,1364846.7791666666,14995718.113303512,,,2.5534389328004465,
2022-02-08,1212744.4854166666,12769434.382484501,,,2.9428950741433093,
2022-02-09,1384584.9805555556,15483685.196902968,,,2.488632952442795,
2022-02-10,1405738.6055555556,16168105.166939378,,,2.522574778514551,
2022-02-11,1152835.0055555557,12177386.503418542,,,3.8074950621657866,
2022-02-12,1195386.4288194445,11509266.744049124,,,3.7522496159873047,
2022-02-13,1188208.5003472222,11214765.90113651,,,3.5485135344014402,
2022-02-14,1201420.351736111,11108647.95554104,,,3.6117980796627123,
2022-02-15,1320260.051736111,13269443.321101584,,,2.9295863301211957,
2022-02-16,1321334.3135416666,13831978.163607107,,,2.4571170907784254,
2022-02-17,1337961.757986111,14151820.709191786,,,2.255599038607706,
2022-02-18,1297321.9368055556,12972782.436865743,,,2.4429439213723056,
2022-02-19,1192264.8822916667,11593129.396375502,,,2.660739862336397,
2022-02-20,1339245.5499999998,12397863.832233733,,,2.626738077086271,
2022-02-21,1729389.8590277778,16327577.010095438,,,1.9837840074090012,
2022-02-22,2146917.653819444,18668170.55673286,,,2.3279983804318456,
2022-02-23,2281227.394791667,21555917.58466786,,,1.8059464876757854,
2022-02-24,2280145.473611111,20214397.40228683,,,1.2110170649502066,
2022-02-25,1867301.2684027776,18335137.40310395,,,1.2785977591930122,
2022-02-26,2192189.269097222,25119176.001875434,,,0.9431698399446137,
2022-02-27,2700502.7506944444,32040933.171273965,,,0.9036489556616678,
2022-02-28,2664546.269097222,33580285.47990198,,,1.0104711793411707,
2022-03-01,2626442.654513889,46168865.719717465,,,0.471675300243798,
2022-03-02,2278680.0395833333,40869347.79928541,,,0.6224809918655929,
2022-03-03,2220131.9100694447,40592739.937241405,,,0.7067255944931933,
2022-03-04,2927933.372569444,56956202.2185524,,,0.6018476735140807,
2022-03-05,2431620.747569444,42919963.42897501,,,0.7517542896131271,
2022-03-06,2661364.4753472223,48055633.72846408,,,0.7421606363620171,
2022-03-07,2299066.655902778,43422127.67546579,,,0.4310793539396701,
2022-03-08,4024282.3138888893,92590139.16609918,,,0.3449024225159218,
2022-03-09,3665786.330208333,91509228.83781047,,,0.4565747599975686,
2022-03-10,3585921.6690972224,100364160.64207307,,,0.42387363556775776,
2022-03-11,3169973.201041667,83726271.01921225,,,0.6528193239963418,
2022-03-12,3075475.070486111,80824345.71720871,,,0.783877053263251,
2022-03-13,3249820.9715277776,88158253.7653063,,,0.6857195465191975,
2022-03-14,3065600.677777778,79577919.05556332,,,0.7473843607331015,
2022-03-15,2982224.408333333,77818931.77447087,,,0.8548455908334982,
2022-03-16,3170163.700694444,92562211.71412526,,,0.5920346151349373,
2022-03-17,2684320.245138889,75357018.01295632,,,0.9557635162252716,
2022-03-18,3007518.6479166667,91171875.18247832,,,0.5988905000382824,
2022-03-19,3163074.253125,105005043.47240448,,,0.41661237521349825,
2022-03-20,3150630.885763889,101853058.909872,,,0.47184116225510714,
2022-03-21,3022314.154861111,97835310.16529919,,,0.5221704376090853,
2022-03-22,2774088.3649305557,91150973.33875927,,,0.5679775955319625,
2022-03-23,2761729.1031250004,88278163.20485488,,,0.6638856614838887,
2022-03-24,2770380.390277778,86164360.85526267,,,0.815513358249725,
2022-03-25,2692273.73125,83572285.52723418,,,0.8485618746684174,
2022-03-26,2578741.7239583335,84539027.88642806,,,0.6281003124874515,
2022-03-27,2532234.9152777777,80399960.05360456,,,0.7998018854856264,
2022-03-28,2336478.918402778,81506497.60473232,,,0.7420396751725133,
2022-03-29,2286883.5399305555,113395094.20534475,,,0.5267004845917479,
2022-03-30,1624841.8597222222,87626767.34758802,,,0.8564473146039883,
2022-03-31,1352693.9552083334,72325066.76327148,,,1.0539745262498064,
2022-04-01,1344202.7954861112,72666524.86523288,,,1.2728052283102078,
2022-04-02,1469846.853125,76133660.3212065,,,1.721517959010776,
2022-04-03,1468356.6322916667,72345302.5397174,,,1.579178737791074,
2022-04-04,2343802.5975694447,94900021.10272305,,,1.801486341890597,
2022-04-05,3414278.767708333,111717308.86989152,,,3.3001681906445564,
2022-04-06,3580960.876736111,103754366.41326402,,,2.9611548332131514,
2022-04-07,3428077.441666667,99360823.12486492,,,3.5099049926079386,
2022-04-08,2895629.4524305556,82119002.65462035,,,3.7126957907562073,
2022-04-09,2977919.842013889,75084185.64001045,,,3.2511206738528124,
2022-04-10,3340726.527777778,83154878.39369872,,,3.4639764062414633,
2022-04-11,3496730.650347222,77930039.15524095,,,3.218504841944632,
2022-04-12,3628596.5631944444,82773095.69980448,,,3.371091165176493,
2022-04-13,3728125.780902778,79682139.98290558,,,4.101077807551602,
2022-04-14,3731578.2746527772,81640811.27962384,,,4.304267437118969,
2022-04-15,3786839.865277778,80453955.71120505,,,4.667665271330302,
2022-04-16,3919515.3892361107,84956448.53347257,,,4.691358003477916,
2022-04-17,4005366.472916667,84192554.68621762,,,5.890428326654676,
2022-04-18,3663202.972222222,71614617.51890083,,,5.0285493893237465,
2022-04-19,3585694.9586805557,74004474.17511615,,,5.090987946588646,
2022-04-20,3553210.085763889,73884924.47878024,,,5.740515441637502,
2022-04-21,3408044.617361111,68587233.10387877,,,6.319621373907514,
2022-04-22,3351687.566666667,64446098.94435701,,,6.714939211064166,
2022-04-23,3470039.376388889,65227624.72868136,,,6.638599044859026,
2022-04-24,3782792.0611111107,67862141.01340799,,,6.557670986707527,
2022-04-25,3898288.9954861114,64549223.813164674,,,5.256774721273444,
2022-04-26,3892731.275694445,63619704.365189776,,,5.423143940106311,
2022-04-27,4091611.0736111114,64070050.42565807,,,4.729666410714367,
2022-04-28,4329185.536805555,69262460.1474758,,,5.009337614402995,
2022-04-29,4262567.664583334,63079821.71020046,,,5.086887857883395,
2022-04-30,4146093.7045138893,57785638.34735055,,,4.7336947199675405,
2022-05-01,4239697.487152778,54449062.79424022,4.160318866253322,1.1593131597,4.074333951575095,
2022-05-02,4457201.733680556,56752004.45228382,,,4.298549910880637,
2022-05-03,4701992.557291667,58330703.603701696,,,4.178992827986928,
2022-05-04,5209122.050000001,70207013.58628355,,,3.3995554656917477,
2022-05-05,5478932.775,82730274.90486601,,,2.4917091885936773,
2022-05-06,5297496.661111112,72359789.63061346,,,3.7441568635182443,
2022-05-07,5072788.294444445,69158873.4887803,,,3.762418692459851,
2022-05-08,4959459.537152778,64265158.647194,,,4.097769480806547,
2022-05-09,5114625.172916667,68709364.9568096,,,2.8144900935404342,1.0173129802924779
2022-05-10,4348299.535763889,54440350.24704516,,,3.0593906408861296,1.0202493957055556
2022-05-11,4283136.438194444,40783729.95396791,,,2.683470282311058,1.0573716938133333
2022-05-12,4268651.63125,29243247.362520896,,,1.75174891028563,1.068808533638889
2022-05-13,4138195.363541667,30076436.646159217,,,1.793039504709854,1.0312047216701388
2022-05-14,3962737.1434027776,26914520.902526125,,,1.729297690119432,1.1502414334097222
2022-05-15,4108941.302430555,28028318.744470514,,,1.992465196311039,1.0499743942840276
2022-05-16,4276074.505902778,28238789.762718044,,,1.8379122376404626,1.075577139629514
2022-05-17,4394776.091666667,29271598.33684814,,,1.9282545749524198,1.0581339735597224
2022-05-18,4606488.455555555,30866651.844634905,,,1.7437827316357455,1.0795962536878472
2022-05-19,4988901.794097222,29948360.01401827,,,1.4314410510458027,1.0921242276288194
2022-05-20,4817215.495833334,28654161.932678185,,,1.8540815013751788,1.1238530360347223
2022-05-21,4932631.214236111,27846995.21589678,,,2.058012098241082,1.1092203062708332
2022-05-22,4716446.230555556,27477246.596266136,,,2.2089410816165236,1.0677919620555556
2022-05-23,4798710.433333334,28742575.38878186,,,2.589186265022167,1.0232854419822917
2022-05-24,4670700.381597223,26081868.559345394,,,3.004662333248444,1.184872249539236
2022-05-25,4568605.209375,25297803.558275364,,,2.9974344586764996,1.0280170885034723
2022-05-26,4524176.640277778,23183992.446794722,,,2.6239953863332404,1.1035794493805555
2022-05-27,5005663.141666667,22594137.477564074,1.7520983669399062,1.01009813853125,1.7659994986826009,1.0770860955048611
2022-05-28,5433161.505555555,23796900.72456289,1.5977557797579516,1.0363506883604168,1.5658237082707736,1.093228799291815
2022-05-29,5398444.055208334,23197096.921051808,1.721755119351355,1.037399624745139,1.6815501826743238,1.0754169111590277
2022-05-30,6139917.672916667,36163924.08561316,1.5330710847040974,1.0387001057326388,1.5518463357204235,1.0249859667885417
2022-05-31,7365859.539236111,63687772.824928574,1.1073583876192632,1.0517819123809027,1.0364564845434525,1.025741590553125
2022-06-01,7630424.75,68540582.58093959,1.143248057603495,1.0158793671083333,1.0716949090477443,1.0126245450489584
2022-06-02,8175993.928819444,78029320.3360521,1.0198621689426082,0.9825140254527778,1.0323320584199047,1.022615932261111
2022-06-03,8413635.446527777,81296387.64876774,1.1039344514600662,0.9810856997402778,1.1203185851854969,1.0260120484010418
2022-06-04,8438264.849305555,77016108.65826494,1.1531959400363185,1.0119030850059028,1.1227173371134975,1.0324790431916666
2022-06-05,8178518.389583332,68222548.75718191,1.254644048523875,1.0569117812875,1.2630068759451065,1.062234012288889
2022-06-06,7026054.953472222,59215748.0955948,1.6154549695413243,1.0032883400593748,1.7531807757182003,1.0073897571131945
2022-06-07,6513924.903124999,51452383.49309102,1.8140063769714823,1.0609923948559028,1.7387492566126317,1.032006187289236
2022-06-08,5653499.518055555,44600775.84844588,1.9442473769657775,1.0887840974791667,1.9672051622500726,1.0242719919024306
2022-06-09,5537278.677083333,43134411.313762814,2.127464325508946,1.0589779802034722,2.269479371447921,1.0415946931687499
2022-06-10,5725677.186805556,42000381.04077484,2.3089847706794284,1.1134287474607638,2.383727626988915,0.9691971833319444
2022-06-11,6319160.646527778,41682476.17765586,2.06589094046425,1.1590758064697917,2.130909693115905,1.0682779263493056
2022-06-12,6291198.224305555,36186939.209789604,1.7628756013627713,1.16139868255,1.7739181332882767,1.0559470559916668
2022-06-13,6465828.456944444,31229140.33213349,1.5153611431718028,1.1904067251069443,1.5427079271338953,1.0546559654527778
2022-06-14,5910151.211805556,28768251.97406056,1.7416228440296075,1.0635961455489584,1.8843562492252106,1.0608390552246527
2022-06-15,5702736.096527778,25836513.781785823,1.889329845803682,1.0049054441864582,2.0321143845927105,1.0773339346548612
2022-06-16,5404508.731597222,24853045.347487,2.219620777622578,1.0060812028774306,2.326520818465427,1.0589279049350695
2022-06-17,5357793.415625,24017611.348665897,2.033861985296642,0.9873648954784723,2.5618820518511165,1.0553013667059028
2022-06-18,5653294.371874999,25675322.284497753,1.9100200557388167,0.985607029565625,2.2703101168226185,1.0149536647427082
2022-06-19,5632612.538194444,25584612.98643402,2.0208821944546367,0.9854888834847222,2.408895019376008,1.0399915248972222
2022-06-20,5324768.386111111,25087815.411929086,2.3839210262169463,0.9813765328190972,2.7711947359442948,0.9965163206885417
2022-06-21,6290686.183680556,37321079.66259344,1.777848064081863,0.9974064667156249,1.9204257382003722,1.0302413286496528
2022-06-22,7527361.876736111,48838426.17336549,1.1297615764924087,1.0369603479663194,0.9419651151998991,1.039803603525347
2022-06-23,5618530.036458333,34729893.13921272,1.7535122368659817,0.924747325620486,1.9282971769013717,1.031004433664236
2022-06-24,5036412.613194444,32102386.997820113,2.276894612078547,0.8977121409725388,2.8132285190893023,0.959699109236111
2022-06-25,4306019.974652778,27623165.92368308,,,2.7899462831460236,0.9681921214524305
2022-06-26,4203734.954513889,26280568.138182357,,,2.843522501281332,0.9802670285861113
2022-06-27,4185715.042708333,25239287.860532627,2.2762817100402595,0.90804419085,2.7604283970363674,0.9865764231486112
2022-06-28,4079962.267361111,23202176.52950763,,,2.6256704709036596,0.9875307391652777
2022-06-29,4123653.6006944445,21938781.346314196,,,2.683052368449921,1.0305247878159722
2022-06-30,4066542.2093749996,20300240.716783646,,,2.7451279681248515,1.0371538806354166
2022-07-01,4267427.102777777,21985380.29397268,,,2.7558883468500164,1.0091774712125001
2022-07-02,4335765.617708334,22238359.32274036,,,2.9385553282070145,1.0416090292840279
2022-07-03,4329804.570486111,22073801.681623664,,,3.1030295315388865,1.0341424830715278
2022-07-04,4507935.749652778,23825863.175047647,,,3.147509352611113,1.0039641711701388
2022-07-05,4383518.580555555,23281447.18007596,,,3.3716625607517683,1.0327333032645833
2022-07-06,4333303.172916667,22750260.883245405,,,3.2523156158729467,1.0015154983031251
2022-07-07,4749613.056944445,25381706.53571284,,,3.37092420541432,1.0065550041211806
2022-07-08,4564240.922222222,24911472.053247634,,,3.307677657544688,0.9524112431010416
2022-07-09,4765538.506597223,25913512.45560898,,,3.6674173992099393,1.0058536291055555
2022-07-10,4462859.186111111,23257186.99042721,,,3.4015072012110177,0.9492574446003472
2022-07-11,4315974.237152778,21286369.81485478,,,3.262185931013911,1.007632702039236
2022-07-12,4445083.663194444,21224715.736952674,,,3.4121895805388345,0.9883176378510417
2022-07-13,4463702.723611112,21047942.27486883,,,3.436798538368112,1.057220934911111
2022-07-14,4880342.113888889,24252494.46493477,,,3.160976280999618,1.0179112598694444
2022-07-15,4709580.111111111,23944095.441926185,,,3.229870964370788,1.0148591475718751
2022-07-16,4302081.935416667,21580505.346513852,,,3.2405813300726622,1.0894400349583333
2022-07-17,4264730.017013889,21717821.115734465,,,3.3068728986504596,1.0356025717149306
2022-07-18,4458650.550694444,23635878.639311,,,3.13792092715576,1.0289370569177083
2022-07-19,4975693.726736111,29101294.728101417,,,2.923388584819741,0.996876303321875
2022-07-20,4898860.779166667,29957446.906217918,,,2.6610964559899535,0.9681048028944443
2022-07-21,4058379.247569444,22722718.930188764,,,2.9485296495901103,1.0079781083802084
2022-07-22,3965009.519097222,22532917.137671743,,,3.094092259424277,1.018022292725
2022-07-23,3714529.152777778,20442393.205469992,,,2.960126205716176,1.0217822329052084
2022-07-24,3837046.445138889,21194782.90657417,,,3.405189627043812,1.071417278937847
2022-07-25,3689120.4263888886,19109364.710840438,,,3.417494677738039,1.0169667004006946
2022-07-26,3754412.8583333334,18385712.355496272,,,3.2593443118585554,1.089242049403125
2022-07-27,3697605.354513889,18690294.21520083,,,3.4042061333465963,1.0370285612239583
2022-07-28,4011562.7684027776,22460814.809182033,,,3.17301079848274,0.9908733899697917
2022-07-29,4145076.013888889,23546554.880223442,,,3.3454438609062094,0.925318954228125
2022-07-30,4790893.186458333,27450934.073024653,,,4.192267818739915,0.9728242575875
2022-07-31,5449464.235069444,31455914.659062248,,,4.944446902109535,0.9641209055756944
2022-08-01,6262987.778472222,37798507.74202593,,,4.2665424564108525,0.983225094826736
2022-08-02,5541167.860069444,32038580.01304398,,,4.073797560006666,1.035836047723611
2022-08-03,5326521.714930556,30491806.140138466,,,4.297759953282796,0.9491770180715277
2022-08-04,5525311.761805556,31590316.260129146,,,4.523964417078162,0.9519942147083333
2022-08-05,6426286.869444445,39729043.45635137,,,3.635221989478304,1.0131750180246528
2022-08-06,6433099.928472223,39763583.19052882,,,4.045975005641723,0.9784273911517362
2022-08-07,6264541.202430556,37883708.418418795,,,4.502877223973247,1.0244027253805554
2022-08-08,6274263.171875,39011291.32216682,,,4.600703242816507,0.9960416234854167
2022-08-09,5995888.299652778,35594845.972234614,,,4.85552229631942,1.025337059129514
2022-08-10,5750104.926736112,33932251.590043165,,,4.738265228816076,1.0893242960909724
2022-08-11,6025206.084722223,36944248.92931552,,,4.682879141782038,0.9762323855069445
2022-08-12,5976285.511458334,35966249.59366664,,,4.453020808085655,1.0985812666569443
2022-08-13,6046461.285763889,37053864.79194629,,,4.654249809277773,1.0161801745378471
2022-08-14,6286077.304861111,38663753.88509946,,,4.983952170010419,1.0084898846458334
2022-08-15,5956342.038888889,35857685.146210805,,,5.14912522990061,0.987419756679861
2022-08-16,5908482.903819445,34782914.091817334,,,5.157006151515281,1.0415419237833334
2022-08-17,5876697.982986111,33821753.85632337,,,5.219051369876542,1.001048151760764
2022-08-18,5898330.975347223,33163796.883137584,,,5.36611231024536,0.9898417936826388
2022-08-19,5816476.742013889,29194310.22957266,,,4.4878330340681805,1.0573300918475694
2022-08-20,5618230.184722222,27584350.60172149,,,4.68842050651711,1.022085363198611
2022-08-21,5508899.577777778,26862812.90901568,,,4.863804974934162,1.0715420046256945
2022-08-22,5680579.967013889,26985784.878123812,,,4.9640677868966785,1.0279689356048611
2022-08-23,5922189.435416667,28984845.23067556,,,4.739123116297635,1.0321776726430556
2022-08-24,6020417.561458333,30756469.781949665,,,4.040421322414463,0.9832103323749999
2022-08-25,5645493.516666667,28714072.420743693,,,4.264640492216847,1.0130795044909722
2022-08-26,5497943.044444445,26731550.27225993,,,4.03103083851686,0.9863596611805556
2022-08-27,5276504.084375,23847715.193823833,,,4.128076079452229,1.0363701042354168
2022-08-28,5468797.981597222,24721665.8000029,,,4.463199698944369,1.0708762386309028
2022-08-29,5894469.598958333,26274772.73470495,,,3.8360429333137986,1.0151771059038195
2022-08-30,5980723.331250001,27100344.01610589,,,3.818924699765197,1.0410809381927084
2022-08-31,5954586.148958334,27013982.579194855,,,4.271859994201347,1.0183865407434027
2022-09-01,6054138.107986111,27120250.29645498,,,4.237128717610884,1.0490471478055554
2022-09-02,6067838.942013889,27398839.669246152,,,4.1872985269867575,1.0860229565052082
2022-09-03,6085406.941666666,27302540.656044915,3.385814329940805,1.048142690105,4.3627287635407574,1.313300971107986
2022-09-04,6139980.167361111,28097977.258492365,,,4.48495318910657,1.1533363496857638
2022-09-05,6041691.565972222,27430037.83641437,,,4.4427616135895835,1.1326449421767362
2022-09-06,5808362.265277778,26282253.421070635,,,4.405957715821942,1.0417120621381946
2022-09-07,5692647.062847222,24539321.801278546,,,4.207817785625581,1.1505306644645834
2022-09-08,5755992.213888888,25348695.602952663,,,4.149457162840444,1.150004382875
2022-09-09,5757942.566666666,26590820.10193174,,,4.0736246276543415,1.1692464774857638
2022-09-10,6093722.078472222,29766083.919366494,,,3.504938569602378,1.0114173419326389
2022-09-11,6199013.575694445,30675045.353011277,,,3.5308565731020427,0.9923412670458333
2022-09-12,5794663.175347222,28154312.800959166,,,3.928919810001034,1.0522276578357639
2022-09-13,5612207.185763889,25967476.24763298,,,4.319649184175386,0.9786569364
2022-09-14,5331844.741666666,23480045.027215283,,,4.61879737092423,0.9874573473642361
2022-09-15,5560388.979166667,23938482.494443275,,,4.789331980011106,0.9862275398871527
2022-09-16,5731857.972222222,24394845.3885205,,,5.16254060028841,1.036923258976736
2022-09-17,5782768.330208333,24970942.185914125,,,5.37582921683049,1.1058918971517362
2022-09-18,5743535.702430556,24406573.548815314,,,5.382327918423775,1.0766956389256945
2022-09-19,5223166.987847222,20326248.45098019,,,4.229663067951389,1.0652929534027777
2022-09-20,5099798.454513889,20183943.615535185,,,4.012658026215278,1.0861781390625
2022-09-21,5029624.909375001,19747841.483605728,,,3.875544734375,1.1193241426736111
2022-09-22,4995076.880902778,19831716.576548517,,,3.93623119984332,1.121158867898611
2022-09-23,4806541.899652777,19130898.25779408,,,4.332089735962351,1.0645695898524306
2022-09-24,4761470.928819444,19052958.093056142,,,4.1901424700386345,1.1491705331208335
2022-09-25,4705690.637152778,18577534.004203197,,,4.332903414030187,1.144456235498264
2022-09-26,4867689.953125,18857475.987195194,,,4.557825272068281,1.0724946518722223
2022-09-27,4952543.632291666,19555946.312026005,,,4.36866319595056,1.058151711981597
2022-09-28,5130866.229861111,19564839.126988247,,,4.478385168661816,1.0557345747840279
2022-09-29,5133052.314930555,19624750.511320975,,,4.156976092073073,1.1235795727635418
2022-09-30,5159555.235763889,19825602.43012848,,,4.048707725821553,1.085219112035764
2022-10-01,5307856.119791667,20230771.73354251,,,4.1718439822324775,1.2920678043739582
2022-10-02,5380458.188888889,20267489.11047478,,,4.26881950484478,1.314161318009375
2022-10-03,5501775.732291667,20579941.6837203,,,4.426295870143882,1.2011545255104168
2022-10-04,5392160.536805555,20589713.934746902,,,4.194949824008089,1.177270092298611
2022-10-05,5256006.310069445,20003352.709498595,,,4.242505142969479,1.0962045640024305
2022-10-06,5374321.667361111,20565899.737331256,,,4.4110182777469875,1.109490813615625
2022-10-07,5342570.668055556,20156095.214566145,,,4.735916333941649,1.3338604061444446
2022-10-08,5295698.393055555,20024342.218623687,,,4.437251729675272,1.3368062096114584
2022-10-09,5384190.317013889,20156175.67629582,,,4.649377170196249,1.366982816846875
2022-10-10,5541740.807986111,20500843.376163624,,,4.776797930984477,1.1318686105763889
2022-10-11,5256947.596180555,18431220.94583377,,,4.58681017728791,1.2020890948361111
2022-10-12,5292125.099305555,18569985.839806136,,,4.438536431161072,1.2345265382302084
2022-10-13,5274456.454513889,17476383.62312277,,,4.362441196630703,1.11551543194375
2022-10-14,5116222.604166667,17227581.44755919,,,4.072673975780114,1.140978859978125
2022-10-15,5176424.009375,17032285.217417788,,,3.6965475247498514,1.5467264811996528
2022-10-16,6543024.602083334,22875503.803266045,,,2.0925215826610537,1.1611309597600696
2022-10-17,6552148.973611112,22810636.629631195,,,2.509837607877007,1.08132738248125
2022-10-18,6033562.787152778,20728661.894944787,,,3.2453744042301373,1.1523013105010418
2022-10-19,5840487.209722223,19309746.051736027,,,4.042541807383634,1.0994658402347222
2022-10-20,5737026.919791667,18484035.27936145,,,4.314463575771124,1.0900405730881946
2022-10-21,5627593.564236111,17683207.06580717,,,4.232714096670855,1.1415005814239583
2022-10-22,5451855.801736112,17361432.465963945,,,3.977071764364167,1.4280505866197917
2022-10-23,5518418.079166667,17570518.66047334,,,3.998357010394654,1.2707171628972223
2022-10-24,5750852.979513888,18195567.459034953,,,4.4216052340373935,1.1136890162125
2022-10-25,5723336.851388889,18235791.12655039,,,4.439659742504742,1.1292285917371527
2022-10-26,5454746.520833333,17897414.21613033,,,4.138438069263397,1.1126609889041665
2022-10-27,5434001.238541666,17993502.52179408,,,4.191547648999163,1.1313011129302084
2022-10-28,5519237.926041666,17852218.71683054,,,4.292671623859421,1.1497045253197917
2022-10-29,5631501.922569444,18817633.170834497,,,4.334741142908392,1.1256547256576388
2022-10-30,6161799.285416666,22087496.00907958,,,3.7538691187152775,1.0072645077777778
2022-10-31,6068803.154861111,20866204.685178377,,,4.374596109555674,1.0531115509121527
2022-11-01,6106743.027430556,20735452.940589234,,,5.04759184656265,1.0505346324017362
2022-11-02,5885535.957638889,19230560.886598293,,,5.050719029299471,1.0149637566878473
2022-11-03,5857355.414930556,19533549.797420107,,,5.129775706731446,1.075249661265972
2022-11-04,6165528.933680556,21250227.794734914,,,5.074155692265155,1.0229589478819445
2022-11-05,6202393.434374999,22410383.936181203,,,4.6606497120309465,1.0222200135138888
2022-11-06,6003046.029166667,21095801.94462495,,,4.5218303581190895,1.1222939951055555
2022-11-07,5650285.419444445,18997885.205024272,,,4.279293381116309,1.0817582139802082
2022-11-08,5076186.447222222,15698927.122787919,,,4.431352669869946,1.0060035473517361
2022-11-09,4316067.355902778,10706582.419154879,,,4.04494739170119,0.9786882513170139
2022-11-10,3680839.009722222,8755598.515063882,,,3.4597701375847105,1.0524103007194445
2022-11-11,3674957.259722222,8815238.141911462,,,3.335813128642452,1.080318734571875
2022-11-12,3880631.322222222,8805532.062718812,,,3.5771815467378616,1.1763333196645833
2022-11-13,4434904.575694445,10238293.871466083,,,2.8972548788110486,1.0550600781760417
2022-11-14,4544897.979166667,10047945.392625446,,,3.3222439407224464,1.0976535665288194
2022-11-15,4391317.977430556,10102966.05735332,,,3.4265913347955173,1.1052785527270832
2022-11-16,4869326.082291666,11432922.166233806,,,3.1263742388743814,1.0647873252222224
2022-11-17,4996823.112847222,11537848.982254388,,,3.218197382963205,1.0889676550854166
2022-11-18,4717849.823611111,11068940.531934517,,,3.1793272759006816,1.085357773984375
2022-11-19,4613255.659375001,10739511.583736412,,,3.3423805748338586,1.1360616216559027
2022-11-20,4606181.667361111,10558462.559463449,,,3.48508429529822,1.1259434200070175
2022-11-21,4379499.235763889,9399472.829725945,,,3.412402483727752,1.0135627539767362
2022-11-22,4501548.570833334,9589129.242483895,,,3.40462656430002,1.1240844957684029
2022-11-23,4675354.147569444,10395936.641437083,,,3.19469322443264,1.2031373208729166
2022-11-24,4808388.347569444,10705877.318713669,,,3.361514029812642,1.195314683357639
2022-11-25,4774863.563194444,10450196.911053352,,,3.0492907526092194,1.1615820837413195
2022-11-26,4990357.521180555,11062050.287898965,,,2.399717316403434,1.3709232239395834
2022-11-27,5898797.9125,13614208.786224369,,,2.2820821861367735,1.1809522151788194
2022-11-28,6397188.829861111,14902156.013081329,,,2.6555760871500595,1.078810867661111
2022-11-29,6565580.417013888,15174249.2193333,,,3.231844265858376,1.131776524673264
2022-11-30,6494437.481944445,15268167.073850682,,,3.396407588352942,1.071274585235764
2022-12-01,6104653.749652778,14321828.868184797,,,2.490393577007318,1.1055565705222223
2022-12-02,5933327.534375001,14073523.52231938,,,2.496345199222115,1.0587983433222223
2022-12-03,5720969.815972222,13562132.393351277,,,2.583404781838017,1.2300626511885417
2022-12-04,5543848.077777778,12892850.007857151,,,2.934620827122108,1.3167922882902776
2022-12-05,5982631.765625,14406929.918861462,,,2.803304658490738,1.0547400944635417
2022-12-06,6517365.156597222,16017635.348503225,,,2.6380489209354976,1.0889482525253473
2022-12-07,6389829.884722222,15067346.06592479,,,3.1807476829217167,1.0967736727170139
2022-12-08,12465278.696527777,26007228.432045124,,,2.2013582441247026,1.0812688651840279
2022-12-09,16448402.676736109,33791286.536558144,,,1.4965465963718583,1.0640802279131945
2022-12-10,14712161.092013888,29922213.03138805,,,1.6514127750130625,1.0901619102114584
2022-12-11,13592642.778819446,27339922.670028295,,,1.9550020980993033,1.0750006003913193
2022-12-12,13598336.956597222,24726322.60913276,,,2.537605695991757,1.1314961487583333
2022-12-13,13331034.324305557,23265523.01578028,,,2.739846721671336,1.0862279934125
2022-12-14,11772151.79375,21370525.93747683,2.479062328485279,1.0390084641891089,2.8012928425038903,1.0368036810968748
2022-12-15,11278158.73923611,19795631.249522872,2.4188284818759858,1.0472053717090277,2.7039646283753527,1.1252674735472223
2022-12-16,11431927.448958334,19276313.963119134,2.2353934239058386,1.0179635673371528,2.4475846478714516,1.0586862726149304
2022-12-17,10973982.268055554,17034271.614383534,1.7966899739264588,1.0277575416409723,1.9390150806408104,1.0849122842256944
2022-12-18,10672175.548958333,16335983.428428613,2.068623578632367,1.0306850326121528,2.164823388485008,1.079461039232639
2022-12-19,11052625.865277776,16872332.49034949,2.113620504971424,1.0175045948493056,2.2794721188225693,1.0318172988184027
2022-12-20,10371862.765625,16201294.340006944,2.1041092563937096,1.0112006618190972,2.310216842706685,1.171057334315278
2022-12-21,11298955.069791667,17207882.375746295,2.263405612487018,1.0111044523378472,2.36521915506149,1.0897720585215278
2022-12-22,12800750.927083334,19841588.212932337,2.0382855083766414,1.0187279466652777,2.1517866478083216,1.0539525367572917
2022-12-23,11467314.767013889,18098501.19104854,1.938610759085666,1.0405179416395833,1.9810128337800035,1.1909893102649305
2022-12-24,10728175.763194446,17197173.20904705,1.8325260008468678,1.0462144813055554,1.8122044838833584,1.1761733301447916
2022-12-25,10239553.799305554,16027350.518741373,1.9148690780724307,1.0414519196072916,1.9826040783871584,1.2734311930458333
2022-12-26,10055907.2625,15588041.455697587,2.089244416168337,1.0147090682878472,2.236188754708984,1.2647902862354166
2022-12-27,10097304.506944444,15432987.30606959,2.2049191471415996,1.0341949093461806,2.3990846746958114,1.2719130357947916
2022-12-28,10494337.509722224,15042690.341916915,2.4606836399665184,1.0412561205211806,2.7406517239600547,1.1193885654902778
2022-12-29,11558072.60625,15460965.636564957,2.305745141532682,1.0523937856427084,2.600352601176583,1.1134681275673612
2022-12-30,12080896.981944446,15516068.653899457,2.249260457007602,1.0439929820982639,2.536075308886575,1.1445251222152777
2022-12-31,12074454.779513888,15862437.275557816,2.1975415065298547,1.0039219937284722,2.610898044892652,1.123779119740625
2023-01-01,12264284.868055556,15834047.49461971,2.3161706494026664,1.0048396129927084,2.6887736179959116,1.3753769871850694
2023-01-02,11340848.95763889,14984270.63924103,2.367284586960119,1.0264187696524305,2.750008279546123,1.2193022843649306
2023-01-03,10624632.988194443,14138878.287318325,2.375128288028122,1.0508575791961805,2.6555880723043246,1.3396042099190972
2023-01-04,10452556.836805556,14680876.02411938,2.0506569351345423,1.0466333703725694,2.321484897285788,1.1012565991347223
2023-01-05,10158610.376041668,14190122.512007752,2.4151780283269826,1.0631358242833333,2.6195418986170154,1.1601358821746528
2023-01-06,10242451.717361111,14174156.116934951,2.589759617551959,1.0597842254815972,2.7884138276330788,1.1007044515788196
2023-01-07,10241531.437152779,14415527.849039696,2.599235281927637,1.0677723706548612,2.7461401338518856,1.8648549576718751
2023-01-08,10026036.83125,14081094.543800123,2.695878924725334,1.0725680448361112,2.8929603964438075,1.272753584664236
2023-01-09,10029924.658333333,15691717.999392666,2.678615376055102,1.0946258267194446,2.88166838635294,1.015770916370486
2023-01-10,9500672.318750001,14986897.818258263,2.583089208940895,1.0437081909815973,2.8276655426468307,1.0703924003427083
2023-01-11,8886296.440277778,13840710.226667562,2.6920154417285094,0.9980409772461805,2.874480889290545,1.0557413872628472
2023-01-12,9266956.184375,15759789.860804835,2.419726114295652,1.0063794746076389,2.515455955546256,1.0269730334729166
2023-01-13,8524838.454861112,15027211.013504028,2.5218585280397434,1.0077717207479167,2.6315279608232416,1.0073890386347222
2023-01-14,7281967.524305556,14938283.246377792,2.571078764788523,0.9901374311388889,2.721799808759418,1.044024747309375
2023-01-15,8367723.595833333,19501267.251742236,2.1248650457404583,0.9954887954909721,2.0464628832856193,0.9613625917076389
2023-01-16,8075969.241319444,19193128.418365948,2.0947249490159336,0.9520086975402778,2.086498127242818,1.0473274742392362
2023-01-17,7666446.298611111,17761747.777830288,2.226346289245888,0.9571080181361111,2.2379009567087955,1.0114620473947917
2023-01-18,7431076.94375,16055556.049602602,2.4633454483990125,1.0022452520010416,2.534890047716973,1.0626264570774306
2023-01-19,6313552.013194445,13199942.02356397,2.2674812850310673,1.030641397195486,2.3591517251285743,1.0572854116465278
2023-01-20,5971727.197916667,12697970.48651097,2.312467604523521,1.0372889947486112,2.4899229074305915,1.0057695064524306
2023-01-21,5699298.672916667,13137932.020986073,2.5242569841259046,1.1094384607072916,2.5926871565258733,1.0154697940218749
2023-01-22,5893224.028124999,13434124.530526068,2.4448780848129577,1.1173544660906252,2.5804269736340313,1.0537702323427083
2023-01-23,6350843.893402778,14907758.544087384,2.4025828649473784,1.1799153553409722,2.591861042607142,1.0746557451392857
2023-01-24,6090515.943402778,14321697.522251919,2.5785029329322593,1.2207162688138888,2.6848283546576237,1.0086232847822916
2023-01-25,5992227.984722222,13178533.0346644,2.5108822743923027,1.147151218573264,2.834602139650871,1.0398248092333333
2023-01-26,6431919.014930556,14922669.003892383,2.631449978653754,1.1437469662434028,2.9680140288733887,0.9770948655440973
2023-01-27,7505636.842013889,19511416.195433903,2.221277638733605,1.084873466339236,2.4759347246527206,1.0112077088819444
2023-01-28,7660170.225347223,21177851.392016884,2.248365323544641,1.0431638827934029,2.383109873742565,0.987248566529861
2023-01-29,7654751.108333332,20742515.09573591,2.705893116404615,1.0405914468666666,3.0913063591076573,0.9937758252086807
2023-01-30,7638238.362500001,19665007.602147665,3.1651206392584776,1.0297605207711806,3.572194784161081,0.9822495872104167
2023-01-31,7442471.607638889,18432059.02972503,3.0710471735063467,1.0102874748520834,3.7734532720014733,1.0719372348059029
2023-02-01,7334822.025,18177441.493126094,3.245534567131293,1.0169310284045296,3.9120271164247433,0.9706329400996528
2023-02-02,7349968.692708333,19297639.523614448,3.1442133457750523,1.0585840803788193,3.5080087713194748,0.970987389313889
2023-02-03,7910935.301041666,21850438.68135312,2.2786920729920084,1.0871830300489582,2.4226382818522887,1.0399507231277778
2023-02-04,7994679.313888889,22877529.898435358,2.2649091188651735,1.17187198258125,2.3355431142450707,0.9860229218211806
2023-02-05,7186470.015625,19873591.71427752,2.393551352732933,1.1946342056621528,2.580085051560458,1.0167477887892362
2023-02-06,6494156.948958334,17378490.947548345,2.665515121864424,1.265653201115625,3.0045851969934088,1.0227752794309029
2023-02-07,6439800.822569445,17687936.6321346,2.6419977049531838,1.271194178438889,3.0262107057867675,0.9953516863791667
2023-02-08,6453895.797916667,17839466.592540674,3.014962968718562,1.300442157021875,3.351320376811283,1.04825004116875
2023-02-09,6165417.006597223,15919470.438735567,2.8358566803188276,1.365745937089236,3.030191442639541,1.0362563400875
2023-02-10,6091756.670138889,14259962.410089152,2.922856558970756,1.3400668987777777,3.2773582897250124,1.0441831631368055
2023-02-11,6330936.223263889,15115934.625626203,2.7233199851543053,1.2946857667288194,3.0723232491634063,1.1143479571388888
2023-02-12,6521018.713194445,15701414.006073229,2.7378207559293717,1.303295347482986,2.8797201116143727,1.1939981636947916
2023-02-13,6722411.704513889,15521044.68142647,2.83884199318654,1.3393834408166667,3.1187830167946498,1.008455143357639
2023-02-14,6502246.051041666,15137523.540518545,2.921601005523459,1.4203563855388888,3.2141547348356676,1.1272392905614583
2023-02-15,6373294.442361112,15570801.872315718,2.8434338950079727,1.4265840982680555,3.0342283019794283,1.113781279320139
2023-02-16,6330199.917013888,16428756.01733398,2.9156445981458785,1.3752553792128472,3.1301198471363563,1.0037255020298612
2023-02-17,5975785.912847223,15264522.273605086,2.830896260939195,1.2739989029527778,3.2255006141990132,1.0448430333277778
2023-02-18,6525978.690625001,17212280.803054705,3.3180982310967977,1.2455981918347223,3.8414923802829537,1.0571817403118056
2023-02-19,7047714.831250001,19136953.61568045,2.943460320629624,1.2313258135975693,3.2148569526965836,1.0382841916496528
2023-02-20,9558869.387152778,29551525.045313086,2.1686253355423855,1.1177212774708334,2.081471182649415,0.9761860219246528
2023-02-21,8405067.872916667,24368896.424827967,3.2856345236186524,1.2029422013552082,3.4985935883040096,1.0061421493350695
2023-02-22,7951813.954166668,21917357.94198119,3.4620579749421356,1.2438756540503473,3.891278454672499,1.0517943635135416
2023-02-23,7830822.7368055545,21811842.903053064,3.3904227010823167,1.2291802255041668,3.8980032757492142,1.051088721121875
2023-02-24,7484447.298958333,20360924.97370217,3.4309636418252083,1.2207958600159723,4.027363957617371,1.0008280488840278
2023-02-25,6785281.982291667,17284787.76856815,3.2611078267898272,1.1949056389777777,3.849031196185582,1.094637556507639
2023-02-26,6692298.473958333,17133351.609275583,3.567054664080677,1.1781360253013888,4.150965721995492,1.1854380052770834
2023-02-27,6477758.955555555,16556934.201231403,3.443602081443228,1.195031327485764,4.0064454224673325,1.1304392352440973
2023-02-28,6302661.497222222,15918511.787135413,3.4228215155473256,1.2302938092458333,4.0261168014036075,1.056136315264236
2023-03-01,6470290.180208334,16388433.712349474,3.4941915674534685,1.230961287676389,4.202284805385259,1.0492524702204862
2023-03-02,6802591.800694444,17342894.660168193,3.2755054389366456,1.2037313367788194,3.7555874565437484,1.0769388798121529
2023-03-03,6399538.027430556,15005375.68862606,3.16862281551094,1.1853868689534723,3.5200188622265225,1.0377227440614583
2023-03-04,6370123.796527778,14853428.13892686,2.8699140637699667,1.150015248753125,3.207219390924345,1.1564230037555554
2023-03-05,6223793.163194444,14288088.84244939,2.9102849422146075,1.1677808046052085,3.3729900487288944,1.1329122281534723
2023-03-06,6139235.674652778,14040277.601480326,2.9412479748478644,1.1416776894319445,3.39811628808977,0.9981457964475694
2023-03-07,6000207.661805555,13770221.543363461,2.8811182150575103,1.1512467415034722,3.254225870104058,1.0477289681822917
2023-03-08,6161354.152430556,13585757.366656141,2.8220786548636196,1.1003715670326388,3.23181998170941,1.0624647397711806
2023-03-09,5990854.392361111,12700566.448667945,2.554806409254671,1.0876741989510417,2.8645898173690956,1.0238357511274305
2023-03-10,5887296.142708333,11402657.01714121,2.4821846544496657,1.1427096911965278,2.840113245484508,1.0602304912711804
2023-03-11,5811828.220486111,11173728.090256993,2.4679379426604675,1.1574840689993056,2.7763846777257175,1.053024726328125
2023-03-12,5895863.738888889,11498203.107141348,2.459100662102474,1.14916088836875,2.59305151440218,1.0888642946086806
2023-03-13,6093473.821180556,13150115.290368913,2.684786325763889,1.1761219033680554,2.9062905578819445,1.026412511388889
2023-03-14,5940234.717361111,13522210.901351452,2.884101455537834,1.1342926435649305,3.0818972403380314,1.026383428270139
2023-03-15,5886918.837152777,13235021.243892726,2.8481239492308887,1.1124325493506944,3.101979353597981,1.0586299422427083
2023-03-16,5656608.620833334,12170443.317721132,2.71752374726753,1.0777397205493056,3.010857801105905,1.0376170742861113
2023-03-17,5509056.113888889,12262660.637047384,2.9241385154472592,1.0787133305336805,3.2387879029610196,1.0546109492381945
2023-03-18,6065842.223263889,14161452.681960788,3.236084286379619,1.0972701646920138,3.444149276795934,1.0466903483743055
2023-03-19,5962893.38125,13721809.75123497,3.075803392645827,1.0926340084569446,3.4136579957366893,1.0270954064809028
2023-03-20,6038389.622916667,13667099.677985579,3.0272041099455618,1.093582718851389,3.3440980082384555,1.0777589252819444
2023-03-21,5724599.287152778,12646504.106321208,2.679091162484715,1.1482139276826389,3.007607875586266,1.0493814290114585
2023-03-22,5472921.240625,12220178.266182598,2.6569545287406675,1.2285330593336807,2.9174417321368624,1.0466735576847224
2023-03-23,5887298.266666667,13067586.55374596,2.696767737395162,1.3220321353413196,2.8970917640501264,1.1042831140934029
2023-03-24,6131823.059722222,13393623.394262522,2.934367233160429,1.3469636488541665,3.2766777155477604,1.0638049660333335
2023-03-25,6023697.945833334,12813318.482786356,2.743933483727146,1.3013050436104168,3.03216905614286,1.1257536266670138
2023-03-26,5994172.691319444,12836338.580541905,2.650770692679071,1.3007496189385417,2.9858338137487537,1.1568468025791665
2023-03-27,6122931.735763889,12754348.119786315,2.7467911510835403,1.2809439342791666,3.1462697644459645,1.0429153537850695
2023-03-28,6308554.529166667,12849975.296798471,2.8484161023226955,1.2617074441517362,3.2093081002567825,1.0575177161284721
2023-03-29,6494580.820486111,13835354.96804816,3.1887723399684242,1.266072705873611,3.5024129383828626,1.0462013975388889
2023-03-30,6989701.423611111,14723783.742862124,3.7680656673252546,1.2271702424097224,4.057812171723279,1.0670017515729167
2023-03-31,6843361.503125001,14257377.290340312,3.3873108380451735,1.2671184358944445,3.805418171679042,1.0897686563947917
2023-04-01,6864162.229861111,14539649.030441465,3.1749333789471548,1.3097533452131946,3.616710519953099,1.1559472914034723
2023-04-02,6946373.455208333,14611587.187843299,3.2549073415642407,1.3272503072197916,3.6747761367455007,1.0509139701579862
2023-04-03,6918768.713888888,14195883.89257495,3.2291363375160773,1.313296564085764,3.7480019243650458,1.0578981419767362
2023-04-04,7053427.146180555,14751078.945100423,3.1596969768057113,1.2890754940121527,3.6894004565336207,1.0670306523857638
2023-04-05,7253970.317013889,15491046.007431468,3.4915897437348726,1.2946288601222222,3.9570056726677882,1.0730083702270834
2023-04-06,7207772.772222223,15221166.273045622,3.59267085616019,1.2988757959840278,4.045026474126558,1.1412870545756943
2023-04-07,7209097.017013889,15023350.149248958,3.6674385707859014,1.3003000662784723,4.157229187696753,1.1296761584246529
2023-04-08,7256358.065625001,15264401.382863661,3.658011620709656,1.310731626603125,4.095930501010745,1.2510543379256944
2023-04-09,7626902.558333334,16273378.38608141,3.286979662685731,1.2775645358496528,3.675035405903423,1.121433911071875
2023-04-10,7450585.899305556,15435701.418159388,3.463215868846019,1.306126671528472,3.9017477481533316,1.0778796932289199
2023-04-11,7412838.872222222,16197140.513306085,3.4380387918131525,1.3548016855826388,3.8364908203006567,1.102679278236111
2023-04-12,7269167.911805555,15397623.381241322,3.620550052399765,1.3393107888527778,4.038496396305716,1.0220671905118055
2023-04-13,7645395.253472222,16547575.99475538,3.3189461177238604,1.3052327718694443,3.6630492064053572,1.0861697988458332
2023-04-14,7977551.977430556,17890638.412092723,3.563255565225516,1.3275142246444445,3.8505169652890268,0.9790485080486112
2023-04-15,8018673.039583334,18163507.742442578,3.9500587966084004,1.3325070430302084,4.150636933285274,1.1091776813465277
2023-04-16,8317870.300694444,18802860.551063687,4.158227903290847,1.3069594787711807,4.432040782582312,1.1099585900677083
2023-04-17,8342631.179166666,18511555.988710523,4.065759641607546,1.311488579423611,4.456789840678152,1.0926298688645835
2023-04-18,8318547.229166667,18613814.064245038,3.8971399341402506,1.2809035011010417,4.350923835506752,1.0556894483659722
2023-04-19,8771991.431597224,19666378.606797945,3.4472691329317446,1.321899962592361,3.8573572708688175,1.0015794409586805
2023-04-20,8580623.080902778,17659644.07081415,3.348038356367522,1.2525243886461805,3.823372779961939,1.0172916940371528
2023-04-21,8467189.749305556,16724664.448806223,2.887716078266271,1.1675900062465279,3.355877155608541,1.0253490321927083
2023-04-22,7922256.598611112,15127596.885607958,2.776053698395197,1.175653281642014,3.316511107087684,1.1152652467875
2023-04-23,7881761.946527777,15099423.275546769,2.8809166132791937,1.18670415769375,3.352845720467671,1.2530079864114585
2023-04-24,7757688.6538194455,14878289.390298901,3.0602263403898853,1.2231520989375,3.5651443160367893,1.0572873238118055
2023-04-25,7762327.761458334,14747961.889782256,3.235192881687434,1.2425449806565974,3.7199324859324943,0.9886883454767362
2023-04-26,7649057.575347221,15046980.016644273,3.3691723314710877,1.2954596679743056,3.757911691720605,1.0265306276930555
2023-04-27,7466284.364930555,14532583.85977724,3.373883552745155,1.3746295742413195,3.8249598938974807,1.0330894564947917
2023-04-28,7201359.257638889,13852102.841884488,3.5612806869546034,1.3563964268180557,4.017354551217887,1.0617617952888887
2023-04-29,7107411.327430556,13695567.739586651,3.6350942085767093,1.3510678324979166,4.152321929683024,1.0699228443333333
2023-04-30,7104230.772222223,13584144.548883088,3.604225984248789,1.3743210459819446,4.059384634195286,1.1654280873489582
2023-05-01,7234350.279166667,13459475.718179904,3.2020720305809953,1.3533750418322916,3.8122637661780963,1.1407416352368056
2023-05-02,7464888.357638889,13744517.443869213,3.369944877316554,1.3240110260690972,3.890589175631687,0.992052366854861
2023-05-03,7435719.161111112,13866437.811569618,2.991268351625374,1.3523474911732638,3.4438303506552925,1.060953185743403
2023-05-04,7091019.119097222,13330844.451822836,3.0721466120572694,1.4352988202194445,3.3844559044392706,1.0793767991708334
2023-05-05,7084021.25,13282141.18671073,3.071029865723916,1.4295917642687501,3.4835286674024064,1.0935567159059028
2023-05-06,7293096.30625,13335425.929688446,3.213659809567671,1.4423044809527776,3.634008430091138,1.1370881140798612
2023-05-07,7034246.995486111,12726238.595567726,3.0204941009681505,1.4664836998475694,3.4773578653940818,1.1330208243739583
2023-05-08,6550894.798958333,11006061.84244444,3.413373242459744,1.5509105043961806,3.8938856402525843,1.042140797379861
2023-05-09,6439316.795486111,10298280.27775526,3.17741730412966,1.4794419276434028,3.6969110466722217,1.0931233278381944
2023-05-10,6479415.988194444,10431720.455163687,3.0181373431854723,1.3714623928326388,3.5295440324773426,1.0624121634180554
2023-05-11,6192006.412152778,9740163.976604698,3.0083715911431477,1.3877475519770832,3.3566472375290375,1.0895767129576388
2023-05-12,6350792.280555556,9785089.417586913,2.9409216971949617,1.388124688725,3.417337833522889,1.0904683121736112
2023-05-13,6970247.666666667,10704655.043032343,2.991465090744502,1.2181254613628472,3.529947134917651,1.0748403650059029
2023-05-14,7092092.176736112,10878883.062686084,3.067883247464022,1.1916575789791668,3.7453301810777404,1.1489897296569445
2023-05-15,6793891.576041667,10755290.43696668,2.8444074930029752,1.173711944278125,3.383995899981183,1.0577081230243055
2023-05-16,6639629.473611112,10613922.199010542,2.9866932175726646,1.1608406243434028,3.477653098415127,1.0469979266239582
2023-05-17,6777111.388194445,11003619.77922367,3.158872984305784,1.1816191289774305,3.6575747684336912,1.0398518468243056
2023-05-18,6775425.634722222,11091233.649243025,3.409162113584834,1.2018460741350694,3.756854338105798,1.0420914413756945
2023-05-19,6737720.271180555,11067559.210730752,3.1342829847000657,1.2233968038062502,3.486128072792748,1.095069512917361
2023-05-20,6929692.425000001,11544937.838451324,3.0053586936990833,1.2139504725638888,3.372686775976422,1.1938858601871527
2023-05-21,6995637.961111111,11519122.327936228,3.2692791570177633,1.2370219474145834,3.6506668153215918,1.1816572441364583
2023-05-22,7300122.69375,11968175.444410443,3.128708273315525,1.2617328844197917,3.2802930959856336,1.1375291980909723
2023-05-23,12932154.998611111,24151629.25126671,1.3977233262299293,1.1048215274020832,1.3272768257977166,1.083597943589236
2023-05-24,15969431.663888888,31976626.44390635,0.7831268723920839,0.971136950801389,0.6805672418871054,1.0392153711993055
2023-05-25,12779342.722916666,23070650.45480555,1.8594451932542446,0.9587932344229166,1.7502764790822392,1.0527240303461807
2023-05-26,11524717.097916666,20312283.46563678,2.346642379493054,1.0232741049475695,2.457890441738789,1.1556865169135415
2023-05-27,9852056.154861111,17558047.41759117,2.3526621520896236,1.0482728347270833,2.692306441556076,1.141464434807986
2023-05-28,8888104.744097224,15917447.301061204,2.7172869672095015,1.0640495460725694,2.923540068379017,1.1854053796135418
2023-05-29,8020628.407986111,14288635.707829377,2.730907656951896,1.075838842087847,3.1012181058523463,1.057987357834722
2023-05-30,7575135.221875001,13365397.467610098,2.7840666247614854,1.11071713825625,3.2755789162584943,1.07273865371875
2023-05-31,7461224.125347222,12843265.225660613,2.7090553757688136,1.2110862710840278,3.1756590445421518,1.1036927413590278
2023-06-01,7238054.286458333,12268010.348618228,2.8350556841222416,1.24010074345625,3.3119192367313603,1.1213104383631944
2023-06-02,6993071.227083334,11971876.935767168,2.75374007528968,1.2221582473746528,3.2814041235668823,1.1328663356194444
2023-06-03,6942634.436458333,11945028.387115361,2.8650563165944494,1.2076680225892362,3.3681960258867543,1.3179830999444446
2023-06-04,6964151.568055555,12080644.282982321,2.91189936954125,1.2164453375718751,3.3882965326557497,1.180164490882639
2023-06-05,6804289.115625,11278310.265389677,3.017866582895611,1.2014673365298612,3.454935428379887,1.1049942770572916
2023-06-06,6111560.067708333,9727788.189168837,2.9206152494319046,1.1997705275503472,3.4218821149870626,1.1001622338361112
2023-06-07,6265092.36875,10060141.720329849,2.753035880286881,1.1040941669871527,3.1504123870772993,1.1033361152003471
2023-06-08,6563550.036458333,10264432.080225091,2.506783240311348,1.0646741567204863,2.995551194859314,1.212167609107986
2023-06-09,7380368.386805556,11670355.551761955,2.3700984319537444,1.0472595141975694,2.827638502514794,1.113066680434028
2023-06-10,6387430.208333333,8731634.796124242,2.2859204351635225,1.019645413085764,2.6902326668236953,1.104735333870486
2023-06-11,5692917.601736111,7704037.973522676,2.027448033614789,1.0260396994753471,2.4515397478418675,1.1407772411857637
2023-06-12,5630273.430555556,7632664.03998921,2.2156740289741976,1.020643046215625,2.6087461056830836,1.1374539843211806
2023-06-13,5584022.836458334,7699536.982195162,2.3176157377496844,1.056496015337847,2.7422799244556915,1.1054809696802084
2023-06-14,5504323.739583333,7599653.399680641,2.477574845922605,1.0705175296111111,2.849948000694335,1.1853118622611112
2023-06-15,5554910.074999999,7448240.01371838,2.400806868180258,1.0811025752135417,2.78890042178374,1.0653150703451388
2023-06-16,5679043.153124999,7771991.385911303,2.46682517265557,1.114182583344097,2.7882833607269846,1.2034222498416667
2023-06-17,5779968.827430556,8110984.585580092,2.3212541724032505,1.1436425119190972,2.4557687862686035,1.2093890743065971
2023-06-18,5788748.230902778,8073828.6583749335,2.4723407771108272,1.1447626494055556,2.7131975014668153,1.2795838183010417
2023-06-19,5797346.367361111,8048423.689019468,2.5631351817320858,1.1755725727059028,2.868406915750971,1.2603892719694445
2023-06-20,5797692.429513889,8129068.258403074,2.593993089772817,1.2139353397406252,2.891579255800775,1.0556306382864582
2023-06-21,6010217.582986112,8889237.16578473,2.7238220589641373,1.2202853036180557,2.8787236685485693,1.1675596265298611
2023-06-22,6097671.304861111,9202963.878273472,2.9081208650433137,1.2181089494104167,3.0148900520229387,1.0745420293586807
2023-06-23,6076044.005555555,9193956.732104268,2.6473267306223467,1.1975819804253471,2.848461978174553,1.194113797267361
2023-06-24,17785847.080902778,39961889.29753792,1.0767495811443073,1.0457964344010415,1.0650023161263669,1.065095802551736
2023-06-25,22353496.871180553,50460577.57258794,0.7762030094917137,0.998535815053125,0.7463082956736501,1.0443084481451388
2023-06-26,19133884.13125,39665980.51016104,1.2041981407479943,0.9915516075548612,1.2776197444485753,1.0366419078722222
2023-06-27,16997472.50659722,36013128.337704696,1.3077098805977783,0.9874425368579861,1.512241402822307,1.0211468257284722
2023-06-28,16103968.767361112,32169777.46449191,1.6089113995141475,1.0019347769187499,1.7883987873880725,1.0536813639152778
2023-06-29,14376055.950347222,27456256.076010413,1.7464498719346588,0.9724634005135417,2.055135743442366,1.0258897271277778
2023-06-30,13088802.882291667,26429931.575743224,1.8585632157974474,0.968039161740625,2.1984269917898454,1.0128452591972221
2023-07-01,10661275.235416668,20577347.796093363,2.1316346713568217,0.9895506268489584,2.418906951855676,1.0223924392173611
2023-07-02,10395257.920486111,19528848.65548819,2.1336417158563012,1.0018813930534722,2.4966540182899175,1.0660421292673612
2023-07-03,10408874.092361111,19910589.139772233,2.0735933602191703,0.9873938810291667,2.499241982082613,1.0358387929861113
2023-07-04,10037618.493402777,19174807.46736754,2.1469035968190493,0.9754754494079863,2.5247800871799555,1.0915952788052083
2023-07-05,10441449.173958333,19794464.52299237,2.0662851639284407,0.9633956236677084,2.4867337229138453,1.0626904793902776
2023-07-06,17350539.664930556,35582628.72586969,1.631925403927696,0.9496418515534722,1.7792906417753838,1.0131917296638888
2023-07-07,15581947.289236112,30219764.189996257,2.1317058890336376,0.9595980600118056,2.4914241235003103,1.0417848066378472
2023-07-08,18910112.963194445,39248577.2606125,1.464762172702721,0.9554052208437499,1.5990617270344119,1.078246288478125
2023-07-09,21028370.576388888,43657499.73817888,1.4137812187062624,0.9629048448847222,1.4407029258146324,1.0478931900756945
2023-07-10,22780472.57326389,50259901.26002721,1.2278286420486113,0.8558558286458333,1.3326308500000001,1.0343080476388888
2023-07-11,19117749.190624997,40494569.66785933,1.831424366736111,0.9069888237152779,2.107929236354167,1.1098467459722223
2023-07-12,17849914.357291665,36541584.39885088,2.1460474643055556,0.9533048512152779,2.6805509960416667,1.120105738090278
2023-07-13,16852831.039583333,33961520.126452185,2.1940618888194443,0.9942570663888889,2.8071935588888888,1.0747119559722222
2023-07-14,13892954.588194445,28573389.047343016,2.2662824528125,1.029095059375,2.599870112013889,1.0038824995138889
2023-07-15,12177471.389236111,23973231.12832273,2.1670002936458332,1.025695075,2.438508721979167,1.0494154928472221
2023-07-16,12990383.287152776,26111590.857884303,1.9757502156597222,0.9873687607638888,2.296149577118056,0.9781409189930554
2023-07-17,12170995.442708334,24121822.976337492,2.176697043541667,1.0606800090625002,2.5301279569791664,1.0035177640972224
2023-07-18,11967622.788194444,23458664.282742966,2.4587095061458335,1.1483961920833332,2.7104540413888887,1.04771007375
2023-07-19,11082553.172569444,21566114.622079767,2.465328071597222,1.1749616496527777,2.7778673647916667,1.0072218756597222
2023-07-20,10929318.522569444,21382183.779973492,2.4590244330902777,1.1879805240625,2.784303770486111,1.0112888693055555
2023-07-21,10889540.19861111,21408927.415858753,2.4772142894791664,1.2121511439583332,2.799230166875,1.0792030774999999
2023-07-22,13188135.339930557,27084542.525372576,1.8920687072222222,1.1328103294791667,1.9783790034027777,1.0075504997569444
2023-07-23,12857225.602430556,26294916.168924537,2.2003655226388887,1.1114276502777778,2.4131466197569447,1.0659093358333331
2023-07-24,11351292.477083333,22001482.11652165,2.3802072117708333,1.1530443303819444,2.692505731215278,1.112327625486111
2023-07-25,10430805.436458332,19951863.530443884,2.1258700854166666,1.1854750769097222,2.4432261744444443,1.0725578990277778
2023-07-26,10409998.07361111,19778358.56343367,2.1512873521527776,1.1835333967708332,2.478668082118056,1.088537610486111
2023-07-27,10222744.398611112,19636596.765580192,1.9904883308680554,1.199278499201389,2.207223612048611,1.0736539604166666
2023-07-28,10276161.790277777,19750263.40342716,2.030879671041667,1.2361784652083334,2.2649638206597222,1.1733407241666667
2023-07-29,10381640.408333333,20156073.483285923,1.9651954975,1.2723281119097223,2.1437976194097224,1.1822286244444444
2023-07-30,10392648.161458334,20326969.62785511,1.940723851284722,1.3056761227083333,2.0803311395833335,1.1483280618402778
2023-07-31,10289356.33263889,20038046.303477313,2.2795043665277777,1.3443075436458334,2.4558361664583335,1.0946530591319443
2023-08-01,9826862.505208334,18639634.535539832,2.42370132625,1.3888304480208333,2.6547368921875,1.2115403988888889
2023-08-02,9416654.504166666,18008697.526553523,2.2909240453125,1.4362756756250001,2.4901929472916664,1.0681353419097224
2023-08-03,9586149.700347222,18066452.87248801,2.4014174235763885,1.4440514795833335,2.673817805833333,1.1558330651041666
2023-08-04,9743049.037152776,18183764.465351615,2.346842251736111,1.4432952670138888,2.6773864310416666,1.1042666258333333
2023-08-05,9782175.946527777,18186362.72370331,2.0965664192708333,1.5042955516666667,2.325807415590278,1.1672166158333335
2023-08-06,9992926.560069446,18850811.28651838,1.9669737711458335,1.583229622986111,2.077195642222222,1.1373075005555555
2023-08-07,9725729.741666667,18467147.466984034,2.113071114861111,1.608294139965278,2.2477412137847224,1.118153527534722
2023-08-08,9666711.344444444,18365662.960630577,2.2355371455208335,1.6490030494791668,2.4106471933333333,1.1610634081597222
2023-08-09,9863532.555555556,19036096.54290408,2.146838500034843,1.7265831908710803,2.2826220919163767,1.1046013197222222
2023-08-10,9901206.819097223,19112407.520162012,2.2357377280902777,1.7068548393055556,2.4175351675694445,1.1311815236805556
2023-08-11,9775721.024305556,18769096.514860414,2.4832797830555555,1.6378781434722223,2.8552186170138887,1.257739714548611
2023-08-12,9999600.322222224,19410801.709402643,2.3953416000694445,1.6398297555208332,2.7492302265625,1.2835464838194444
2023-08-13,10102463.543055557,19428699.408718005,2.6110959718402778,1.6562936566319444,2.987042576840278,1.2727078235416667
2023-08-14,9987499.161805555,19076567.267889347,2.7588649220833332,1.6427660476041668,3.1717540986458332,1.209053557673611
2023-08-15,10100337.032638889,18854401.888290636,2.5615500260763886,1.6188589671527778,2.852909978993056,1.0416177202430557
2023-08-16,9186139.30763889,15696323.869882856,2.5642786104861113,1.8274020770833335,2.6750593428472222,1.0735679088541668
2023-08-17,9194446.53611111,15137726.226138333,2.417775789340278,1.8508529852430557,2.6070156143055554,1.093197023125
2023-08-18,7643123.007986112,11302125.83077816,2.086030062986111,1.9894779134722222,2.3070953751041667,1.137614711076389
2023-08-19,7680862.025347223,11677416.636639442,2.2355523556944443,1.8976954089930556,2.5402335764930557,1.0749262386805556
2023-08-20,7379933.546527778,11296857.401898818,2.457855617569445,1.8655300702430557,2.7681716538541665,1.1737049676041666
2023-08-21,7085507.088541667,10781097.681896493,2.4535421596527778,1.8288579111805556,2.7157053610416666,1.0247048185069445
2023-08-22,8472850.181249999,13061874.54889513,2.1816090872916667,1.0569161394444444,2.518054294861111,1.0113566821527777
2023-08-23,7408332.849652778,11482528.031665526,2.058195085763889,1.0383801180902779,2.32812585,1.2205649646875
2023-08-24,7263533.091666667,11397014.10021142,2.155406156388889,1.0999813267708332,2.3785716711805556,1.11543085625
2023-08-25,6716281.804513889,10213911.773696186,2.2258022244444446,1.2040140148611111,2.5420720165277775,1.1442562641666667
2023-08-26,6547246.966319445,10013567.014868584,2.180215423159722,1.2448498526041667,2.4771250433333334,1.143947994160839
2023-08-27,6469168.217361111,9843939.428428534,2.167872815486111,1.2419725214930555,2.472289880486111,1.2026070713541666
2023-08-28,6506577.543749999,9822295.294788161,2.2348063312152777,1.255774165451389,2.494466126979167,1.1248475651388887
2023-08-29,6525574.895833333,10041138.627964681,2.1689459664236113,1.2933249986111113,2.3408834388541666,1.047294054375
2023-08-30,6389368.628125001,10051941.267507525,2.341426484409722,1.4083107286111112,2.4169966741666666,1.2199699942013889
2023-08-31,6612160.813194444,10257003.345062649,2.6415595965625,1.4044774949652779,2.8659324303472222,1.0872519110069443
2023-09-01,6517056.750347222,9724186.798000053,2.7169808737847223,1.4177897426736112,2.9640677541319445,1.1811242999652778
2023-09-02,6268955.643055555,9248203.25066704,2.659556243611111,1.4092883396180556,2.9212162671875,1.2181785697222223
2023-09-03,6094222.671527778,9022526.864394717,2.722021724340278,1.4437204304166666,2.981684861597222,1.1795786239930555
2023-09-04,6399473.057291667,9526640.062516656,2.7066555569791664,1.4048434876736111,2.9292956396180556,1.1652852554513888
2023-09-05,6422885.349652778,9526497.761563491,2.8615484042708332,1.3938139022222222,3.177126985972222,1.0934800207291666
2023-09-06,6495076.137847222,9704136.130455445,2.907914439340278,1.4230832235416666,3.0943731388194444,1.2020561859722223
2023-09-07,6468027.083680555,9676723.444383878,2.7904100796527778,1.4487296482986112,2.9115646931597223,1.1483451137152778
2023-09-08,6603192.585416666,9963704.910001092,2.5994855167361113,1.4446909954861111,2.689559415486111,1.1295583877083333
2023-09-09,10658030.997222222,17475735.864656277,1.70014058875,1.2229529793055556,1.710005227361111,1.1050045979861112
2023-09-10,9515566.073958334,14685315.549984796,2.1848537302083333,1.3155035960416666,2.271032138263889,1.1000063906597222
2023-09-11,9118010.52013889,14090102.500084275,1.9217490519097222,1.2393388580555555,2.264172663402778,1.0418443240277777
2023-09-12,9329781.819999998,14274990.703479987,2.0193270942105266,1.1821460954035088,2.450699863614035,1.1144490647719298
2023-09-13,8867699.240625001,13475720.750507064,2.1843124846875,1.1527782355555556,2.6952734944444448,1.0313986594097222
2023-09-14,8131307.885069445,12518066.943174519,2.069257189340278,1.2197786404513888,2.4335832712847223,1.0996261927083333
2023-09-15,7795314.587847223,12240421.325068787,2.023363156076389,1.2888501652430557,2.3420473684375,1.0556248356597222
2023-09-16,7472023.851388888,11847506.961383628,2.150007117638889,1.3421595021875001,2.4096315309375003,1.1584478432638887
2023-09-17,7247068.102083334,11093579.605309103,2.4021039799305557,1.3824264959027779,2.653346268993056,1.12140079
2023-09-18,7223521.845138889,11119616.50594407,2.257917300729167,1.3332607194097221,2.4682149026041666,1.1129684876388888
2023-09-19,7397270.418749999,11543153.741601683,2.426383794236111,1.3154188796875,2.556435719513889,1.1878752839930558
2023-09-20,7592823.650347223,11837419.352880483,2.5844078276041667,1.3294397155902777,2.7534455000694447,1.1001012709027778
2023-09-21,7858931.8118055565,12268725.645840604,2.5461871318055556,1.3955180795486113,2.739064965486111,1.1755233771875
2023-09-22,7630364.0805555545,11838716.311250217,2.656227234409722,1.3949455552430556,2.8946088833333334,1.1064237195486113
2023-09-23,7977841.577083332,12545439.38898483,2.5052385921527778,1.4060249334375,2.5954259572569445,1.221383720763889
2023-09-24,8187411.959375001,12725273.757969242,2.6126870565625,1.4265316672222221,2.617817715138889,1.177815874375
2023-09-25,7947555.162500001,12186624.94694907,2.8355648767013886,1.4457802029513889,2.9665880771875,1.2451726353819443
2023-09-26,7890190.428819444,12006569.9142467,2.928255672291667,1.4321413973958332,2.989938097048611,1.267019624513889
2023-09-27,7739512.510763888,11765764.094117083,2.7366727977430556,1.4067302336111112,2.8451350639583333,1.1873390267708333
2023-09-28,7522044.881250001,11503921.4502744,2.8188733221180557,1.4262917330902778,2.9306923933680555,1.2297114498958335
2023-09-29,7458521.048958333,11521560.440305946,2.9304110964930556,1.4263194924305556,2.9755663707291666,1.1510532109722222
2023-09-30,7604397.7038194435,11825753.476096861,2.9772149095138887,1.4298700007986112,2.9707828906944447,1.3642027656597222
2023-10-01,7970143.739236112,12662848.4753695,2.942589388125,1.4240339951736112,2.905549530173611,1.1302122261805556
2023-10-02,7616212.230902778,12128131.86278695,3.211343482048611,1.4803483568055555,3.023054571388889,1.1391749152083335
2023-10-03,7005694.202777778,10871822.905837528,3.0982217209375,1.5067173777083334,3.0195188246180553,1.2206843117708333
2023-10-04,6778371.013888889,10230468.507551707,2.9903734478472224,1.5074829891319446,3.115979322048611,1.203637140173611
2023-10-05,6991453.864583333,10616500.95423281,2.8374489167013888,1.497003933125,3.0106020028472225,1.1813142332638888
2023-10-06,7079661.189930555,10814624.528143395,2.8336323000694446,1.4936968724305555,3.027881975104167,1.1196233485416667
2023-10-07,7215202.589236111,11118668.365845568,2.7648918599652776,1.4759874185763888,2.9377147857638892,1.33906133875
2023-10-08,7318221.456597222,11206638.0859749,2.929313049791667,1.4991024739236112,3.0849732871875,1.1278062958680557
2023-10-09,7404098.321527777,11021254.810578547,3.1413511719097222,1.4774915400347224,3.270577302951389,1.197344280902778
2023-10-10,7041142.611111111,10251492.873469159,3.0869803794444444,1.4154814060416667,3.2624188340624998,1.204664599375
2023-10-11,7099800.637152778,10235155.431827256,3.1345016491319444,1.391926710451389,3.323140221840278,1.2059856973958334
2023-10-12,7436830.892708333,10680334.413951503,2.7482959397569444,1.3206694649652777,3.031881928958333,1.0907284042708332
2023-10-13,8210447.460069444,12007887.152034141,2.259471919236111,1.1591953253472222,2.522886995729167,1.1502427132291666
2023-10-14,7897202.332986112,11696401.837390639,2.2680269929166665,1.1173564198958335,2.4572518067013887,1.4597725677430555
2023-10-15,7644090.771180555,11246602.29655758,2.458673962986111,1.116447124513889,2.6591726983680553,1.3513607473611111
2023-10-16,7314235.65625,10940442.91677985,2.4361845459375,1.121941530625,2.6346389097569443,1.171756330451389
2023-10-17,6960584.413541666,10355413.880068267,2.443599198090278,1.1651695647222222,2.6079786593055556,1.2333614641319446
2023-10-18,6994945.179861111,10258142.546266304,2.436487921111111,1.1839132882986112,2.71516553375,1.358745347361111
2023-10-19,6877935.014236111,9916191.0249624,2.565552799097222,1.2070748679513887,2.7948188253819444,1.3996117279166667
2023-10-20,6827148.499652778,10141149.267467776,2.498212219513889,1.2475692593055556,2.470342423923611,1.136571510763889
2023-10-21,7157110.552430555,10865540.65898814,2.634868871076389,1.2633996494444444,2.5118098464930556,1.2268778963194444
2023-10-22,7056322.620486111,10740588.746789552,2.749955318125,1.3490187752777778,2.6653138169444444,1.4204365055208334
2023-10-23,6935854.317708333,10873358.55208466,2.7217617211458336,1.3666675815277778,2.8510691794791665,1.1078566720486112
2023-10-24,8493567.850347223,15387772.200508783,2.1350833748611113,1.1554138104166667,2.264283991666667,1.0295554461458334
2023-10-25,8172756.1868055565,14669254.210019046,1.9562537131597222,1.1485713841319445,2.176997519861111,1.036204337013889
2023-10-26,8213444.13611111,14406870.32006436,2.0585864634722224,1.1341550695833333,2.3772483006250003,0.9696173868402779
2023-10-27,7884298.6586805545,13564909.468485849,2.126242872048611,1.147848676701389,2.297816534236111,0.98384809875
2023-10-28,7525791.12048611,13237770.749041488,2.0480006046527777,1.1609349410416667,2.2488546835069445,1.1488811450347223
2023-10-29,7527016.697222223,13288019.322921433,2.148573396666667,1.2176337399305557,2.278441784097222,1.0889688550694445
2023-10-30,7527874.386805556,13519712.63942159,2.0965529182986113,1.2758474352777778,2.3397718169097224,1.100570351736111
2023-10-31,7214235.876388889,12829067.898768678,2.183403494166667,1.3320354404166668,2.3589275332291666,1.0315442278125
2023-11-01,7069542.864236112,12490546.555123538,2.2654604665624998,1.3810827825,2.3391841272222225,1.0174417486458334
2023-11-02,7328908.529513889,13335241.231748898,2.4965251028125,1.4456532415625,2.5981581589583334,1.0034731744791667
2023-11-03,7341286.137499999,13124630.317619503,2.4796346798611113,1.440652555659722,2.576547274201389,1.030864432326389
2023-11-04,7457633.795138889,13682270.69882618,2.6453946821180554,1.532493639375,2.646422030590278,1.1987124747569444
2023-11-05,7391222.129513889,14660505.92819915,2.2139248114236114,1.3436086813194443,2.363053480277778,1.0456510777777777
2023-11-06,7388577.178819444,14867395.310534827,2.230887407534722,1.3154923950694444,2.4701164070833332,1.0561343289930556
2023-11-07,6986919.594444444,14280512.471797671,2.0464780563194447,1.3888684710069445,2.3066771414930556,1.0584959734027777
2023-11-08,6579191.634027777,13588738.069524605,2.094812609861111,1.4190492610069443,2.4774928760416666,1.0994654385069444
2023-11-09,6201399.754513889,12858569.7284113,2.257226891458333,1.4750431171527778,2.590732727152778,1.0417171023958334
2023-11-10,6125200.65625,13218183.949827336,1.9863480983333335,1.497139736701389,2.228920709965278,1.0207294567361112
2023-11-11,6453042.491666666,14117801.589660982,2.231880777142857,1.63253527271777,2.4324355203135886,1.063082119826389
2023-11-12,6459777.136805556,14221927.720873825,2.3955031840625,1.6639018786458335,2.596164481319444,1.0561614980555556
2023-11-13,6316554.764236111,13998237.712245498,2.435125632083333,1.7699594419444444,2.4198465448958335,1.0498422786805555
2023-11-14,6075935.720833333,13170269.751043165,2.5377428334375,1.7384139800694445,2.8280443509375,1.050256827152778
2023-11-15,6545158.427083333,15045495.093888355,2.2282823173611113,1.5768380524305554,2.5760348646875,1.0203929967708332
2023-11-16,6563756.960416666,15184704.832842108,2.520742314027778,1.7799372269097222,2.6862887620833336,1.0469810831818183
2023-11-17,6164511.561805556,13677792.267318115,2.6191885143055553,1.7577196411111111,2.9881669144791667,0.9983756925347222
2023-11-18,5846615.267361111,12424423.826366566,2.766284954375,1.8589584310416667,3.1608949695833335,1.058970175625
2023-11-19,5871270.584722223,12516920.314033084,2.5444190833680556,1.8377202225000002,2.9722907002777776,1.1465345836805556
2023-11-20,5661919.520486112,12280478.120163148,2.514741734326241,1.9465910155319148,2.7836519483333335,1.0351390426736111
2023-11-21,5630996.270486112,11701298.640572468,2.644382081701389,1.8400309423958332,2.9396233902083333,0.984596433125
2023-11-22,5803853.351736111,11673874.788796173,2.407154470625,1.71198080875,2.693199439861111,1.0782693939236112
2023-11-23,5964667.529166667,12445331.604353955,2.4407816220701752,1.820842992982456,2.591351931017544,1.1054600393402778
2023-11-24,6112819.513888889,12917760.584361432,2.7166227789583335,1.8762712253124998,2.8077674096527776,1.073685259861111
2023-11-25,6265386.761805556,13541677.845336866,2.7396358161458334,1.9966333318055556,2.7965969858333333,1.1475417220138888
2023-11-26,6249644.5625,13374430.441571496,2.772128607902098,2.090873948671329,2.7748557125174824,1.068958017048611
2023-11-27,6322707.282638889,13116013.542301942,2.8214783589930557,1.9906855857291665,2.9090527031944444,1.0723482895833334
2023-11-28,6448343.299305555,13446125.399228664,2.665501069756944,1.9524031763194445,2.8764603315972224,1.0841755347222222
2023-11-29,6442477.699305556,13488347.260932958,2.7485299874652775,1.9955838599305555,2.94246100375,1.0684359889930555
2023-11-30,6513320.709722223,13477218.46338287,2.7321108611458333,2.025499968298611,3.023852563541667,1.1261213278472222
2023-12-01,6740901.316666666,14239227.72457599,2.6302835745486113,1.8761472442708333,2.933387943263889,1.0919913094097222
2023-12-02,6779355.657986111,14616598.94874007,2.7215668466666667,1.8976330466666669,2.965067045625,1.0940314589583333
2023-12-03,6337377.647569444,13724656.203591434,3.006314312465278,2.077440538541667,3.1287615736458334,1.0475665434722223
2023-12-04,6627286.779166667,14472342.231642887,3.1437508153819445,2.147978454131944,3.3547230540625,1.0577258335069444
2023-12-05,6831730.251736111,15185578.439400222,3.2031164652083337,2.1088209835069445,3.5483039609375,1.0438879714236111
2023-12-06,6756517.082638889,15174514.198960625,3.1489876308333336,2.133574950729167,3.3466009850347223,1.0095470151041668
2023-12-07,6620801.419791667,15061277.520981349,3.0169180356944443,1.9869500219791665,3.222357293229167,1.0553749170833333
2023-12-08,6982721.017013889,16434139.238951785,3.2144318977777777,2.0008644630902777,3.308083845243056,1.0401595892708333
2023-12-09,6854362.457638889,17077606.310121227,3.0021154174305553,2.0565712675,3.1452651718402778,1.0275812097222223
2023-12-10,6814274.566666666,16804160.895074967,2.7363956205208333,2.0156227429861113,2.9797328943749997,1.1037321364583332
2023-12-11,5963745.917013888,13571803.07726051,3.5916884839930554,2.1595885344791665,3.7310893958333335,1.0389031310416668
2023-12-12,5630099.710763889,12617932.532610735,3.545723477291667,2.0243741159375,3.967458940034722,1.0678567950694444
2023-12-13,5615378.889583333,12355927.124999605,3.637682986076389,2.043069444722222,3.981253465729167,1.0710226100694444
2023-12-14,5878457.251388889,13420661.999780225,3.2144616705208335,1.929082802673611,3.5584735780208336,1.0569012322569444
2023-12-15,6038846.605208334,13624550.907151142,3.471934278263889,2.0070252602777776,3.7434388329166666,1.1155924939930555
2023-12-16,6045181.501388889,13857820.949968522,3.3251314840277777,1.9298316010069445,3.712120217326389,1.099654356423611
2023-12-17,6471904.084722223,15579126.392851071,3.251920205763889,1.710940034375,3.4703889278125,1.0013570669791667
2023-12-18,6225456.966666667,14105538.123493908,3.567353257638889,1.685594569201389,3.7560364700694446,1.0688306157986112
2023-12-19,6796588.728125,16534762.069386316,3.1743698382986114,1.686869331875,3.203195819652778,1.0003130579166666
2023-12-20,6922597.701388889,17667028.474385064,2.7818240060069446,1.6021310654166667,2.876464952569444,1.045211216875
2023-12-21,6614317.054861111,17029597.534302115,2.979008556736111,1.7037249544097222,3.126718544375,1.0311157979166667
2023-12-22,6819158.572916667,17444525.59677359,3.2608128761111113,1.8532947852083335,3.3679083956944442,1.010838045451389
2023-12-23,6743044.936458333,18233087.896904986,3.0379445015277775,1.7180270428472222,3.1694647620833334,1.0159500108333335
2023-12-24,6537801.231597222,17599492.032545783,3.342881030138889,1.5714306060069445,3.5809785058680554,0.9779067791319443
2023-12-25,6111836.390625,17084883.097810775,3.1060189108680554,1.6117990502430555,3.3091632000694444,1.039654432326389
2023-12-26,6150264.397222223,17025338.494832054,3.627888942430556,1.7408776953472223,3.7471980222222223,0.9570871738541666
2023-12-27,6465451.585069444,18994566.95920192,3.1990995857986113,1.7675744486111111,3.194613032986111,1.0242511569791666
2023-12-28,6278562.283333333,18391509.462206166,3.3474873973958332,1.8300011664583333,3.4305158963541666,0.9780743760069446
2023-12-29,6205815.303819444,17504136.960616477,3.4948548134027777,1.8536123715972224,3.719343627361111,1.0145348848958333
2023-12-30,5928879.920833333,16289537.823866345,3.616519650972222,1.9561564130555555,3.933045555416667,1.1038039667361113
2023-12-31,5894622.880208333,16201496.945731226,3.540683688298611,2.014862920277778,3.8537466130902778,1.047484291111111
2024-01-01,5777593.001736111,15862494.874253362,3.520332013888889,2.0135919130555555,3.827134181284722,1.0465592318402779
2024-01-02,5927170.194791666,17527546.929701746,3.162600499201389,1.8282001840625002,3.2474407217708334,0.9837812158680556
2024-01-03,5367736.998958333,15061083.077661147,3.3343356249305556,1.780250288125,3.581577663125,1.0957369555555556
2024-01-04,4831986.109375,12788761.603192767,3.671673167638889,1.7989618555555558,3.8933575245833336,1.0306291357291668
2024-01-05,4634073.261111111,11906041.901549242,3.850429242847222,1.8996808779166667,3.8799462703125,1.0685167164583333
2024-01-06,4557855.882638889,11214577.076218463,3.6103748506597224,1.9209398196180554,3.716675876979167,1.1388450938194443
2024-01-07,4716978.050694444,11802413.065781217,3.420125538715278,1.715091526875,3.625946410833333,0.9770213916666667
2024-01-08,4654760.405902778,10863750.486992886,3.4909783616666665,1.5791385939930556,3.671138792986111,1.063367094236111
2024-01-09,4707267.387499999,11260539.75728374,3.921142206909723,1.6284100233333332,3.7975788280555554,1.0589795446180554
2024-01-10,4534840.570833334,10812123.208401063,3.7524737203819445,1.6407177280902776,3.831504634201389,1.0506788397916667
2024-01-11,4886478.371874999,12514337.502425557,3.952074783090278,1.8769088049305556,3.745676967986111,1.0523349124305554
2024-01-12,4938471.643750001,12681273.285117906,4.155778875243056,1.9197265119791664,3.889951155972222,0.9750536669097222
2024-01-13,5104179.845486111,12533578.83843817,4.174865013541666,1.793804799548611,4.079434465902778,1.1016997317708332
2024-01-14,5171887.863541666,12658614.887961429,4.110874337395833,1.7835713979513887,4.067443815451389,1.1282853534375001
2024-01-15,5201275.241666666,12619855.266025914,4.011138057430555,1.7583273402430555,3.9335941393402774,1.0815856272222222
2024-01-16,5233806.731597222,12860363.719484963,3.9751690490625,1.7563350447916666,3.782485176215278,1.0205850858680554
2024-01-17,5323147.757291666,12948216.887364032,4.057056480451389,1.7698330153472221,3.902466679618056,1.056581130763889
2024-01-18,5322505.538541666,12641253.726344565,3.876229839409722,1.8099920885069443,3.8404725915972224,1.100574876388889
2024-01-19,5231553.010416667,12090408.458484212,4.181289832361111,1.822495884027778,4.040912237847222,1.0257617086458335
2024-01-20,5447105.613888889,13020061.79298955,3.7797413010416667,1.6994190429166667,3.577244382291666,1.0677162537847222
2024-01-21,5326542.748263889,12708827.415722743,3.8986045270833336,1.7581053846874999,3.706786570972222,1.1120762010416667
2024-01-22,5154412.960763889,11769107.092852818,3.655249099826389,1.8899206063888887,3.6493143734375,1.0334493490624999
2024-01-23,5048910.290277777,10769706.011766009,3.7736509593750003,1.976709843125,3.79373502625,1.0505439460069443
2024-01-24,4913910.941319444,10514916.460487105,3.4346685894791666,1.9167567041666667,3.3387039487152776,1.1019745943402777
2024-01-25,4920409.31875,10573266.159469515,3.577495980729166,1.8856995349652779,3.4547061904513887,1.1112744765277778
2024-01-26,5101854.064930555,11183256.198684825,3.2798014098958337,1.897307042361111,3.068540763819444,1.0936815224305556
2024-01-27,5354545.415625,11994551.452933474,3.317944089375,1.9558798219097224,3.0576990021875,1.1281471637847222
2024-01-28,5358154.155902778,11995088.56239262,3.579370757326389,2.1103977605555553,3.262450438888889,1.104473636736111
2024-01-29,5468637.641319444,12111289.714505166,3.5735932338194445,2.0431933866666667,3.3336276843402777,1.1013802700694444
2024-01-30,5631290.138888889,12575538.903395962,3.6003204767361114,2.111381876979167,3.433076257152778,1.1928563760416668
2024-01-31,5582278.584375,12022096.303277038,3.9588291021875,2.1396393609027777,3.9360583784027776,1.1104040873958334
2024-02-01,5616866.818055555,11822412.325801114,4.110275821631944,2.1465104681944442,4.187789928125,1.1969082740277779
2024-02-02,5735904.733680556,12076535.671867467,4.009790559618056,2.1271175455208335,4.046267523055556,1.2242092642013889
2024-02-03,6222838.369097222,12952940.317711731,4.041271122569444,2.0870550005555555,4.179531685833333,1.240368697777778
2024-02-04,6352601.769444444,13118505.413713498,3.983970192291667,2.1264094495138885,4.256477918506945,1.1950950230208333
2024-02-05,6381974.182291667,13027353.795303429,4.024461454201389,2.1473767190277777,4.319912803368056,1.2364190930555554
2024-02-06,6499732.982986111,13350343.206672976,3.9860610524305553,2.1374964216666665,4.271252211770833,1.1109900876041667
2024-02-07,6674962.945486111,13845375.312680751,4.140989659479167,2.1251497922569444,4.402239061458333,1.2568764893750002
2024-02-08,6582507.486458333,13894995.062354978,4.175959341458333,2.216709778611111,4.3050400825,1.4203183279861111
2024-02-09,6515165.193402778,14320228.321875893,3.860776114583333,2.107468471736111,3.9625115661458334,1.034176349826389
2024-02-10,6436267.153472222,14144729.981373876,4.124585908854167,2.1940335820833337,3.993952629027778,1.365892830625
2024-02-11,6397993.045138889,14069781.667786894,4.420263618090278,2.2154845284027775,4.3188266875,1.241501060625
2024-02-12,6268897.022569444,13666099.662835814,4.354962549722222,2.1915120825,4.355435151701389,1.0940052192361112
2024-02-13,6442169.946527777,14252742.328520132,4.4869118023263885,2.3676406522916666,4.254407481701389,1.149966155138889
2024-02-14,6332161.747916667,14186832.733537598,4.621823947395834,2.4881540105208333,4.446927221423611,1.2059868388194444
2024-02-15,6632141.567013889,15232066.971922033,4.644377977326389,2.5735692854166667,4.466893166979166,1.0657736324652778
2024-02-16,6719369.407361964,15774592.144067911,4.829502395153374,2.6454750291411044,4.6256368749693255,1.0552997933128834
2024-02-17,6468776.048263889,14823484.42326383,5.336385154895833,2.6309644672916668,5.0071981996875,1.2501466538888888
2024-02-18,6490899.523611111,15017323.721984863,5.493232460833333,2.6687139522222223,5.234470461493056,1.2646376613541668
2024-02-19,6535034.200694445,15439398.931803962,5.7749076853125,2.7621465243055554,5.350718910798611,1.1466626527430557
2024-02-20,6502510.032291667,15293359.748575896,5.739128985486111,2.8824713140625002,5.3102421933680555,1.0145719779166666
2024-02-21,6037965.702777778,13687239.389608609,5.633977377673611,2.9135973523958336,5.414564309583334,1.063327764652778
2024-02-22,6058115.929513889,13931938.45947384,5.354192742916667,2.4897908298263887,5.280953230138889,1.1487692171875001
2024-02-23,6340002.818055555,14855600.702927193,5.162560100625,2.1875641693055554,5.246435244722222,1.0973983831597223
2024-02-24,6267258.726388889,15233566.442065703,4.766674129548611,2.2221947739930554,4.776173224791666,1.0176542289930555
2024-02-25,6155538.344444444,14853124.150645189,5.456259337743056,2.5594180034375,5.213437702395833,1.1612318519444444
2024-02-26,6139211.997569445,15290777.933974091,5.052161343611111,2.6237894936458335,4.664630610347222,1.076302006111111
2024-02-27,6091740.421875,16009994.494414028,4.795715370763889,2.5444373648611114,4.622914582361111,1.0469835078819445
2024-02-28,5992757.084722223,15827289.28676667,4.724093257847223,2.2259716446874998,4.755751710590278,1.0665590810416665
2024-02-29,5651890.740625,15205094.88570447,4.655331409027777,2.279221046215278,4.729293326111111,0.9947562390277778
2024-03-01,6004615.494097222,16496538.143395577,5.194455022916667,2.4242660410069443,5.2526751626736115,1.024764611423611
2024-03-02,6037614.587152777,17660324.701991096,5.022818856319444,2.8293683431597225,4.851053113402778,0.9996813042013889
2024-03-03,6149559.592708333,18492452.212261952,5.096880086597222,3.055236209305556,4.9395393034375,1.043839634201389
2024-03-04,6527944.090243903,21551617.657290567,4.6341177028223,2.7283160975609753,4.724801634285714,1.0138684459930314
2024-03-05,6042379.698611111,19950031.251298692,4.781312070520833,2.824849559027778,4.861582419166667,1.0007760729166666
2024-03-06,5433283.848611112,17206449.0990626,5.081585276215278,2.8551531597222226,4.9801878162152775,1.0238315486111111
2024-03-07,5066272.089930556,16998456.39130667,5.547750751631944,3.096648298611111,5.245680598576389,0.9854800034722222
2024-03-08,5031357.308333334,16732372.174613558,5.915857201111112,3.35046796875,5.662118496284722,1.0190423368055557
2024-03-09,5311631.209027778,17882034.640188307,6.45820748375,3.495986256944444,6.237369906979167,1.0548198090277776
2024-03-10,5150626.215972222,17597725.35684935,6.478137925,3.568365371527778,6.145389255104167,0.9706376597222223
2024-03-11,5029769.944097223,17377620.474219766,6.166273982291667,3.4274248923611115,5.9655733821875,1.0397552916666666
2024-03-12,5130389.649652777,17828494.508988924,6.257377835833333,3.589163024305556,5.990440577604167,1.01376240625
2024-03-13,6432196.253125001,28184231.956058737,3.6896514295486114,2.2158603993055555,2.985382924027778,0.9933595104166666
2024-03-14,6277970.238888889,28356510.191489052,3.4426057348263885,1.6405179201388889,3.11696124875,1.0356431875
2024-03-15,5200172.699652778,22306552.026956886,4.2759751412152776,1.9900414444444445,4.068409655555556,1.0252210381944444
2024-03-16,4967247.184374999,20094217.228722677,4.397045685729166,2.2360341875,4.557300932916666,1.0049841354166666
2024-03-17,4842858.186458333,18645597.43333047,4.139667272881945,2.0653830868055554,4.436776176666666,1.0395354791666667
2024-03-18,4558793.832638889,16921978.071856573,3.939487368229167,2.37012971875,4.2217773839930555,1.0793111076388888
2024-03-19,4684410.172569444,15490594.988663958,4.093074745069445,2.3310547708333336,4.341570383472222,0.9971242222222223
2024-03-20,4645799.609722222,15338594.95021637,3.645686218472222,2.4759507291666667,4.0134624470833336,1.0200788784722221
2024-03-21,4325211.6875,15381218.46321662,3.2411279114583333,2.2128651805555553,3.452362319652778,1.0394111597222222
2024-03-22,4321244.349305555,15648283.49117486,3.1812252365972222,1.8082554131944444,3.434124985347222,1.0445762291666667
2024-03-23,4301932.342013889,15814886.992050767,3.305350573298611,1.8284386874999998,3.6170130877430555,1.0427474305555555
2024-03-24,4170393.0795138893,15235707.096703844,3.2549344546180556,1.9570738368055554,3.6288142036805553,1.105565576388889
2024-03-25,4107578.491666666,15900077.742671298,3.5807528604166663,2.070721784722222,3.546785194340278,1.0930834444444446
2024-03-26,4298591.836111111,17339918.1434609,3.920722675798611,2.284851670138889,3.7589610211458333,1.0433268333333334
2024-03-27,4612361.591319445,17939618.270093914,4.306194518159723,2.86002303125,4.047097445381945,1.0999154861111111
2024-03-28,4652728.521180555,17999125.523029752,4.235643287916667,2.9506787534722223,4.1135864275694445,1.100322527777778
2024-03-29,4676551.254166666,18034892.834794585,4.046367649305555,3.0472841319444446,4.027739960590278,1.164603611111111
2024-03-30,4677549.846180555,17873260.940649137,3.9079402603124995,3.0008214479166666,4.038960087986111,1.1277001180555555
2024-03-31,4716708.597916666,17857246.251729786,3.817858478958333,2.910924236111111,4.026475238333333,1.1896957256944445
2024-04-01,5064874.896875,20139806.754634902,3.4876686358333333,1.7385376215277777,3.7984948089930555,0.95708821875
2024-04-02,5674793.961805556,21594902.875610754,3.3257303428125002,1.2757477673611113,3.5983725178472223,1.010952548611111
2024-04-03,6037778.402777778,19779462.21098281,2.870676419513889,1.2907513993055555,3.3209802242708335,1.0210300034722222
2024-04-04,6933401.321180556,20826155.145513806,2.4004092161805555,1.1585738958333334,2.9494503587152776,1.1170418472222223
2024-04-05,6178472.686458333,18386415.03780833,2.368187855659722,1.1666345659722221,2.871932727326389,1.1298809375
2024-04-06,5855615.345138889,17651577.559784934,2.575640464201389,1.189026222222222,3.1328141492361112,1.130364736111111
2024-04-07,5769356.048611111,17962003.826615773,2.61286897125,1.2124615381944444,3.198783494409722,1.0850023055555555
2024-04-08,5778784.866666666,18304531.82705941,2.6399312306250002,1.334484357638889,3.0810164223958334,1.0799600763888888
2024-04-09,5891837.157291667,19372519.223972976,2.5631296508680554,1.3002586909722222,2.8094784388194447,1.0622270590277778
2024-04-10,5313055.999305556,16580364.277534999,2.563157248263889,1.1642706666666667,2.935844457604167,1.1302991597222223
2024-04-11,5171477.058680556,16150743.608877033,2.594715441736111,1.3525718472222221,2.8824575748263888,1.1575550937499999
2024-04-12,4779413.348263889,14211916.758726345,2.6456421945138886,1.4883218055555556,2.8904852752777774,1.0117758715277778
2024-04-13,3799211.4753472228,9794248.473857164,2.411015956423611,1.3372509652777778,2.516386821423611,1.048535517361111
2024-04-14,3749750.2357638893,9197629.58733137,2.0176001108333335,1.2926134756944443,2.071418316354167,1.072833673611111
2024-04-15,2990565.6138888886,7392390.408928941,2.0859354107291668,1.3078432395833335,2.166869735451389,1.0812680243055555
2024-04-16,3143940.059027778,7260127.458864171,2.0505856721875,1.349712,2.1271785448263887,1.0279386527777779
2024-04-17,4748086.369791667,11554030.198982187,1.9084327346180556,1.16540196875,1.9531584638541668,1.0724583854166667
2024-04-18,5739860.378819444,14367263.544209389,1.795167870416667,1.0084522118055554,1.784464119548611,1.05344184375
2024-04-19,4722975.286458333,11717694.875905091,2.1768367734375,0.982303107638889,2.2625051852777776,1.0335408993055557
2024-04-20,4144097.611458333,10580091.535372408,2.1326970022569447,1.1203470486111111,2.1438342523263887,1.0886843958333334
2024-04-21,4274845.420833333,11048089.7462659,2.4433241877083334,1.3284317430555557,2.405579692013889,1.1612104895833335
2024-04-22,4235737.139930556,11093489.714395914,2.4488182159027776,1.3780196249999999,2.4639912997916666,1.0407270381944445
2024-04-23,4128677.635069445,10767607.981245665,2.4822712183680555,1.4239812743055555,2.385816650798611,1.1081660416666665
2024-04-24,4097498.193055555,10552082.95194153,2.5414957696875,1.585030048611111,2.4212422558680555,1.098053767361111
2024-04-25,3970292.120833333,9642161.664961927,2.745283199722222,1.623243517361111,2.593339655729167,1.08371965625
2024-04-26,3949448.5670138886,9470572.011179486,2.8341145185069445,1.6488464513888887,2.694751652847222,1.0435854201388888
2024-04-27,3925272.3229166665,9242126.201330887,2.7159546688194443,1.685385513888889,2.5637034624305555,1.1818887083333331
2024-04-28,3808802.6763888886,9214025.34143154,2.6216086258333333,1.5717064513888888,2.5436299866319443,1.2320082881944443
2024-04-29,7615650.318750001,19600270.846165292,1.9869825179166665,1.150808,1.9519920761458331,1.0462067708333334
2024-04-30,8436799.181597224,20041738.20997037,2.1648865350347224,1.0259713750000001,2.4683309914930556,1.0528452395833332
2024-05-01,7163832.090277778,15544959.256287035,2.121650733784722,0.9887330416666666,2.514881636284722,1.0515782222222223
2024-05-02,6007992.451736111,13931355.919190688,2.0439625849305556,1.0115227743055555,2.352399120590278,0.9999466388888888
2024-05-03,5206347.455208333,12370630.617405478,2.3346324177777777,1.101117829861111,2.509271453263889,1.0940805208333333
2024-05-04,4847789.084722223,11748705.729808763,2.39253012875,1.2188150069444446,2.494709128715278,1.1251302152777778
2024-05-05,4748996.365972223,11434447.81636736,2.528635429756944,1.2908567638888888,2.5184301645833336,1.1226602951388889
2024-05-06,4629141.230902778,11276229.885424836,2.5599763121874997,1.3651860069444444,2.563123330798611,1.0668129756944444
2024-05-07,4567490.220138889,10928141.208760299,2.378387072881944,1.430741513888889,2.434618281354167,1.1281953159722222
2024-05-08,4512367.101736111,10547816.416551378,2.5974385569791667,1.5068365069444445,2.591646189513889,1.0869635173611112
2024-05-09,4593731.745138888,10882284.99160051,2.750273185590278,1.568167746527778,2.6658750678125,1.1710467916666667
2024-05-10,4603335.992013889,10932432.922217246,2.8590053474652777,1.6490325208333332,2.6945488668055555,1.2565175694444446
2024-05-11,4552785.185416667,10497571.508157844,2.839461853576389,1.7161700381944445,2.7724751068055555,1.3655084791666665
2024-05-12,4545562.036458333,10417067.189550828,2.855489693784722,1.670271190972222,2.817666902361111,1.5786564270833334
2024-05-13,4467410.241666666,10139554.076430438,2.8338249567708336,1.6771789166666666,2.7256204393055556,1.1785910416666665
2024-05-14,4448909.548611111,10128518.805293627,2.7323834380555554,1.5915458680555554,2.5781519796875,1.2213748784722223
2024-05-15,5186125.461111111,12438275.398523057,2.0453167402430554,1.1436183541666667,2.059721473125,1.008270486111111
2024-05-16,4392876.729513888,10845797.030430885,2.2023102500694445,1.0583506909722222,2.212751319375,1.1720248784722223
2024-05-17,4117230.1614583335,10211916.037017172,2.3894188802430554,1.191998204861111,2.3201073687847225,1.1457385069444443
2024-05-18,4103894.6555555556,10387327.758004649,2.3731367704166666,1.3374688368055556,2.1371924346527775,1.3538449097222223
2024-05-19,4191877.78125,10374909.901707813,2.5283463981944445,1.4994520208333333,2.2620238060416664,1.358541232638889
2024-05-20,4229942.449652778,10469682.99903592,2.548837934826389,1.6227225833333334,2.3231648129166667,1.1548070520833333
2024-05-21,4750165.610069444,12241201.913631795,2.7048529435763893,1.9256070625000001,2.4431598206944445,1.2646753854166668
2024-05-22,4749495.012847222,11961868.568249803,3.1246942818055556,2.0763606666666665,2.6639619009374997,1.204569357638889
2024-05-23,4746878.553125,11685731.479628842,2.7349534697569444,2.0497551354166665,2.5477852841666664,1.1484573194444445
2024-05-24,4577285.573263888,11081974.29514164,2.8218491900694445,2.0311585486111112,2.6792924619791667,1.2235432847222223
2024-05-25,4602174.451041667,11366188.876091199,2.861585517222222,1.9616156111111112,2.8141852505208336,1.3331592430555554
2024-05-26,4707780.015625,11560696.566986736,2.933583731701389,2.0138714791666668,2.869516851840278,1.2626161666666667
2024-05-27,4975373.493402777,12277586.30534078,2.944048399791667,1.883890777777778,2.908528093125,1.197909138888889
2024-05-28,5072853.052083333,12302813.56585546,2.9306749458680557,1.7449057881944445,3.0232809423958336,1.1566822291666667
2024-05-29,5123270.791666667,12476424.801233057,2.7930140517013893,1.7326147222222223,2.8531563503125,1.2669243090277778
2024-05-30,5084627.133680556,12146526.73526469,2.6841948140625,1.7512119340277779,2.856762722951389,1.219654829861111
2024-05-31,5317203.373611111,12656102.30789096,2.604437613263889,1.7281323229166667,2.8244807278819444,1.1974943055555556
2024-06-01,5305559.971180555,12620654.782117726,2.732209099548611,1.7457673715277777,2.924624245729167,1.8481137638888887
2024-06-02,5251661.907986111,12405008.981679752,2.7551035809722224,1.7538839583333334,3.024282138472222,1.369019
2024-06-03,8998448.02013889,15674345.443254279,2.4017804103819445,1.1299080381944444,2.4314517266319444,1.0548754131944444
2024-06-04,10831146.118402777,16728511.793522812,1.6080438495833334,1.0245065,1.6895347443055555,1.1242582326388888
2024-06-05,10206735.570138888,15523322.909578124,1.8689454149652778,1.0142923541666666,2.0199584536111113,1.1237149930555554
2024-06-06,10057781.373958332,14482421.095402872,1.793203317986111,1.0414325520833332,1.8447362361805557,1.094544326388889
2024-06-07,8670007.371180557,11978456.315603552,1.4575901698958333,0.9863656111111112,1.6087490891319445,1.1421419375
2024-06-08,7404293.631597223,9778639.14641483,1.4714491593402779,0.9618760277777777,1.64109989875,1.1240436284722222
2024-06-09,7734538.038541666,10451638.887450067,1.5894782841319444,0.9785823090277778,1.8629613409375,1.1812857951388889
2024-06-10,6764443.159375001,8957858.854396861,1.7152097605208334,0.9510789791666667,1.9899068441319443,1.1265154027777777
2024-06-11,5195572.934545455,6707531.683608,1.8418200310000001,0.9720805871559632,2.1966354046363636,1.0321555545454546
2024-06-12,0.0,0.0,,,,
2024-06-13,0.0,0.0,1.54545455,,,
2024-06-14,0.0,0.0,,,,
2024-06-15,0.0,0.0,1.5,,,
2024-06-16,0.0,0.0,1.45454545,,,
2024-06-17,0.0,0.0,,,,
2024-06-18,0.0,0.0,1.5,,,
2024-06-19,0.0,0.0,1.61904762,,,
2024-06-20,0.0,0.0,1.54545455,,,
2024-06-21,0.0,0.0,1.57142857,,,
2024-06-22,0.0,0.0,1.54545455,,,
2024-06-23,0.0,0.0,,,,
2024-06-24,0.0,0.0,1.47826087,,,
2024-06-25,0.0,0.0,,,,
2024-07-09,0.0,0.0,,,,
2024-07-10,0.0,0.0,,,,
2024-07-11,0.0,0.0,,,,
2024-07-12,0.0,0.0,,,,
2024-07-13,0.0,0.0,,,,
2024-07-14,0.0,0.0,,,,
2024-07-15,0.0,0.0,,,,
